id,subject_type,subject_id,predicate,value,source_id,evidence_status,extracted_by,extractor_run_id,reviewed_by,reviewed_at,valid_from,valid_to,notes
asrt_07227453704c923a,deployment,dep_002,started_year,2023,src_72a68084f5f1f2f3,independently_evidenced,ai_assisted_research,batch_001_source_review_2026_07_30,kaykluz,2026-07-30,,,Human reviewed in Batch 001. Legacy ID: DEP-002. Source locator and limits: AFD states that programme support for the AEDC–BPS partnership began in 2023.
asrt_07845759e110e814,deployment,dep_003,country_iso2,NG,src_91c1fac8b3e57eb7,public_source,ai_assisted_research,batch_001_source_review_2026_07_30,kaykluz,2026-07-30,,,"Human reviewed in Batch 001. Legacy ID: DEP-003. Source locator and limits: Digital Energy states that PAM-AI created demand-side-response programmes for KEDCO in Nigeria and labels the 2025 project a scale-up with active deployments. This is programme evidence, not customer confirmation."
asrt_08ef007c6c4a2234,organisation,org_001,description,"Distribution utility digitisation, grid mapping, customer and asset systems",src_3cbec379ee14aa70,independently_evidenced,ai_assisted_research,batch_001_source_review_2026_07_30,kaykluz,2026-07-30,,,Human reviewed in Batch 001. Legacy ID: ORG-001. Source locator and limits: The report identifies BPS as an African energy-technology start-up operating in Nigeria and describes its grid-management software. The single-country headquarters field remains unresolved.
asrt_0a6dca967b74a800,organisation,org_003,country_of_origin,NG,src_b0a509af628fb050,independently_evidenced,ai_assisted_research,batch_001_source_review_2026_07_30,kaykluz,2026-07-30,,,Human reviewed in Batch 001. Legacy ID: ORG-003. Source locator and limits: Independent editorial profile identifies PowerLabs as a Lagos-based energy and climate-tech startup founded in Nigeria and describes its orchestration focus.
asrt_0bb77ef92e9708c3,product,prod_001,lifecycle_status,active,src_3cbec379ee14aa70,independently_evidenced,ai_assisted_research,batch_001_source_review_2026_07_30,kaykluz,2026-07-30,,,Human reviewed in Batch 001. Legacy ID: PROD-001. Source locator and limits: Proparco names CAIMS as BPS’s field-mapping and digital-twin building block and documents its current use in Abuja.
asrt_0d09d9d1b2701639,deployment,dep_001,product_id,prod_001,src_3cbec379ee14aa70,independently_evidenced,ai_assisted_research,batch_001_source_review_2026_07_30,kaykluz,2026-07-30,,,"Human reviewed in Batch 001. Legacy ID: DEP-001. Source locator and limits: Proparco’s Abuja report names CAIMS, BPS and AEDC and describes the live field-mapping/digital-twin implementation. Includes comment from AEDC’s Director of Regulation and Efficiency."
asrt_180dc26ba963b405,product,prod_005,description,"Energy monitoring, analytics, sizing optimisation, anomaly detection and multi-source orchestration",src_8d5a439422f50474,provider_claim_only,ai_assisted_research,batch_001_source_review_2026_07_30,kaykluz,2026-07-30,,,Human reviewed in Batch 001. Legacy ID: PROD-005. Source locator and limits: Provider page supports current product functions and contact-sales access.
asrt_1aaa9a19e288823a,organisation,org_003,origin_classification,africa_built,src_b0a509af628fb050,independently_evidenced,ai_assisted_research,batch_001_source_review_2026_07_30,kaykluz,2026-07-30,,,Human reviewed in Batch 001. Legacy ID: ORG-003. Source locator and limits: Independent editorial profile identifies PowerLabs as a Lagos-based energy and climate-tech startup founded in Nigeria and describes its orchestration focus.
asrt_1bfadeaf008f8b40,deployment,dep_003,location_precision,country,src_91c1fac8b3e57eb7,public_source,ai_assisted_research,batch_001_source_review_2026_07_30,kaykluz,2026-07-30,,,"Human reviewed in Batch 001. Reviewed amendment applied. Legacy ID: DEP-003. Source locator and limits: Digital Energy states that PAM-AI created demand-side-response programmes for KEDCO in Nigeria and labels the 2025 project a scale-up with active deployments. This is programme evidence, not customer confirmation."
asrt_1d529a17d6b67d99,organisation,org_001,website,https://beaconpowerservices.com/,src_792d6f5e54ae6a49,provider_claim_only,ai_assisted_research,batch_001_source_review_2026_07_30,kaykluz,2026-07-30,,,Human reviewed in Batch 001. Legacy ID: ORG-001. Source locator and limits: Canonical provider website only.
asrt_1df6fc6ce8f98ee9,product,prod_005,launched_year,2025,src_b0a509af628fb050,independently_evidenced,ai_assisted_research,batch_001_source_review_2026_07_30,kaykluz,2026-07-30,,,"Human reviewed in Batch 001. Legacy ID: PROD-005. Source locator and limits: Independent article names Pai Enterprise, describes the hybrid energy orchestration layer and reports a June 2025 launch."
asrt_1eb7316e70097b01,organisation,org_001,country_of_origin,NG,src_3cbec379ee14aa70,independently_evidenced,ai_assisted_research,batch_001_source_review_2026_07_30,kaykluz,2026-07-30,,,Human reviewed in Batch 001. Legacy ID: ORG-001. Source locator and limits: The report identifies BPS as an African energy-technology start-up operating in Nigeria and describes its grid-management software. The single-country headquarters field remains unresolved.
asrt_246a7c5ed464a001,deployment,dep_003,product_id,prod_004,src_91c1fac8b3e57eb7,public_source,ai_assisted_research,batch_001_source_review_2026_07_30,kaykluz,2026-07-30,,,"Human reviewed in Batch 001. Reviewed amendment applied. Legacy ID: DEP-003. Source locator and limits: Digital Energy states that PAM-AI created demand-side-response programmes for KEDCO in Nigeria and labels the 2025 project a scale-up with active deployments. This is programme evidence, not customer confirmation."
asrt_377ef583561a6506,product,prod_003,lifecycle_status,active,src_3cbec379ee14aa70,independently_evidenced,ai_assisted_research,batch_001_source_review_2026_07_30,kaykluz,2026-07-30,,,"Human reviewed in Batch 001. Legacy ID: PROD-003. Source locator and limits: Proparco names Xepp and describes consumption tracking, transactions and renewable-energy offers."
asrt_3a633cb1d805690f,product,prod_004,organisation_id,org_002,src_91c1fac8b3e57eb7,public_source,ai_assisted_research,batch_001_source_review_2026_07_30,kaykluz,2026-07-30,,,"Human reviewed in Batch 001. Reviewed amendment applied. Legacy ID: PROD-004. Source locator and limits: Official programme profile names PAM-AI, documents functions and labels the project a scale-up with active deployments."
asrt_3c7c23b9a323ef7f,deployment,dep_001,location_precision,utility_territory,src_3cbec379ee14aa70,independently_evidenced,ai_assisted_research,batch_001_source_review_2026_07_30,kaykluz,2026-07-30,,,"Human reviewed in Batch 001. Legacy ID: DEP-001. Source locator and limits: Proparco’s Abuja report names CAIMS, BPS and AEDC and describes the live field-mapping/digital-twin implementation. Includes comment from AEDC’s Director of Regulation and Efficiency."
asrt_3e5924c01f8e14e7,product,prod_001,description,Customer and asset information; network surveys; connections; digital twin,src_7b2b4beeeea7e093,provider_claim_only,ai_assisted_research,batch_001_source_review_2026_07_30,kaykluz,2026-07-30,,,Human reviewed in Batch 001. Legacy ID: PROD-001. Source locator and limits: Provider product page supports detailed functions and request-a-demo access; no provider outcome claims are imported.
asrt_3eddf67c86bc0c5e,product,prod_004,primary_category_id,cat_paygo_minigrid_operations,src_91c1fac8b3e57eb7,public_source,ai_assisted_research,batch_001_source_review_2026_07_30,kaykluz,2026-07-30,,,"Human reviewed in Batch 001. Reviewed amendment applied. Legacy ID: PROD-004. Source locator and limits: Official programme profile names PAM-AI, documents functions and labels the project a scale-up with active deployments."
asrt_3f14c9237e037d62,organisation,org_003,lifecycle_status,active,src_b0a509af628fb050,independently_evidenced,ai_assisted_research,batch_001_source_review_2026_07_30,kaykluz,2026-07-30,,,Human reviewed in Batch 001. Legacy ID: ORG-003. Source locator and limits: Independent editorial profile identifies PowerLabs as a Lagos-based energy and climate-tech startup founded in Nigeria and describes its orchestration focus.
asrt_3f6071b75d3bdf56,product,prod_004,name,PAM-AI,src_91c1fac8b3e57eb7,public_source,ai_assisted_research,batch_001_source_review_2026_07_30,kaykluz,2026-07-30,,,"Human reviewed in Batch 001. Reviewed amendment applied. Legacy ID: PROD-004. Source locator and limits: Official programme profile names PAM-AI, documents functions and labels the project a scale-up with active deployments."
asrt_4520e223eb8ef3e1,organisation,org_002,origin_classification,africa_built,src_91c1fac8b3e57eb7,public_source,ai_assisted_research,batch_001_source_review_2026_07_30,kaykluz,2026-07-30,,,"Human reviewed in Batch 001. Reviewed amendment applied. Legacy ID: ORG-002. Source locator and limits: Official programme profile identifies PAM Africa, Nigeria and active scale-up activity, and links the provider website. Headquarters is withheld because the provider lists both Lagos and London locations."
asrt_486a07454e573806,deployment,dep_003,started_year,2025,src_91c1fac8b3e57eb7,public_source,ai_assisted_research,batch_001_source_review_2026_07_30,kaykluz,2026-07-30,,,"Human reviewed in Batch 001. Reviewed amendment applied. Legacy ID: DEP-003. Source locator and limits: Digital Energy states that PAM-AI created demand-side-response programmes for KEDCO in Nigeria and labels the 2025 project a scale-up with active deployments. This is programme evidence, not customer confirmation."
asrt_48da5ea052848a18,organisation,org_002,country_of_origin,NG,src_91c1fac8b3e57eb7,public_source,ai_assisted_research,batch_001_source_review_2026_07_30,kaykluz,2026-07-30,,,"Human reviewed in Batch 001. Reviewed amendment applied. Legacy ID: ORG-002. Source locator and limits: Official programme profile identifies PAM Africa, Nigeria and active scale-up activity, and links the provider website. Headquarters is withheld because the provider lists both Lagos and London locations."
asrt_49ca9eec2c030beb,organisation,org_002,website,https://www.pamafrica.com/,src_91c1fac8b3e57eb7,public_source,ai_assisted_research,batch_001_source_review_2026_07_30,kaykluz,2026-07-30,,,"Human reviewed in Batch 001. Reviewed amendment applied. Legacy ID: ORG-002. Source locator and limits: Official programme profile identifies PAM Africa, Nigeria and active scale-up activity, and links the provider website. Headquarters is withheld because the provider lists both Lagos and London locations."
asrt_50984f1b311a4ff1,product,prod_005,access_model,commercial_service,src_8d5a439422f50474,provider_claim_only,ai_assisted_research,batch_001_source_review_2026_07_30,kaykluz,2026-07-30,,,Human reviewed in Batch 001. Legacy ID: PROD-005. Source locator and limits: Provider page supports current product functions and contact-sales access.
asrt_52b83b25eb3a8b85,organisation,org_002,lifecycle_status,active,src_91c1fac8b3e57eb7,public_source,ai_assisted_research,batch_001_source_review_2026_07_30,kaykluz,2026-07-30,,,"Human reviewed in Batch 001. Reviewed amendment applied. Legacy ID: ORG-002. Source locator and limits: Official programme profile identifies PAM Africa, Nigeria and active scale-up activity, and links the provider website. Headquarters is withheld because the provider lists both Lagos and London locations."
asrt_54b47c7795a4296a,deployment,dep_001,subnational_area,Abuja distribution area,src_3cbec379ee14aa70,independently_evidenced,ai_assisted_research,batch_001_source_review_2026_07_30,kaykluz,2026-07-30,,,"Human reviewed in Batch 001. Legacy ID: DEP-001. Source locator and limits: Proparco’s Abuja report names CAIMS, BPS and AEDC and describes the live field-mapping/digital-twin implementation. Includes comment from AEDC’s Director of Regulation and Efficiency."
asrt_561d58a0d9a7fb6a,product,prod_005,website,https://www.powerlabstech.com/pai-enterprise/software,src_8d5a439422f50474,provider_claim_only,ai_assisted_research,batch_001_source_review_2026_07_30,kaykluz,2026-07-30,,,Human reviewed in Batch 001. Legacy ID: PROD-005. Source locator and limits: Provider page supports current product functions and contact-sales access.
asrt_591217630dc7caac,deployment,dep_004,started_year,2025,src_91c1fac8b3e57eb7,public_source,ai_assisted_research,batch_001_source_review_2026_07_30,kaykluz,2026-07-30,,,Human reviewed in Batch 001. Reviewed amendment applied. Legacy ID: DEP-004. Source locator and limits: Digital Energy states that PAM-AI is implemented by four unnamed mini-grid developers in Nigeria. The record remains country-level and the customers remain undisclosed.
asrt_5aeac7ec9fc81232,product,prod_003,description,Consumption insights; payments; customer engagement; distributed solar offers,src_b2ee9354fd0f5ade,provider_claim_only,ai_assisted_research,batch_001_source_review_2026_07_30,kaykluz,2026-07-30,,,Human reviewed in Batch 001. Legacy ID: PROD-003. Source locator and limits: Provider product page supports detailed functions and states the app is free to download and use.
asrt_5bc6c6f57ed96311,product,prod_005,organisation_id,org_003,src_b0a509af628fb050,independently_evidenced,ai_assisted_research,batch_001_source_review_2026_07_30,kaykluz,2026-07-30,,,"Human reviewed in Batch 001. Legacy ID: PROD-005. Source locator and limits: Independent article names Pai Enterprise, describes the hybrid energy orchestration layer and reports a June 2025 launch."
asrt_5f5c4f09c6318a89,organisation,org_001,origin_classification,africa_built,src_3cbec379ee14aa70,independently_evidenced,ai_assisted_research,batch_001_source_review_2026_07_30,kaykluz,2026-07-30,,,Human reviewed in Batch 001. Legacy ID: ORG-001. Source locator and limits: The report identifies BPS as an African energy-technology start-up operating in Nigeria and describes its grid-management software. The single-country headquarters field remains unresolved.
asrt_6438f8d1cb7677a5,organisation,org_003,organisation_type,energy_software_start_up,src_b0a509af628fb050,independently_evidenced,ai_assisted_research,batch_001_source_review_2026_07_30,kaykluz,2026-07-30,,,Human reviewed in Batch 001. Legacy ID: ORG-003. Source locator and limits: Independent editorial profile identifies PowerLabs as a Lagos-based energy and climate-tech startup founded in Nigeria and describes its orchestration focus.
asrt_6b08172aaf164605,deployment,dep_001,lifecycle_status,active,src_3cbec379ee14aa70,independently_evidenced,ai_assisted_research,batch_001_source_review_2026_07_30,kaykluz,2026-07-30,,,"Human reviewed in Batch 001. Legacy ID: DEP-001. Source locator and limits: Proparco’s Abuja report names CAIMS, BPS and AEDC and describes the live field-mapping/digital-twin implementation. Includes comment from AEDC’s Director of Regulation and Efficiency."
asrt_734c371921a1891e,product,prod_001,access_model,commercial_proprietary,src_7b2b4beeeea7e093,provider_claim_only,ai_assisted_research,batch_001_source_review_2026_07_30,kaykluz,2026-07-30,,,Human reviewed in Batch 001. Legacy ID: PROD-001. Source locator and limits: Provider product page supports detailed functions and request-a-demo access; no provider outcome claims are imported.
asrt_737af1c9ed28c010,organisation,org_003,description,"Energy intelligence software and hardware for orchestrating grid, solar, batteries and generators",src_b0a509af628fb050,independently_evidenced,ai_assisted_research,batch_001_source_review_2026_07_30,kaykluz,2026-07-30,,,Human reviewed in Batch 001. Legacy ID: ORG-003. Source locator and limits: Independent editorial profile identifies PowerLabs as a Lagos-based energy and climate-tech startup founded in Nigeria and describes its orchestration focus.
asrt_75538177c6808dea,product,prod_003,website,https://www.beaconpowerservices.com/en/solutions/xepp,src_b2ee9354fd0f5ade,provider_claim_only,ai_assisted_research,batch_001_source_review_2026_07_30,kaykluz,2026-07-30,,,Human reviewed in Batch 001. Legacy ID: PROD-003. Source locator and limits: Provider product page supports detailed functions and states the app is free to download and use.
asrt_7902bf89d0a7d4d0,deployment,dep_002,customer_name,Abuja Electricity Distribution Company (AEDC),src_3cbec379ee14aa70,independently_evidenced,ai_assisted_research,batch_001_source_review_2026_07_30,kaykluz,2026-07-30,,,"Human reviewed in Batch 001. Legacy ID: DEP-002. Source locator and limits: Proparco’s Abuja report names Adora, BPS and AEDC and describes the deployed product range. Includes comment from AEDC’s Director of Regulation and Efficiency."
asrt_7d2a8ad1923459ab,product,prod_002,primary_category_id,cat_distribution_utility_operations,src_3cbec379ee14aa70,independently_evidenced,ai_assisted_research,batch_001_source_review_2026_07_30,kaykluz,2026-07-30,,,"Human reviewed in Batch 001. Legacy ID: PROD-002. Source locator and limits: Proparco names Adora as a BPS product and describes billing, outage management and predictive-maintenance functions in the Abuja deployment."
asrt_7d3d6c1623d92b9e,organisation,org_002,organisation_type,energy_software_start_up,src_91c1fac8b3e57eb7,public_source,ai_assisted_research,batch_001_source_review_2026_07_30,kaykluz,2026-07-30,,,"Human reviewed in Batch 001. Reviewed amendment applied. Legacy ID: ORG-002. Source locator and limits: Official programme profile identifies PAM Africa, Nigeria and active scale-up activity, and links the provider website. Headquarters is withheld because the provider lists both Lagos and London locations."
asrt_7dcde3441f1567af,deployment,dep_002,subnational_area,Abuja distribution area,src_3cbec379ee14aa70,independently_evidenced,ai_assisted_research,batch_001_source_review_2026_07_30,kaykluz,2026-07-30,,,"Human reviewed in Batch 001. Legacy ID: DEP-002. Source locator and limits: Proparco’s Abuja report names Adora, BPS and AEDC and describes the deployed product range. Includes comment from AEDC’s Director of Regulation and Efficiency."
asrt_803077b350326f82,organisation,org_001,name,Beacon Power Services,src_3cbec379ee14aa70,independently_evidenced,ai_assisted_research,batch_001_source_review_2026_07_30,kaykluz,2026-07-30,,,Human reviewed in Batch 001. Legacy ID: ORG-001. Source locator and limits: The report identifies BPS as an African energy-technology start-up operating in Nigeria and describes its grid-management software. The single-country headquarters field remains unresolved.
asrt_8137c87ef55849aa,product,prod_003,name,Xepp,src_3cbec379ee14aa70,independently_evidenced,ai_assisted_research,batch_001_source_review_2026_07_30,kaykluz,2026-07-30,,,"Human reviewed in Batch 001. Legacy ID: PROD-003. Source locator and limits: Proparco names Xepp and describes consumption tracking, transactions and renewable-energy offers."
asrt_814133975224f4ab,product,prod_004,lifecycle_status,active,src_91c1fac8b3e57eb7,public_source,ai_assisted_research,batch_001_source_review_2026_07_30,kaykluz,2026-07-30,,,"Human reviewed in Batch 001. Reviewed amendment applied. Legacy ID: PROD-004. Source locator and limits: Official programme profile names PAM-AI, documents functions and labels the project a scale-up with active deployments."
asrt_837f43de9daa7735,deployment,dep_002,lifecycle_status,active,src_3cbec379ee14aa70,independently_evidenced,ai_assisted_research,batch_001_source_review_2026_07_30,kaykluz,2026-07-30,,,"Human reviewed in Batch 001. Legacy ID: DEP-002. Source locator and limits: Proparco’s Abuja report names Adora, BPS and AEDC and describes the deployed product range. Includes comment from AEDC’s Director of Regulation and Efficiency."
asrt_86015a5555153bbc,product,prod_002,website,https://beaconpowerservices.com/en/solutions/adora,src_91c77faf0f6640eb,provider_claim_only,ai_assisted_research,batch_001_source_review_2026_07_30,kaykluz,2026-07-30,,,Human reviewed in Batch 001. Legacy ID: PROD-002. Source locator and limits: Provider product page supports detailed functions and request-a-demo access; performance claims are excluded.
asrt_89fd8f9d46a94920,deployment,dep_002,location_precision,utility_territory,src_3cbec379ee14aa70,independently_evidenced,ai_assisted_research,batch_001_source_review_2026_07_30,kaykluz,2026-07-30,,,"Human reviewed in Batch 001. Legacy ID: DEP-002. Source locator and limits: Proparco’s Abuja report names Adora, BPS and AEDC and describes the deployed product range. Includes comment from AEDC’s Director of Regulation and Efficiency."
asrt_8d7e2824c6c17d79,deployment,dep_002,product_id,prod_002,src_3cbec379ee14aa70,independently_evidenced,ai_assisted_research,batch_001_source_review_2026_07_30,kaykluz,2026-07-30,,,"Human reviewed in Batch 001. Legacy ID: DEP-002. Source locator and limits: Proparco’s Abuja report names Adora, BPS and AEDC and describes the deployed product range. Includes comment from AEDC’s Director of Regulation and Efficiency."
asrt_8f8054fd2fcc0c93,deployment,dep_004,lifecycle_status,active,src_91c1fac8b3e57eb7,public_source,ai_assisted_research,batch_001_source_review_2026_07_30,kaykluz,2026-07-30,,,Human reviewed in Batch 001. Reviewed amendment applied. Legacy ID: DEP-004. Source locator and limits: Digital Energy states that PAM-AI is implemented by four unnamed mini-grid developers in Nigeria. The record remains country-level and the customers remain undisclosed.
asrt_8fc4f469e6df55e8,product,prod_005,primary_category_id,cat_ci_behind_meter,src_b0a509af628fb050,independently_evidenced,ai_assisted_research,batch_001_source_review_2026_07_30,kaykluz,2026-07-30,,,"Human reviewed in Batch 001. Legacy ID: PROD-005. Source locator and limits: Independent article names Pai Enterprise, describes the hybrid energy orchestration layer and reports a June 2025 launch."
asrt_904a5e38dcaf4c1c,product,prod_001,name,CAIMS,src_3cbec379ee14aa70,independently_evidenced,ai_assisted_research,batch_001_source_review_2026_07_30,kaykluz,2026-07-30,,,Human reviewed in Batch 001. Legacy ID: PROD-001. Source locator and limits: Proparco names CAIMS as BPS’s field-mapping and digital-twin building block and documents its current use in Abuja.
asrt_90c9d62a102715aa,organisation,org_002,description,"Mini-grid optimisation, smart metering, payments and demand response",src_91c1fac8b3e57eb7,public_source,ai_assisted_research,batch_001_source_review_2026_07_30,kaykluz,2026-07-30,,,"Human reviewed in Batch 001. Reviewed amendment applied. Legacy ID: ORG-002. Source locator and limits: Official programme profile identifies PAM Africa, Nigeria and active scale-up activity, and links the provider website. Headquarters is withheld because the provider lists both Lagos and London locations."
asrt_9216a583507670a3,organisation,org_001,lifecycle_status,active,src_3cbec379ee14aa70,independently_evidenced,ai_assisted_research,batch_001_source_review_2026_07_30,kaykluz,2026-07-30,,,Human reviewed in Batch 001. Legacy ID: ORG-001. Source locator and limits: The report identifies BPS as an African energy-technology start-up operating in Nigeria and describes its grid-management software. The single-country headquarters field remains unresolved.
asrt_9572ca21d4a3c388,product,prod_005,lifecycle_status,active,src_b0a509af628fb050,independently_evidenced,ai_assisted_research,batch_001_source_review_2026_07_30,kaykluz,2026-07-30,,,"Human reviewed in Batch 001. Legacy ID: PROD-005. Source locator and limits: Independent article names Pai Enterprise, describes the hybrid energy orchestration layer and reports a June 2025 launch."
asrt_9761b29fae870f66,deployment,dep_003,customer_name,Kano Electricity Distribution Company (KEDCO),src_91c1fac8b3e57eb7,public_source,ai_assisted_research,batch_001_source_review_2026_07_30,kaykluz,2026-07-30,,,"Human reviewed in Batch 001. Reviewed amendment applied. Legacy ID: DEP-003. Source locator and limits: Digital Energy states that PAM-AI created demand-side-response programmes for KEDCO in Nigeria and labels the 2025 project a scale-up with active deployments. This is programme evidence, not customer confirmation."
asrt_97ded978e99d5f39,deployment,dep_001,country_iso2,NG,src_3cbec379ee14aa70,independently_evidenced,ai_assisted_research,batch_001_source_review_2026_07_30,kaykluz,2026-07-30,,,"Human reviewed in Batch 001. Legacy ID: DEP-001. Source locator and limits: Proparco’s Abuja report names CAIMS, BPS and AEDC and describes the live field-mapping/digital-twin implementation. Includes comment from AEDC’s Director of Regulation and Efficiency."
asrt_991034d06a254b2d,deployment,dep_001,customer_disclosure,named,src_3cbec379ee14aa70,independently_evidenced,ai_assisted_research,batch_001_source_review_2026_07_30,kaykluz,2026-07-30,,,"Human reviewed in Batch 001. Legacy ID: DEP-001. Source locator and limits: Proparco’s Abuja report names CAIMS, BPS and AEDC and describes the live field-mapping/digital-twin implementation. Includes comment from AEDC’s Director of Regulation and Efficiency."
asrt_9ee29eba13999ef4,deployment,dep_004,product_id,prod_004,src_91c1fac8b3e57eb7,public_source,ai_assisted_research,batch_001_source_review_2026_07_30,kaykluz,2026-07-30,,,Human reviewed in Batch 001. Reviewed amendment applied. Legacy ID: DEP-004. Source locator and limits: Digital Energy states that PAM-AI is implemented by four unnamed mini-grid developers in Nigeria. The record remains country-level and the customers remain undisclosed.
asrt_a3d4833576863865,organisation,org_003,headquarters_country,NG,src_b0a509af628fb050,independently_evidenced,ai_assisted_research,batch_001_source_review_2026_07_30,kaykluz,2026-07-30,,,Human reviewed in Batch 001. Legacy ID: ORG-003. Source locator and limits: Independent editorial profile identifies PowerLabs as a Lagos-based energy and climate-tech startup founded in Nigeria and describes its orchestration focus.
asrt_a8deaf1852841b9a,product,prod_002,description,Grid operations; outage and loss analytics; field work; commercial operations,src_91c77faf0f6640eb,provider_claim_only,ai_assisted_research,batch_001_source_review_2026_07_30,kaykluz,2026-07-30,,,Human reviewed in Batch 001. Legacy ID: PROD-002. Source locator and limits: Provider product page supports detailed functions and request-a-demo access; performance claims are excluded.
asrt_aa800388137a70f4,organisation,org_003,name,PowerLabs,src_b0a509af628fb050,independently_evidenced,ai_assisted_research,batch_001_source_review_2026_07_30,kaykluz,2026-07-30,,,Human reviewed in Batch 001. Legacy ID: ORG-003. Source locator and limits: Independent editorial profile identifies PowerLabs as a Lagos-based energy and climate-tech startup founded in Nigeria and describes its orchestration focus.
asrt_b234d765197e1baa,product,prod_001,website,https://beaconpowerservices.com/en/solutions/caims,src_7b2b4beeeea7e093,provider_claim_only,ai_assisted_research,batch_001_source_review_2026_07_30,kaykluz,2026-07-30,,,Human reviewed in Batch 001. Legacy ID: PROD-001. Source locator and limits: Provider product page supports detailed functions and request-a-demo access; no provider outcome claims are imported.
asrt_b2918c6d20e9d8f1,product,prod_005,name,Pai Enterprise,src_b0a509af628fb050,independently_evidenced,ai_assisted_research,batch_001_source_review_2026_07_30,kaykluz,2026-07-30,,,"Human reviewed in Batch 001. Legacy ID: PROD-005. Source locator and limits: Independent article names Pai Enterprise, describes the hybrid energy orchestration layer and reports a June 2025 launch."
asrt_b4449c5ffd3ba5a5,product,prod_002,access_model,commercial_proprietary,src_91c77faf0f6640eb,provider_claim_only,ai_assisted_research,batch_001_source_review_2026_07_30,kaykluz,2026-07-30,,,Human reviewed in Batch 001. Legacy ID: PROD-002. Source locator and limits: Provider product page supports detailed functions and request-a-demo access; performance claims are excluded.
asrt_b6a1da022fa625bc,product,prod_004,website,https://www.pamafrica.com/,src_91c1fac8b3e57eb7,public_source,ai_assisted_research,batch_001_source_review_2026_07_30,kaykluz,2026-07-30,,,"Human reviewed in Batch 001. Reviewed amendment applied. Legacy ID: PROD-004. Source locator and limits: Official programme profile names PAM-AI, documents functions and labels the project a scale-up with active deployments."
asrt_bc5c9b4a4c470667,organisation,org_002,name,PAM Africa,src_91c1fac8b3e57eb7,public_source,ai_assisted_research,batch_001_source_review_2026_07_30,kaykluz,2026-07-30,,,"Human reviewed in Batch 001. Reviewed amendment applied. Legacy ID: ORG-002. Source locator and limits: Official programme profile identifies PAM Africa, Nigeria and active scale-up activity, and links the provider website. Headquarters is withheld because the provider lists both Lagos and London locations."
asrt_bc7add211b0949ce,organisation,org_003,website,https://powerlabstech.com/,src_8d5a439422f50474,provider_claim_only,ai_assisted_research,batch_001_source_review_2026_07_30,kaykluz,2026-07-30,,,Human reviewed in Batch 001. Legacy ID: ORG-003. Source locator and limits: Current provider domain and product page.
asrt_bulk_003b9570b263b2c7,product,prod_ad4f1a22ff85d12b,lifecycle_status,active,src_705592f873593725,provider_claim_only,ai_assisted_research,batch_001_release_013,kaykluz,2026-08-02,,,Human reviewed. Source locator: Opening paragraph and complete energy trading platform feature list; contact block gives the Cape Town address.
asrt_bulk_00af5c1efcbe355f,product,prod_5d86400ebf4fde2e,website,https://www.esmap.org/global-electrification-platform-gep,src_a6c915fb6879f499,public_source,ai_assisted_research,batch_001_release_010,kaykluz,2026-08-02,,,Human reviewed. Source locator: Paragraph beginning 'The GEP Explorer is complemented' identifies the GEP Toolbox as the input-data component.
asrt_bulk_00d1805207b56a25,deployment,dep_a7c8d5b7c82274d7,customer_name,City of Cape Town Electricity Service Department,src_02027067a2b6f47d,provider_claim_only,ai_assisted_research,batch_001_release_002,kaykluz,2026-08-02,,,"Human reviewed. Source locator: Paragraphs dated April 19, 2012 stating successful go-live, remote meter reads, MDUS integration and continuous exchange with SAP for Utilities."
asrt_bulk_01685fdddf97710f,product,prod_5c44515448aa55ab,website,https://steama.co/products,src_3fed97da9ebf5a38,provider_claim_only,ai_assisted_research,batch_001_release_003,kaykluz,2026-08-02,,,"Human reviewed. Source locator: SteamaCo Product Suite, 'ThunderBolt' field-force app product block."
asrt_bulk_01694c17ab20638d,product,prod_c65e8228650434e7,primary_category_id,cat_finance_procurement_underwriting,src_c884b377e1fc531b,public_source,ai_assisted_research,batch_001_release_007,kaykluz,2026-08-02,,,Human reviewed. Source locator: IMPACCT Framework finance paragraph names FINPLAN for evaluating financial viability of utility-scale projects.
asrt_bulk_0184ab2930a42f3e,product,prod_835fa410d7e3dba0,organisation_id,org_14ddaae613b81fe5,src_4acfd42725b98b4e,provider_claim_only,ai_assisted_research,batch_001_release_004,kaykluz,2026-08-02,,,"Human reviewed. Source locator: About this app section describes live charging discovery, availability, remote start/stop and payments; developer address is in Rabat, Morocco."
asrt_bulk_01b86c00a6b08a2b,organisation,org_c60ee59766bb7296,website,https://plentify.io/,src_d4d68c56788ce4d7,customer_confirmed,ai_assisted_research,batch_001_release_008,kaykluz,2026-08-02,,,"Human reviewed. Source locator: Project at a Glance, Solution and How It Works sections name eThekwini, Plentify HEMS, virtual-power-plant functions and the early-pilot status."
asrt_bulk_01bf393eb63e3111,product,prod_7a974ed97072233c,organisation_id,org_99b1e294a6715f25,src_19cbb51c9737fa08,provider_claim_only,ai_assisted_research,batch_001_release_011,kaykluz,2026-08-02,,,Human reviewed. Source locator: Launch Platform > NetFin product entry.
asrt_bulk_01cb3b9560d539d3,product,prod_7a974ed97072233c,access_model,commercial,src_19cbb51c9737fa08,provider_claim_only,ai_assisted_research,batch_001_release_011,kaykluz,2026-08-02,,,Human reviewed. Source locator: Launch Platform > NetFin product entry.
asrt_bulk_01cbc5f221fed549,product,prod_7a974ed97072233c,name,NetFin,src_19cbb51c9737fa08,provider_claim_only,ai_assisted_research,batch_001_release_011,kaykluz,2026-08-02,,,Human reviewed. Source locator: Launch Platform > NetFin product entry.
asrt_bulk_026e7e5625720e86,product,prod_4862d10385138cf5,open_source_url,https://github.com/d-rec/drec-origin,src_4b7adae0776349b3,provider_claim_only,ai_assisted_research,batch_001_release_001,kaykluz,2026-08-02,,,"Human reviewed. Source locator: Key Features sections describe generation validation, device management, certificate tokens and eligible mini-grid and solar-home-system devices."
asrt_bulk_0293b34bbe5227e8,organisation,org_3684c370a0486cf0,country_of_origin,BF,src_05e838c776926403,independently_evidenced,ai_assisted_research,batch_001_release_008,kaykluz,2026-08-02,,,"Human reviewed. Source locator: Project heading and summary identify SolarFlow, Burkina Faso and its monitoring, automation and optimisation functions."
asrt_bulk_0345acba39abaadc,product,prod_7a974ed97072233c,lifecycle_status,active,src_19cbb51c9737fa08,provider_claim_only,ai_assisted_research,batch_001_release_011,kaykluz,2026-08-02,,,Human reviewed. Source locator: Launch Platform > NetFin product entry.
asrt_bulk_03646fd0d00ee190,organisation,org_4ac6c37b6348829f,origin_classification,africa_built,src_75449c38606a534e,independently_evidenced,ai_assisted_research,batch_001_release_008,kaykluz,2026-08-02,,,"Human reviewed. Source locator: Project description and Key milestones sections identify the Kenya-based SaaS platform, functions and pilot integrations."
asrt_bulk_03836937e4cfcf87,organisation,org_d48d027ab1a1011c,origin_classification,africa_built,src_8055fc93905afd67,provider_claim_only,ai_assisted_research,batch_001_release_012,kaykluz,2026-08-02,,,Human reviewed. Source locator: Our Solutions / Energypro Marketplace section describes renewable-electricity sourcing and the page identifies South African wheeling operations.
asrt_bulk_03a2ad8824bf4509,product,prod_d52c504a42c601a3,sector_id,sector_generation_storage,src_a9aeffadb63a1fef,provider_claim_only,ai_assisted_research,batch_001_release_006,kaykluz,2026-08-02,,,"Human reviewed. Source locator: Opening paragraph states that OSeMOSYS has been used for African Power Pools and other continental, country and village models."
asrt_bulk_03af840c5b28ae20,organisation,org_e6912eb1478e941d,name,Green Innovation Ventures,src_419b4f8f3ed72377,independently_evidenced,ai_assisted_research,batch_001_release_009,kaykluz,2026-08-02,,,"Human reviewed. Source locator: Project description names PowerPay and describes monitoring, revenue collection, asset management and energy-use tracking; page reports current use in East Africa."
asrt_bulk_040536394d101b71,organisation,org_6894f264f4bd16ed,country_of_origin,EG,src_09a3d01a3a3a8b9a,provider_claim_only,ai_assisted_research,batch_001_release_004,kaykluz,2026-08-02,,,Human reviewed. Source locator: Homepage headings 'The Complete EV Charging Software Platform' and location section identifying Egypt.
asrt_bulk_0405894fd326afda,product,prod_033fbcf0e9b1c951,organisation_id,org_2744e404ad22d210,src_a6c915fb6879f499,public_source,ai_assisted_research,batch_001_release_011,kaykluz,2026-08-02,,,Human reviewed. Source locator: Paragraph beginning 'The GEP provides' describes the GEP Explorer and its adjustable least-cost planning parameters.
asrt_bulk_041ba50d0c87290a,product,prod_5a6f083895aef158,access_model,commercial,src_5d32c0903dfe6e9c,provider_claim_only,ai_assisted_research,batch_001_release_011,kaykluz,2026-08-02,,,"Human reviewed. Source locator: Sections 'Download the Citiq app' and 'Manage your utilities on the go', plus the statement that the technology is locally built in South Africa."
asrt_bulk_0450257b05844fff,deployment,dep_c12f3d3769ac31c2,customer_disclosure,named,src_4319a4161634cca0,provider_claim_only,ai_assisted_research,batch_001_release_001,kaykluz,2026-08-02,,,Human reviewed. Source locator: Section 'How Does Aspire Use SHYFT Technology?' and the 'Impact Hub & Google Launch Pad' fully deployed project block.
asrt_bulk_0490d4040e5a5415,deployment,dep_c4d486068f0ae346,lifecycle_status,active,src_8ad2a6fd5ad32af1,independently_evidenced,ai_assisted_research,batch_001_release_001,kaykluz,2026-08-02,,,"Human reviewed. Source locator: Opening two paragraphs identify Growthpoint's South African e-co2 initiative, Fuel Switch partnership and blockchain REC exchange rollout."
asrt_bulk_04a11869850b823b,organisation,org_530820839614a2eb,country_of_origin,US,src_fdebbdff203ee17c,provider_claim_only,ai_assisted_research,batch_001_release_009,kaykluz,2026-08-02,,,"Human reviewed. Source locator: Solution section describing 20 field crews using ArcGIS Survey123 to collect customer, property, meter and equipment information."
asrt_bulk_04ac2d9b6c64a6eb,organisation,org_b5a699ab229742b6,country_of_origin,ZA,src_d129bd0549b7a8a2,provider_claim_only,ai_assisted_research,batch_001_release_007,kaykluz,2026-08-02,,,"Human reviewed. Source locator: Opening product overview, Data-driven Process and Features sections."
asrt_bulk_04bb229f420adcfb,product,prod_bb8d9737e621ddbf,description,"Cloud platform for real-time monitoring, automation and optimisation of off-grid solar systems.",src_05e838c776926403,independently_evidenced,ai_assisted_research,batch_001_release_008,kaykluz,2026-08-02,,,"Human reviewed. Source locator: Project heading and summary identify SolarFlow, Burkina Faso and its monitoring, automation and optimisation functions."
asrt_bulk_04cc30be6c1484f9,product,prod_6511e9ace503cbaa,organisation_id,org_b4e978f005016067,src_c884b377e1fc531b,public_source,ai_assisted_research,batch_001_release_006,kaykluz,2026-08-02,,,Human reviewed. Source locator: IMPACCT Framework finance paragraph identifies FinCoRE as the source of projected capital costs.
asrt_bulk_04ef26d99762453e,product,prod_c88c7983f9fcb410,website,https://onsset.readthedocs.io/en/latest/applications.html,src_80750634d4eb4e8f,provider_claim_only,ai_assisted_research,batch_001_release_010,kaykluz,2026-08-02,,,Human reviewed. Source locator: United Nations app subsection describes the interface and results for 54 developing countries in sub-Saharan Africa and Latin America.
asrt_bulk_05324476531448cc,product,prod_4add1d20552ca8e8,website,https://pylonump.com/?lang=en,src_c70678946460cecc,provider_claim_only,ai_assisted_research,batch_001_release_001,kaykluz,2026-08-02,,,"Human reviewed. Source locator: Products section, 'Energy Management System'; Contacts section gives the Giza, Egypt address."
asrt_bulk_05e9ec643620bdc9,product,prod_dc72bea09d0725f4,description,"EV-charging application providing a unified wallet, live map, availability and charging history across Egyptian networks.",src_ad5d15b92aa2776d,provider_claim_only,ai_assisted_research,batch_001_release_004,kaykluz,2026-08-02,,,"Human reviewed. Source locator: Homepage 'Now live across Egypt' and feature sections describe the wallet, map, availability and session records."
asrt_bulk_06094907eb75e39c,organisation,org_b4e978f005016067,name,Climate Compatible Growth,src_b0d8da97968bb795,provider_claim_only,ai_assisted_research,batch_001_release_005,kaykluz,2026-08-02,,,"Human reviewed. Source locator: Article summary and South African case-study paragraph describe the interface, functions and EMP-A 2021 application."
asrt_bulk_060bacad81e14349,organisation,org_a8add2f3b4fe90af,website,https://osemosys.github.io/,src_006b50f09716afd0,provider_claim_only,ai_assisted_research,batch_001_release_006,kaykluz,2026-08-02,,,"Human reviewed. Source locator: Opening description identifies the software as an open-source, open-data model generator for any geographic subset of the globe."
asrt_bulk_0618e043427845e1,product,prod_7b787a3f1eec1e39,organisation_id,org_9fb06d7319bc6e76,src_2036ee97788b09bc,provider_claim_only,ai_assisted_research,batch_001_release_005,kaykluz,2026-08-02,,,Human reviewed. Source locator: FAQ questions 3 and 9 list Kenya among operating countries and instruct riders to locate swap stations with the Spiro app.
asrt_bulk_06365d773c773a55,product,prod_5ace380c4742b933,name,Elon Smart Water digital platform,src_afd975f932305487,provider_claim_only,ai_assisted_research,batch_001_release_001,kaykluz,2026-08-02,,,"Human reviewed. Source locator: Introduction: the Elon Smart Water Solution includes hardware, a mobile app and a cloud services platform; About page states the IP and manufacturing are South African."
asrt_bulk_063d233cb0a1990e,organisation,org_b5a699ab229742b6,headquarters_country,ZA,src_33e8d065011165de,provider_claim_only,ai_assisted_research,batch_001_release_002,kaykluz,2026-08-02,,,"Human reviewed. Source locator: Opening overview, Details and Features sections; Output Examples include grid GIS outputs."
asrt_bulk_0640b2fdb7564715,product,prod_5a6f083895aef158,name,Citiq App,src_5d32c0903dfe6e9c,provider_claim_only,ai_assisted_research,batch_001_release_011,kaykluz,2026-08-02,,,"Human reviewed. Source locator: Sections 'Download the Citiq app' and 'Manage your utilities on the go', plus the statement that the technology is locally built in South Africa."
asrt_bulk_06b79cd01e35f880,organisation,org_99b1e294a6715f25,name,Netelek,src_19cbb51c9737fa08,provider_claim_only,ai_assisted_research,batch_001_release_010,kaykluz,2026-08-02,,,Human reviewed. Source locator: Launch Platform > NetMaps product entry.
asrt_bulk_06ba2d4f51e3844e,organisation,org_907aa74533dc527b,country_of_origin,US,src_c7616caa46f7a0c2,provider_claim_only,ai_assisted_research,batch_001_release_013,kaykluz,2026-08-02,,,Human reviewed. Source locator: Opening announcement and ICC technology list naming a Wide Area Monitoring System designed for grid stability.
asrt_bulk_06dc672b1cc97de3,organisation,org_7245d69e568dc70a,headquarters_country,ZA,src_85884b03ae89ab9b,independently_evidenced,ai_assisted_research,batch_001_release_008,kaykluz,2026-08-02,,,"Human reviewed. Source locator: Project at a Glance, Solution, How It Works and Results So Far sections name the platform and describe real-world operator use across sub-Saharan Africa."
asrt_bulk_06f2d4c35faed9f0,deployment,dep_3bf37cad1e299f2e,product_id,prod_65cb59d227c4267f,src_c7616caa46f7a0c2,provider_claim_only,ai_assisted_research,batch_001_release_013,kaykluz,2026-08-02,,,Human reviewed. Source locator: Opening announcement and ICC technology list naming an Energy Management System engineered for dispatching.
asrt_bulk_0776d9427bd635e7,organisation,org_7951c70ccd95064f,origin_classification,africa_built,src_31fdc6b36c19f321,provider_claim_only,ai_assisted_research,batch_001_release_011,kaykluz,2026-08-02,,,Human reviewed. Source locator: Opening platform summary; 'The platform'; 'What we meter'; 'How it works'; FAQ; footer address.
asrt_bulk_07961d270e56dab8,product,prod_31c98189497128c4,primary_category_id,cat_emobility_battery_networks,src_0b2d11046a03402c,provider_claim_only,ai_assisted_research,batch_001_release_005,kaykluz,2026-08-02,,,"Human reviewed. Source locator: How It Works and Key Features sections name the web app, station location, IoT health monitoring and dynamic routing; contact section identifies Nairobi."
asrt_bulk_07f245711a078232,product,prod_bc70438d15454ac9,access_model,commercial,src_c7616caa46f7a0c2,provider_claim_only,ai_assisted_research,batch_001_release_013,kaykluz,2026-08-02,,,Human reviewed. Source locator: Opening announcement and ICC technology list naming a Wide Area Monitoring System designed for grid stability.
asrt_bulk_07f3e837eb130278,product,prod_6511e9ace503cbaa,access_model,open_source,src_c884b377e1fc531b,public_source,ai_assisted_research,batch_001_release_006,kaykluz,2026-08-02,,,Human reviewed. Source locator: IMPACCT Framework finance paragraph identifies FinCoRE as the source of projected capital costs.
asrt_bulk_083a353945c664ca,organisation,org_2744e404ad22d210,origin_classification,public_or_open_infrastructure,src_a6c915fb6879f499,public_source,ai_assisted_research,batch_001_release_010,kaykluz,2026-08-02,,,Human reviewed. Source locator: Paragraph beginning 'The GEP Explorer is complemented' identifies the GEP Toolbox as the input-data component.
asrt_bulk_08614ded776e06f7,product,prod_37d006103d63d180,lifecycle_status,active,src_c884b377e1fc531b,public_source,ai_assisted_research,batch_001_release_006,kaykluz,2026-08-02,,,Human reviewed. Source locator: IMPACCT Framework finance paragraph identifies FinTrack as the source of financing terms.
asrt_bulk_0877be474d375c02,product,prod_4add1d20552ca8e8,name,Energy Management System,src_c70678946460cecc,provider_claim_only,ai_assisted_research,batch_001_release_001,kaykluz,2026-08-02,,,"Human reviewed. Source locator: Products section, 'Energy Management System'; Contacts section gives the Giza, Egypt address."
asrt_bulk_088711824c53928f,product,prod_870e878724216eb1,organisation_id,org_7245d69e568dc70a,src_85884b03ae89ab9b,independently_evidenced,ai_assisted_research,batch_001_release_008,kaykluz,2026-08-02,,,"Human reviewed. Source locator: Project at a Glance, Solution, How It Works and Results So Far sections name the platform and describe real-world operator use across sub-Saharan Africa."
asrt_bulk_08d95b07e2daea3d,product,prod_786ef0a3b218061b,primary_category_id,cat_generation_storage_operations,src_75449c38606a534e,independently_evidenced,ai_assisted_research,batch_001_release_008,kaykluz,2026-08-02,,,"Human reviewed. Source locator: Project description and Key milestones sections identify the Kenya-based SaaS platform, functions and pilot integrations."
asrt_bulk_0929da19691dddb9,organisation,org_96eebaf75520bce8,name,SOLINK (Pty) Ltd,src_c563b254a72836d5,provider_claim_only,ai_assisted_research,batch_001_release_007,kaykluz,2026-08-02,,,"Human reviewed. Source locator: Sections 'What is SOLINK Core?' and 'How SOLINK Core Works', steps 01 through 04."
asrt_bulk_094e6a0d2aeeff12,product,prod_7a974ed97072233c,sector_id,sector_power_utilities,src_19cbb51c9737fa08,provider_claim_only,ai_assisted_research,batch_001_release_011,kaykluz,2026-08-02,,,Human reviewed. Source locator: Launch Platform > NetFin product entry.
asrt_bulk_09650072ba1c09cc,deployment,dep_a7c8d5b7c82274d7,country_iso2,ZA,src_02027067a2b6f47d,provider_claim_only,ai_assisted_research,batch_001_release_002,kaykluz,2026-08-02,,,"Human reviewed. Source locator: Paragraphs dated April 19, 2012 stating successful go-live, remote meter reads, MDUS integration and continuous exchange with SAP for Utilities."
asrt_bulk_09ed747a95498f86,product,prod_f63dd1268b6e12c7,website,https://fastvolt.net/,src_0aeaf7bbb4111bf3,provider_claim_only,ai_assisted_research,batch_001_release_004,kaykluz,2026-08-02,,,"Human reviewed. Source locator: Application feature bullet states it locates, organises and pays for charging; page reports more than 100 charging points in Morocco."
asrt_bulk_0a4b94115467075f,organisation,org_39703db4e82ec396,name,Rubicon,src_966853451e9815ad,provider_claim_only,ai_assisted_research,batch_001_release_005,kaykluz,2026-08-02,,,Human reviewed. Source locator: Locate & Control Your Charge Sessions and Seamless Payments sections; introduction states the app is for drivers in South Africa.
asrt_bulk_0b26446c9af1f95e,product,prod_1b711e547ec33e4e,website,https://energy-modelling-tools.github.io/onsset/applications/,src_49525542a4a0aa7a,public_source,ai_assisted_research,batch_001_release_010,kaykluz,2026-08-02,,,Human reviewed. Source locator: Industry and Think Tanks section names the IRENA West Africa Electrification Platform and its investment-scenario coverage.
asrt_bulk_0b4837f2ba0ad778,organisation,org_df0fd10412aadaab,website,https://www.kofa.co/,src_0df75f7550839b7c,provider_claim_only,ai_assisted_research,batch_001_release_005,kaykluz,2026-08-02,,,"Human reviewed. Source locator: Kofa app technology and Swap & Go sections describe app-based access, station availability and Ghana/Kenya network operations."
asrt_bulk_0c5d5800b9af72ce,product,prod_f63dd1268b6e12c7,sector_id,sector_emobility_batteries,src_0aeaf7bbb4111bf3,provider_claim_only,ai_assisted_research,batch_001_release_004,kaykluz,2026-08-02,,,"Human reviewed. Source locator: Application feature bullet states it locates, organises and pays for charging; page reports more than 100 charging points in Morocco."
asrt_bulk_0c7db90f6e293c7e,organisation,org_1f5127f2c1cec727,website,https://www.irena.org/,src_49525542a4a0aa7a,public_source,ai_assisted_research,batch_001_release_010,kaykluz,2026-08-02,,,Human reviewed. Source locator: Industry and Think Tanks section names the IRENA West Africa Electrification Platform and its investment-scenario coverage.
asrt_bulk_0caf466b797e026b,product,prod_596ed16f715fb870,website,https://www.switch.org.za/,src_25c2a0a72ca484b2,provider_claim_only,ai_assisted_research,batch_001_release_012,kaykluz,2026-08-02,,,"Human reviewed. Source locator: Sections 'Smart Metering & Energy Trading Solutions' and 'Smart Metering', especially the internally built meter-management ecosystem paragraph."
asrt_bulk_0cb816d58e1bfd7e,product,prod_76e1cb9631e5da42,access_model,commercial,src_1fd4de155f438bff,provider_claim_only,ai_assisted_research,batch_001_release_003,kaykluz,2026-08-02,,,Human reviewed. Source locator: FAQ answer to 'Where can I swap batteries' states that cabinets are deployed across Nairobi and can be found using the mobile app.
asrt_bulk_0d611c504b994f20,product,prod_3b9526941c4a04c6,access_model,commercial,src_7de3c1f07aa1a7fc,provider_claim_only,ai_assisted_research,batch_001_release_002,kaykluz,2026-08-02,,,"Human reviewed. Source locator: Solution section stating that IoT, smart-meter and RTU data is aggregated with ArcGIS GeoEvent Server to update feature layers."
asrt_bulk_0d82f41b910378bf,product,prod_5d86400ebf4fde2e,lifecycle_status,active,src_a6c915fb6879f499,public_source,ai_assisted_research,batch_001_release_010,kaykluz,2026-08-02,,,Human reviewed. Source locator: Paragraph beginning 'The GEP Explorer is complemented' identifies the GEP Toolbox as the input-data component.
asrt_bulk_0d9e4ccb4c52966d,product,prod_7ec0014d7e86dba9,description,"Blockchain marketplace for issuing, trading and reporting renewable-energy certificates.",src_8ad2a6fd5ad32af1,independently_evidenced,ai_assisted_research,batch_001_release_001,kaykluz,2026-08-02,,,"Human reviewed. Source locator: Opening two paragraphs identify Growthpoint's South African e-co2 initiative, Fuel Switch partnership and blockchain REC exchange rollout."
asrt_bulk_0de2f92cde315bd9,organisation,org_406033f114a69ab6,website,https://pylonump.com/,src_c70678946460cecc,provider_claim_only,ai_assisted_research,batch_001_release_001,kaykluz,2026-08-02,,,"Human reviewed. Source locator: Products section, 'Energy Management System'; Contacts section gives the Giza, Egypt address."
asrt_bulk_0e8e2ecdc0af8a50,product,prod_fcaaff4768a60d65,organisation_id,org_60c02033635240b1,src_c884b377e1fc531b,public_source,ai_assisted_research,batch_001_release_007,kaykluz,2026-08-02,,,Human reviewed. Source locator: Model Integration / IMPACCT Framework paragraph identifies MAED for energy-demand assessments.
asrt_bulk_0ef314e2f3d05ad1,product,prod_09961473d83843e4,organisation_id,org_c196bc963028ee6e,src_c884b377e1fc531b,public_source,ai_assisted_research,batch_001_release_007,kaykluz,2026-08-02,,,Human reviewed. Source locator: Model Integration / IMPACCT Framework paragraph names FlexTool for evaluating power-system flexibility from OSeMOSYS results.
asrt_bulk_0f7beb82d0b6ed5b,product,prod_46feee3513c5f4a9,website,https://cloud.netelek.co.za/,src_19cbb51c9737fa08,provider_claim_only,ai_assisted_research,batch_001_release_011,kaykluz,2026-08-02,,,Human reviewed. Source locator: Launch Platform > NetView product entry.
asrt_bulk_0f87ef543ef11d69,deployment,dep_8ba702b9e523b312,customer_name,Bboxx Mali,src_2f4a7e763bb7e671,provider_claim_only,ai_assisted_research,batch_001_release_009,kaykluz,2026-08-02,,,Human reviewed. Source locator: Country profile opening paragraphs: operations launched as Bboxx in 2023 and use Bboxx Pulse in Mali.
asrt_bulk_0f911778afb0ed8d,product,prod_5c44515448aa55ab,lifecycle_status,active,src_3fed97da9ebf5a38,provider_claim_only,ai_assisted_research,batch_001_release_003,kaykluz,2026-08-02,,,"Human reviewed. Source locator: SteamaCo Product Suite, 'ThunderBolt' field-force app product block."
asrt_bulk_0fef5c860ab1efff,product,prod_8d5f9abcd9decdc8,description,"Operating system for solar EPCs covering PV layout, electrical design, yield simulation, finance origination, project delivery and handover workflows.",src_cdecc55785a2e84f,provider_claim_only,ai_assisted_research,batch_001_release_006,kaykluz,2026-08-02,,,"Human reviewed. Source locator: Sections 'This is the actual product', 'Engineering Studio', 'Yield and simulation', 'How a deal moves' and footer legal registration details."
asrt_bulk_0ff89e5a39582b09,organisation,org_e7a91741bca86f28,origin_classification,africa_founded_global_hq,src_3fed97da9ebf5a38,provider_claim_only,ai_assisted_research,batch_001_release_012,kaykluz,2026-08-02,,,"Human reviewed. Source locator: SteamaCo Product Suite, 'Nimbus AMI' product block."
asrt_bulk_1032eedeb6cea34f,organisation,org_c60ee59766bb7296,name,Plentify,src_d4d68c56788ce4d7,customer_confirmed,ai_assisted_research,batch_001_release_008,kaykluz,2026-08-02,,,"Human reviewed. Source locator: Project at a Glance, Solution and How It Works sections name eThekwini, Plentify HEMS, virtual-power-plant functions and the early-pilot status."
asrt_bulk_10400934b8bb0d89,product,prod_7f669470202474a2,lifecycle_status,active,src_b0d8da97968bb795,provider_claim_only,ai_assisted_research,batch_001_release_005,kaykluz,2026-08-02,,,"Human reviewed. Source locator: Article summary and South African case-study paragraph describe the interface, functions and EMP-A 2021 application."
asrt_bulk_1043909f48d13990,product,prod_3b9526941c4a04c6,name,ArcGIS GeoEvent Server,src_7de3c1f07aa1a7fc,provider_claim_only,ai_assisted_research,batch_001_release_002,kaykluz,2026-08-02,,,"Human reviewed. Source locator: Solution section stating that IoT, smart-meter and RTU data is aggregated with ArcGIS GeoEvent Server to update feature layers."
asrt_bulk_1095aa3ddba4c4d9,organisation,org_99b1e294a6715f25,headquarters_country,ZA,src_19cbb51c9737fa08,provider_claim_only,ai_assisted_research,batch_001_release_011,kaykluz,2026-08-02,,,Human reviewed. Source locator: Launch Platform > NetFin product entry.
asrt_bulk_111ed2f880dbc1c0,product,prod_dafd91d42f6636f9,website,https://openaccess.energy/pages/solutions/amptera,src_728b5d57ef518817,provider_claim_only,ai_assisted_research,batch_001_release_012,kaykluz,2026-08-02,,,Human reviewed. Source locator: Opening product description and 'Key Capabilities' list; call-to-action names George Municipality as a user.
asrt_bulk_114ad90ebbe611cd,product,prod_5a6f083895aef158,primary_category_id,cat_retail_metering_billing_payments,src_5d32c0903dfe6e9c,provider_claim_only,ai_assisted_research,batch_001_release_011,kaykluz,2026-08-02,,,"Human reviewed. Source locator: Sections 'Download the Citiq app' and 'Manage your utilities on the go', plus the statement that the technology is locally built in South Africa."
asrt_bulk_116b3ff4841abfa2,product,prod_76e1cb9631e5da42,sector_id,sector_emobility_batteries,src_1fd4de155f438bff,provider_claim_only,ai_assisted_research,batch_001_release_003,kaykluz,2026-08-02,,,Human reviewed. Source locator: FAQ answer to 'Where can I swap batteries' states that cabinets are deployed across Nairobi and can be found using the mobile app.
asrt_bulk_11c0aea41290ad48,product,prod_63cceeebf437dc69,description,"AI-driven home-energy management and virtual-power-plant platform coordinating solar, batteries and water heating.",src_d4d68c56788ce4d7,customer_confirmed,ai_assisted_research,batch_001_release_008,kaykluz,2026-08-02,,,"Human reviewed. Source locator: Project at a Glance, Solution and How It Works sections name eThekwini, Plentify HEMS, virtual-power-plant functions and the early-pilot status."
asrt_bulk_12455133b37b6b42,product,prod_83e8647b12c0f40a,lifecycle_status,under_review,src_a1861482fff6a50d,independently_evidenced,ai_assisted_research,batch_001_release_003,kaykluz,2026-08-02,,,"Human reviewed. Source locator: Sections 'Connecting Displaced Communities' and 'Powering Business', especially the introduction of SparkMeter prepaid meters and transfer of remaining connections to BECO."
asrt_bulk_12ab18c33289bbd2,deployment,dep_c12f3d3769ac31c2,product_id,prod_27402d8bb06c6333,src_4319a4161634cca0,provider_claim_only,ai_assisted_research,batch_001_release_001,kaykluz,2026-08-02,,,Human reviewed. Source locator: Section 'How Does Aspire Use SHYFT Technology?' and the 'Impact Hub & Google Launch Pad' fully deployed project block.
asrt_bulk_12df1ce1c1998eef,organisation,org_7e4e5bedaec641be,headquarters_country,US,src_a1861482fff6a50d,independently_evidenced,ai_assisted_research,batch_001_release_003,kaykluz,2026-08-02,,,"Human reviewed. Source locator: Sections 'Connecting Displaced Communities' and 'Powering Business', especially the introduction of SparkMeter prepaid meters and transfer of remaining connections to BECO."
asrt_bulk_132dc7c1bab9baf7,product,prod_7dc0a9bb41944d44,organisation_id,org_36577bb3608ee5a3,src_0a4fa31247a1d3c3,provider_claim_only,ai_assisted_research,batch_001_release_003,kaykluz,2026-08-02,,,Human reviewed. Source locator: Technology page section on the Driver App describes checking battery level and finding a swap station.
asrt_bulk_136a5238f98e88e2,organisation,org_406033f114a69ab6,website,https://pylonump.com/,src_c70678946460cecc,provider_claim_only,ai_assisted_research,batch_001_release_003,kaykluz,2026-08-02,,,"Human reviewed. Source locator: Products section, 'Utility Management Platform'; Contacts section gives the Giza, Egypt address."
asrt_bulk_13a80ba448420f76,organisation,org_df0fd10412aadaab,origin_classification,africa_built,src_0df75f7550839b7c,provider_claim_only,ai_assisted_research,batch_001_release_004,kaykluz,2026-08-02,,,"Human reviewed. Source locator: Fleet Management feature explicitly names the Kofa Fleet Platform and describes rider access, purchases and running-cost management."
asrt_bulk_13af06f287c7411c,deployment,dep_c4d486068f0ae346,country_iso2,ZA,src_8ad2a6fd5ad32af1,independently_evidenced,ai_assisted_research,batch_001_release_001,kaykluz,2026-08-02,,,"Human reviewed. Source locator: Opening two paragraphs identify Growthpoint's South African e-co2 initiative, Fuel Switch partnership and blockchain REC exchange rollout."
asrt_bulk_13b196fc217c807e,deployment,dep_8ba702b9e523b312,country_iso2,ML,src_2f4a7e763bb7e671,provider_claim_only,ai_assisted_research,batch_001_release_009,kaykluz,2026-08-02,,,Human reviewed. Source locator: Country profile opening paragraphs: operations launched as Bboxx in 2023 and use Bboxx Pulse in Mali.
asrt_bulk_13eca2a329aa4ba3,product,prod_8cc55e7483a66134,description,"A digital-utility app for smart-meter data, energy-use insights, embedded billing and payments, and purchasing wheeled renewable electricity.",src_daca46ab58257600,provider_claim_only,ai_assisted_research,batch_001_release_012,kaykluz,2026-08-02,,,Human reviewed. Source locator: Sections 'Our solutions' and 'ELDO's Energy App'.
asrt_bulk_13f6b925f11ad3a9,product,prod_7ca64cacd469d465,access_model,commercial,src_c563b254a72836d5,provider_claim_only,ai_assisted_research,batch_001_release_007,kaykluz,2026-08-02,,,"Human reviewed. Source locator: Sections 'What is SOLINK Core?' and 'How SOLINK Core Works', steps 01 through 04."
asrt_bulk_148695d172affc94,product,prod_50515a6186c6f41d,primary_category_id,cat_generation_storage_operations,src_8663e6ac3734b42a,provider_claim_only,ai_assisted_research,batch_001_release_008,kaykluz,2026-08-02,,,"Human reviewed. Source locator: Sections 'EMS Software | Monitoring & Control', 'Key functionalities' and FAQs; Solar MD contact page identifies Cape Town as the Africa head office."
asrt_bulk_1488e723a8fd5b61,organisation,org_39703db4e82ec396,website,https://www.rubicon.tech/,src_966853451e9815ad,provider_claim_only,ai_assisted_research,batch_001_release_005,kaykluz,2026-08-02,,,Human reviewed. Source locator: Locate & Control Your Charge Sessions and Seamless Payments sections; introduction states the app is for drivers in South Africa.
asrt_bulk_14f1a7c68976fc33,product,prod_faed4459e7d6ab27,sector_id,sector_power_utilities,src_fdebbdff203ee17c,provider_claim_only,ai_assisted_research,batch_001_release_009,kaykluz,2026-08-02,,,"Human reviewed. Source locator: Solution section describing 20 field crews using ArcGIS Survey123 to collect customer, property, meter and equipment information."
asrt_bulk_1531ce487869747c,product,prod_84787f6a75dff4dd,description,"A vendor-agnostic operating platform for technical monitoring, alerts, maintenance workflows, commercial tracking and reporting across distributed solar portfolios.",src_d151cbedc6c4759e,provider_claim_only,ai_assisted_research,batch_001_release_008,kaykluz,2026-08-02,,,"Human reviewed. Source locator: Daystar Power case block: Nigeria, Ghana, Togo and Senegal; 200+ sites; customer quotation describing AMMP as an operations tool."
asrt_bulk_1543ae2bb68b85af,product,prod_7b787a3f1eec1e39,primary_category_id,cat_emobility_battery_networks,src_2036ee97788b09bc,provider_claim_only,ai_assisted_research,batch_001_release_005,kaykluz,2026-08-02,,,Human reviewed. Source locator: FAQ questions 3 and 9 list Kenya among operating countries and instruct riders to locate swap stations with the Spiro app.
asrt_bulk_157945224e8c29c5,organisation,org_b4e978f005016067,website,https://climatecompatiblegrowth.com/,src_b0d8da97968bb795,provider_claim_only,ai_assisted_research,batch_001_release_005,kaykluz,2026-08-02,,,"Human reviewed. Source locator: Article summary and South African case-study paragraph describe the interface, functions and EMP-A 2021 application."
asrt_bulk_159b3f137b5dad44,product,prod_dfff8365390e2421,organisation_id,org_df0fd10412aadaab,src_0df75f7550839b7c,provider_claim_only,ai_assisted_research,batch_001_release_004,kaykluz,2026-08-02,,,"Human reviewed. Source locator: Fleet Management feature explicitly names the Kofa Fleet Platform and describes rider access, purchases and running-cost management."
asrt_bulk_15a8a517c8aadb7c,product,prod_50515a6186c6f41d,sector_id,sector_generation_storage,src_8663e6ac3734b42a,provider_claim_only,ai_assisted_research,batch_001_release_008,kaykluz,2026-08-02,,,"Human reviewed. Source locator: Sections 'EMS Software | Monitoring & Control', 'Key functionalities' and FAQs; Solar MD contact page identifies Cape Town as the Africa head office."
asrt_bulk_15b1364db7498d31,product,prod_7dc0a9bb41944d44,primary_category_id,cat_emobility_battery_networks,src_0a4fa31247a1d3c3,provider_claim_only,ai_assisted_research,batch_001_release_003,kaykluz,2026-08-02,,,Human reviewed. Source locator: Technology page section on the Driver App describes checking battery level and finding a swap station.
asrt_bulk_15b84b7ed3dd393f,product,prod_5a6f083895aef158,description,"A mobile app for purchasing prepaid electricity, tracking usage and transaction history, and managing multiple meters.",src_5d32c0903dfe6e9c,provider_claim_only,ai_assisted_research,batch_001_release_011,kaykluz,2026-08-02,,,"Human reviewed. Source locator: Sections 'Download the Citiq app' and 'Manage your utilities on the go', plus the statement that the technology is locally built in South Africa."
asrt_bulk_15d67ef4ce536cdb,product,prod_31c98189497128c4,sector_id,sector_emobility_batteries,src_0b2d11046a03402c,provider_claim_only,ai_assisted_research,batch_001_release_005,kaykluz,2026-08-02,,,"Human reviewed. Source locator: How It Works and Key Features sections name the web app, station location, IoT health monitoring and dynamic routing; contact section identifies Nairobi."
asrt_bulk_15dcc007c1c55e64,product,prod_4c1eb1c96a6e5afa,organisation_id,org_a8add2f3b4fe90af,src_006b50f09716afd0,provider_claim_only,ai_assisted_research,batch_001_release_006,kaykluz,2026-08-02,,,"Human reviewed. Source locator: Opening description identifies the software as an open-source, open-data model generator for any geographic subset of the globe."
asrt_bulk_160b1b4a22f249af,organisation,org_60c02033635240b1,origin_classification,public_or_open_infrastructure,src_c884b377e1fc531b,public_source,ai_assisted_research,batch_001_release_007,kaykluz,2026-08-02,,,Human reviewed. Source locator: Model Integration / IMPACCT Framework paragraph identifies MAED for energy-demand assessments.
asrt_bulk_1658bf77fa449b81,product,prod_3b9526941c4a04c6,lifecycle_status,active,src_7de3c1f07aa1a7fc,provider_claim_only,ai_assisted_research,batch_001_release_002,kaykluz,2026-08-02,,,"Human reviewed. Source locator: Solution section stating that IoT, smart-meter and RTU data is aggregated with ArcGIS GeoEvent Server to update feature layers."
asrt_bulk_1693e546d3921d48,organisation,org_6813554323495fa0,country_of_origin,ZA,src_705592f873593725,provider_claim_only,ai_assisted_research,batch_001_release_013,kaykluz,2026-08-02,,,Human reviewed. Source locator: Opening paragraph and complete energy trading platform feature list; contact block gives the Cape Town address.
asrt_bulk_16d2ddd42629e5fe,organisation,org_6813554323495fa0,headquarters_country,ZA,src_25c2a0a72ca484b2,provider_claim_only,ai_assisted_research,batch_001_release_012,kaykluz,2026-08-02,,,"Human reviewed. Source locator: Sections 'Smart Metering & Energy Trading Solutions' and 'Smart Metering', especially the internally built meter-management ecosystem paragraph."
asrt_bulk_16ed185522ead540,organisation,org_2e848005aab6ebe8,name,World Resources Institute and Climate Compatible Growth,src_c884b377e1fc531b,public_source,ai_assisted_research,batch_001_release_011,kaykluz,2026-08-02,,,Human reviewed. Source locator: EAE description and IMPACCT Framework paragraph identify the tool for priority-area and energy-access planning.
asrt_bulk_1714701d0634f6cd,organisation,org_063aba978073ba5d,headquarters_country,ZA,src_5d32c0903dfe6e9c,provider_claim_only,ai_assisted_research,batch_001_release_011,kaykluz,2026-08-02,,,"Human reviewed. Source locator: Sections 'Download the Citiq app' and 'Manage your utilities on the go', plus the statement that the technology is locally built in South Africa."
asrt_bulk_175011ef7e1debb4,product,prod_6511e9ace503cbaa,sector_id,sector_markets_finance_carbon,src_c884b377e1fc531b,public_source,ai_assisted_research,batch_001_release_006,kaykluz,2026-08-02,,,Human reviewed. Source locator: IMPACCT Framework finance paragraph identifies FinCoRE as the source of projected capital costs.
asrt_bulk_1763a0276d5a39dd,product,prod_7ca64cacd469d465,name,SOLINK Core,src_c563b254a72836d5,provider_claim_only,ai_assisted_research,batch_001_release_007,kaykluz,2026-08-02,,,"Human reviewed. Source locator: Sections 'What is SOLINK Core?' and 'How SOLINK Core Works', steps 01 through 04."
asrt_bulk_176d5f41404216ab,product,prod_99b7bcd9a368219b,sector_id,sector_power_utilities,src_c884b377e1fc531b,public_source,ai_assisted_research,batch_001_release_009,kaykluz,2026-08-02,,,Human reviewed. Source locator: IMPACCT Framework paragraph names NISMOD for national infrastructure planning.
asrt_bulk_177f259efe3020ef,product,prod_31c98189497128c4,name,Mazi Mobility Web App,src_0b2d11046a03402c,provider_claim_only,ai_assisted_research,batch_001_release_005,kaykluz,2026-08-02,,,"Human reviewed. Source locator: How It Works and Key Features sections name the web app, station location, IoT health monitoring and dynamic routing; contact section identifies Nairobi."
asrt_bulk_17b8ed08fade81aa,product,prod_01e0b6c0d126d66c,lifecycle_status,active,src_c2df3e2d24c3763b,provider_claim_only,ai_assisted_research,batch_001_release_001,kaykluz,2026-08-02,,,Human reviewed. Source locator: Market overview states its South African and wider African purpose and access to a platform for buying and selling carbon credits and renewable-energy certificates.
asrt_bulk_17f4a869a9d2db6a,organisation,org_686ef9b185a5a75d,headquarters_country,MA,src_0aeaf7bbb4111bf3,provider_claim_only,ai_assisted_research,batch_001_release_004,kaykluz,2026-08-02,,,"Human reviewed. Source locator: Application feature bullet states it locates, organises and pays for charging; page reports more than 100 charging points in Morocco."
asrt_bulk_17f8c43a8b59e723,product,prod_ad4f1a22ff85d12b,primary_category_id,cat_trading_wheeling_settlement,src_705592f873593725,provider_claim_only,ai_assisted_research,batch_001_release_013,kaykluz,2026-08-02,,,Human reviewed. Source locator: Opening paragraph and complete energy trading platform feature list; contact block gives the Cape Town address.
asrt_bulk_1855a57b650a353b,organisation,org_9df3ccd43710a1e4,headquarters_country,GB,src_0b7158369b815d9f,provider_claim_only,ai_assisted_research,batch_001_release_002,kaykluz,2026-08-02,,,Human reviewed. Source locator: Presentation summary under '2022 – AVEVA PI World – Amsterdam – Power Generation'.
asrt_bulk_18a757da0bb8da75,product,prod_f3d9dc4a77ea4cab,website,https://www.aveva.com/en/products/aveva-pi-system/,src_0b7158369b815d9f,provider_claim_only,ai_assisted_research,batch_001_release_002,kaykluz,2026-08-02,,,Human reviewed. Source locator: Presentation summary under '2022 – AVEVA PI World – Amsterdam – Power Generation'.
asrt_bulk_18ddb0c4870a288c,deployment,dep_91df12effd6080a3,customer_name,Daystar Power,src_d151cbedc6c4759e,provider_claim_only,ai_assisted_research,batch_001_release_008,kaykluz,2026-08-02,,,"Human reviewed. Source locator: Daystar Power case block: Nigeria, Ghana, Togo and Senegal; 200+ sites; customer quotation describing AMMP as an operations tool."
asrt_bulk_18e63a2134742a6e,organisation,org_abe67edf168ef702,website,https://www.onsset.org/,src_49525542a4a0aa7a,provider_claim_only,ai_assisted_research,batch_001_release_010,kaykluz,2026-08-02,,,"Human reviewed. Source locator: Governments and Industry and Think Tanks sections list applications in Nigeria, Ethiopia, Kenya, Tanzania, Madagascar, Benin and other African contexts."
asrt_bulk_18e9ced835448e14,product,prod_21c1794343050d9f,access_model,commercial,src_e0428ec7ccfcfd99,provider_claim_only,ai_assisted_research,batch_001_release_012,kaykluz,2026-08-02,,,Human reviewed. Source locator: Opening 'Empower your customers' section and 'Better informed' notification list.
asrt_bulk_18ec429f8685b401,product,prod_a3b8555b0b37b5d2,description,Fleet and battery-network management software using predictive analytics to optimise battery lifespan.,src_06e5f378dc49db18,provider_claim_only,ai_assisted_research,batch_001_release_003,kaykluz,2026-08-02,,,"Human reviewed. Source locator: Our Technology section names AmperOps and describes fleet-management, telemetry and predictive battery-lifespan optimisation."
asrt_bulk_192005f1721b042d,product,prod_c65e8228650434e7,name,FINPLAN,src_c884b377e1fc531b,public_source,ai_assisted_research,batch_001_release_007,kaykluz,2026-08-02,,,Human reviewed. Source locator: IMPACCT Framework finance paragraph names FINPLAN for evaluating financial viability of utility-scale projects.
asrt_bulk_1929809d37670a7f,organisation,org_e7a91741bca86f28,website,https://steama.co/,src_e0428ec7ccfcfd99,provider_claim_only,ai_assisted_research,batch_001_release_012,kaykluz,2026-08-02,,,Human reviewed. Source locator: Opening 'Empower your customers' section and 'Better informed' notification list.
asrt_bulk_1955652a1c7cfd7a,product,prod_faed4459e7d6ab27,primary_category_id,cat_planning_geospatial,src_fdebbdff203ee17c,provider_claim_only,ai_assisted_research,batch_001_release_009,kaykluz,2026-08-02,,,"Human reviewed. Source locator: Solution section describing 20 field crews using ArcGIS Survey123 to collect customer, property, meter and equipment information."
asrt_bulk_196ba41bf3827d25,product,prod_a65525f1816d4864,name,Congo Epela Platform,src_80750634d4eb4e8f,public_source,ai_assisted_research,batch_001_release_010,kaykluz,2026-08-02,,,Human reviewed. Source locator: Congo Epela Platform subsection identifies Resource Matters and the DRC least-cost electrification application.
asrt_bulk_1984e35cb0d5b1cb,organisation,org_930efc4050b16d68,origin_classification,public_or_open_infrastructure,src_7c0c0c942fa173cd,provider_claim_only,ai_assisted_research,batch_001_release_013,kaykluz,2026-08-02,,,Human reviewed. Source locator: Main project paragraph describes continent-wide African country and transmission-link coverage and states that the model is open source.
asrt_bulk_19892c438eaf1a0f,product,prod_7ec0014d7e86dba9,website,https://digital-energy.eu/en/projects/fuel-switch,src_8ad2a6fd5ad32af1,independently_evidenced,ai_assisted_research,batch_001_release_001,kaykluz,2026-08-02,,,"Human reviewed. Source locator: Opening two paragraphs identify Growthpoint's South African e-co2 initiative, Fuel Switch partnership and blockchain REC exchange rollout."
asrt_bulk_1a073f95037364eb,organisation,org_99b1e294a6715f25,origin_classification,africa_built,src_19cbb51c9737fa08,provider_claim_only,ai_assisted_research,batch_001_release_011,kaykluz,2026-08-02,,,Human reviewed. Source locator: Launch Platform > NetFin product entry.
asrt_bulk_1a2bb8ea40a8bb1a,organisation,org_406033f114a69ab6,headquarters_country,EG,src_c70678946460cecc,provider_claim_only,ai_assisted_research,batch_001_release_001,kaykluz,2026-08-02,,,"Human reviewed. Source locator: Products section, 'Energy Management System'; Contacts section gives the Giza, Egypt address."
asrt_bulk_1a64f01f8f4948f8,organisation,org_6fa8233b4c6f7e60,website,https://www.myvoltage.co.za/,src_e1397f8d9f1aec2c,provider_claim_only,ai_assisted_research,batch_001_release_011,kaykluz,2026-08-02,,,"Human reviewed. Source locator: Opening product description, Key product features and Value-added service offering."
asrt_bulk_1a6e74fd017fde4b,deployment,dep_3bf37cad1e299f2e,country_iso2,BJ,src_c7616caa46f7a0c2,provider_claim_only,ai_assisted_research,batch_001_release_013,kaykluz,2026-08-02,,,Human reviewed. Source locator: Opening announcement and ICC technology list naming an Energy Management System engineered for dispatching.
asrt_bulk_1a78f5d31f7d86ed,deployment,dep_8ba702b9e523b312,customer_disclosure,named,src_2f4a7e763bb7e671,provider_claim_only,ai_assisted_research,batch_001_release_009,kaykluz,2026-08-02,,,Human reviewed. Source locator: Country profile opening paragraphs: operations launched as Bboxx in 2023 and use Bboxx Pulse in Mali.
asrt_bulk_1aa90b40bf4d8e53,product,prod_39480c97b0739c3c,lifecycle_status,active,src_c70678946460cecc,provider_claim_only,ai_assisted_research,batch_001_release_003,kaykluz,2026-08-02,,,"Human reviewed. Source locator: Products section, 'Utility Management Platform'; Contacts section gives the Giza, Egypt address."
asrt_bulk_1ae16ce12241ac7a,product,prod_daa50f9ebedcc7b0,name,Energy Access Explorer,src_c884b377e1fc531b,public_source,ai_assisted_research,batch_001_release_011,kaykluz,2026-08-02,,,Human reviewed. Source locator: EAE description and IMPACCT Framework paragraph identify the tool for priority-area and energy-access planning.
asrt_bulk_1b03bcb5faadfc76,product,prod_faed4459e7d6ab27,name,ArcGIS Survey123,src_fdebbdff203ee17c,provider_claim_only,ai_assisted_research,batch_001_release_009,kaykluz,2026-08-02,,,"Human reviewed. Source locator: Solution section describing 20 field crews using ArcGIS Survey123 to collect customer, property, meter and equipment information."
asrt_bulk_1b40e30138902a32,organisation,org_60c02033635240b1,name,International Atomic Energy Agency and Climate Compatible Growth,src_c884b377e1fc531b,public_source,ai_assisted_research,batch_001_release_007,kaykluz,2026-08-02,,,Human reviewed. Source locator: IMPACCT Framework finance paragraph names FINPLAN for evaluating financial viability of utility-scale projects.
asrt_bulk_1b8789667e9635ed,product,prod_835fa410d7e3dba0,sector_id,sector_emobility_batteries,src_4acfd42725b98b4e,provider_claim_only,ai_assisted_research,batch_001_release_004,kaykluz,2026-08-02,,,"Human reviewed. Source locator: About this app section describes live charging discovery, availability, remote start/stop and payments; developer address is in Rabat, Morocco."
asrt_bulk_1c9e1ff49bbc7251,product,prod_27402d8bb06c6333,lifecycle_status,active,src_4319a4161634cca0,provider_claim_only,ai_assisted_research,batch_001_release_001,kaykluz,2026-08-02,,,Human reviewed. Source locator: Section 'How Does Aspire Use SHYFT Technology?' and the 'Impact Hub & Google Launch Pad' fully deployed project block.
asrt_bulk_1cbda6e09df9988d,organisation,org_530820839614a2eb,name,Esri,src_7de3c1f07aa1a7fc,provider_claim_only,ai_assisted_research,batch_001_release_002,kaykluz,2026-08-02,,,"Human reviewed. Source locator: Solution section stating that IoT, smart-meter and RTU data is aggregated with ArcGIS GeoEvent Server to update feature layers."
asrt_bulk_1cd87f53bd264caf,product,prod_daa50f9ebedcc7b0,sector_id,sector_distributed_energy_access,src_c884b377e1fc531b,public_source,ai_assisted_research,batch_001_release_011,kaykluz,2026-08-02,,,Human reviewed. Source locator: EAE description and IMPACCT Framework paragraph identify the tool for priority-area and energy-access planning.
asrt_bulk_1ce31c72a9561de1,product,prod_5c44515448aa55ab,organisation_id,org_e7a91741bca86f28,src_3fed97da9ebf5a38,provider_claim_only,ai_assisted_research,batch_001_release_003,kaykluz,2026-08-02,,,"Human reviewed. Source locator: SteamaCo Product Suite, 'ThunderBolt' field-force app product block."
asrt_bulk_1d0faa2d58512a08,deployment,dep_44d402bf3aac6e76,lifecycle_status,pilot,src_d4d68c56788ce4d7,customer_confirmed,ai_assisted_research,batch_001_release_008,kaykluz,2026-08-02,,,"Human reviewed. Source locator: Project at a Glance, Solution and How It Works sections name eThekwini, Plentify HEMS, virtual-power-plant functions and the early-pilot status."
asrt_bulk_1d27d04f0519d66f,product,prod_786ef0a3b218061b,website,https://digital-energy.eu/en/projects/stima-care,src_75449c38606a534e,independently_evidenced,ai_assisted_research,batch_001_release_008,kaykluz,2026-08-02,,,"Human reviewed. Source locator: Project description and Key milestones sections identify the Kenya-based SaaS platform, functions and pilot integrations."
asrt_bulk_1d2c44b01333501a,organisation,org_b4e978f005016067,website,https://climatecompatiblegrowth.com/,src_c884b377e1fc531b,public_source,ai_assisted_research,batch_001_release_006,kaykluz,2026-08-02,,,Human reviewed. Source locator: IMPACCT Framework finance paragraph identifies FinTrack as the source of financing terms.
asrt_bulk_1d8581998ed015bb,product,prod_acf9505b6591bcdc,description,Open-source geospatial optimisation software for least-cost electrification planning.,src_49525542a4a0aa7a,provider_claim_only,ai_assisted_research,batch_001_release_010,kaykluz,2026-08-02,,,"Human reviewed. Source locator: Governments and Industry and Think Tanks sections list applications in Nigeria, Ethiopia, Kenya, Tanzania, Madagascar, Benin and other African contexts."
asrt_bulk_1dc1c6c150130219,product,prod_ad4f1a22ff85d12b,organisation_id,org_6813554323495fa0,src_705592f873593725,provider_claim_only,ai_assisted_research,batch_001_release_013,kaykluz,2026-08-02,,,Human reviewed. Source locator: Opening paragraph and complete energy trading platform feature list; contact block gives the Cape Town address.
asrt_bulk_1df69eb6654d30ad,product,prod_870e878724216eb1,lifecycle_status,active,src_85884b03ae89ab9b,independently_evidenced,ai_assisted_research,batch_001_release_008,kaykluz,2026-08-02,,,"Human reviewed. Source locator: Project at a Glance, Solution, How It Works and Results So Far sections name the platform and describe real-world operator use across sub-Saharan Africa."
asrt_bulk_1e107d31348e38f1,product,prod_642f0da0b4e417a3,sector_id,sector_emobility_batteries,src_de00f697c22cfe83,provider_claim_only,ai_assisted_research,batch_001_release_004,kaykluz,2026-08-02,,,"Human reviewed. Source locator: Featured Product and All-in-one EV Charging Software Management sections name Pika EV Drive and list station, session and smart-energy controls; page gives Cairo headquarters."
asrt_bulk_1e7895b9892e3856,product,prod_50515a6186c6f41d,access_model,commercial,src_8663e6ac3734b42a,provider_claim_only,ai_assisted_research,batch_001_release_008,kaykluz,2026-08-02,,,"Human reviewed. Source locator: Sections 'EMS Software | Monitoring & Control', 'Key functionalities' and FAQs; Solar MD contact page identifies Cape Town as the Africa head office."
asrt_bulk_1e798f5860a94be7,product,prod_bb8d9737e621ddbf,lifecycle_status,pilot,src_05e838c776926403,independently_evidenced,ai_assisted_research,batch_001_release_008,kaykluz,2026-08-02,,,"Human reviewed. Source locator: Project heading and summary identify SolarFlow, Burkina Faso and its monitoring, automation and optimisation functions."
asrt_bulk_1e9742907d0655ed,organisation,org_73b14ede2c4a2ead,origin_classification,public_or_open_infrastructure,src_e5c412f183848e7c,provider_claim_only,ai_assisted_research,batch_001_release_006,kaykluz,2026-08-02,,,"Human reviewed. Source locator: README opening and Features sections describe optimisation, dispatch, power-flow and planning functions; linked African models establish regional use."
asrt_bulk_1ea746be650fdbd2,organisation,org_36577bb3608ee5a3,website,https://www.ampersand.energy/,src_06e5f378dc49db18,provider_claim_only,ai_assisted_research,batch_001_release_003,kaykluz,2026-08-02,,,"Human reviewed. Source locator: Our Technology section names AmperOps and describes fleet-management, telemetry and predictive battery-lifespan optimisation."
asrt_bulk_1eae4e9e7531f060,organisation,org_96eebaf75520bce8,website,https://solink.co.za/about-us/,src_c563b254a72836d5,provider_claim_only,ai_assisted_research,batch_001_release_007,kaykluz,2026-08-02,,,"Human reviewed. Source locator: Sections 'What is SOLINK Core?' and 'How SOLINK Core Works', steps 01 through 04."
asrt_bulk_1ed6176d05369c20,product,prod_a4f1a4a52c37c33c,primary_category_id,cat_paygo_minigrid_operations,src_36ff3d019dab7c6f,provider_claim_only,ai_assisted_research,batch_001_release_009,kaykluz,2026-08-02,,,Human reviewed. Source locator: Overview paragraphs identifying Kazang Solar as a Zambian PAYGo solar distributor and stating it adopted PaygOps in late 2022.
asrt_bulk_1f1e3bb90c1146a5,product,prod_dafd91d42f6636f9,description,"A cloud utility platform that ingests smart-meter data and automates tariff application, billing, wheeling calculations and dashboards.",src_728b5d57ef518817,provider_claim_only,ai_assisted_research,batch_001_release_012,kaykluz,2026-08-02,,,Human reviewed. Source locator: Opening product description and 'Key Capabilities' list; call-to-action names George Municipality as a user.
asrt_bulk_1f3119ccf1ff021e,product,prod_b91aa7029d7054cd,name,Smart-View SaaS Utilities Management Solution,src_2a5c99c65a3533f8,provider_claim_only,ai_assisted_research,batch_001_release_002,kaykluz,2026-08-02,,,"Human reviewed. Source locator: About Company; Who is Smart-View Technology; Analytics, Machine Learning & Reporting; Our Location."
asrt_bulk_1f336f119a4d2744,product,prod_88eab8436b1e03d8,name,PyPSA,src_e5c412f183848e7c,provider_claim_only,ai_assisted_research,batch_001_release_006,kaykluz,2026-08-02,,,"Human reviewed. Source locator: README opening and Features sections describe optimisation, dispatch, power-flow and planning functions; linked African models establish regional use."
asrt_bulk_1f62cf221396df7a,product,prod_01e0b6c0d126d66c,primary_category_id,cat_carbon_mrv_reporting,src_c2df3e2d24c3763b,provider_claim_only,ai_assisted_research,batch_001_release_001,kaykluz,2026-08-02,,,Human reviewed. Source locator: Market overview states its South African and wider African purpose and access to a platform for buying and selling carbon credits and renewable-energy certificates.
asrt_bulk_1fb4a0e474529fd0,organisation,org_406033f114a69ab6,country_of_origin,EG,src_c70678946460cecc,provider_claim_only,ai_assisted_research,batch_001_release_001,kaykluz,2026-08-02,,,"Human reviewed. Source locator: Products section, 'Energy Management System'; Contacts section gives the Giza, Egypt address."
asrt_bulk_1fb7039369d983fe,organisation,org_c196bc963028ee6e,website,https://climatecompatiblegrowth.com/,src_c884b377e1fc531b,public_source,ai_assisted_research,batch_001_release_007,kaykluz,2026-08-02,,,Human reviewed. Source locator: Model Integration / IMPACCT Framework paragraph names FlexTool for evaluating power-system flexibility from OSeMOSYS results.
asrt_bulk_1ff19cf3e1d673c9,deployment,dep_91df12effd6080a3,product_id,prod_84787f6a75dff4dd,src_d151cbedc6c4759e,provider_claim_only,ai_assisted_research,batch_001_release_008,kaykluz,2026-08-02,,,"Human reviewed. Source locator: Daystar Power case block: Nigeria, Ghana, Togo and Senegal; 200+ sites; customer quotation describing AMMP as an operations tool."
asrt_bulk_2020a2d1f2eba782,product,prod_835fa410d7e3dba0,description,"Moroccan EV-charging application for locating chargers, checking availability, controlling sessions and paying.",src_4acfd42725b98b4e,provider_claim_only,ai_assisted_research,batch_001_release_004,kaykluz,2026-08-02,,,"Human reviewed. Source locator: About this app section describes live charging discovery, availability, remote start/stop and payments; developer address is in Rabat, Morocco."
asrt_bulk_211bd006b862e088,organisation,org_b5a699ab229742b6,website,https://www.enerweb.co.za/,src_d129bd0549b7a8a2,provider_claim_only,ai_assisted_research,batch_001_release_007,kaykluz,2026-08-02,,,"Human reviewed. Source locator: Opening product overview, Data-driven Process and Features sections."
asrt_bulk_211e611591f56606,product,prod_5cabfd347277fd43,website,https://www.iea.org/data-and-statistics/data-product/building-level-electricity-access-and-demand-model,src_6fa288b6cac304e9,provider_claim_only,ai_assisted_research,batch_001_release_010,kaykluz,2026-08-02,,,"Human reviewed. Source locator: Opening product description names the IEA-MIT collaboration, open-source status and sub-Saharan Africa coverage."
asrt_bulk_212a71c1afcc0024,organisation,org_a08b81b7f5f0b23a,headquarters_country,ZA,src_8663e6ac3734b42a,provider_claim_only,ai_assisted_research,batch_001_release_008,kaykluz,2026-08-02,,,"Human reviewed. Source locator: Sections 'EMS Software | Monitoring & Control', 'Key functionalities' and FAQs; Solar MD contact page identifies Cape Town as the Africa head office."
asrt_bulk_21825af54f4e7d29,product,prod_27402d8bb06c6333,organisation_id,org_a4f72ab71d53535a,src_4319a4161634cca0,provider_claim_only,ai_assisted_research,batch_001_release_001,kaykluz,2026-08-02,,,Human reviewed. Source locator: Section 'How Does Aspire Use SHYFT Technology?' and the 'Impact Hub & Google Launch Pad' fully deployed project block.
asrt_bulk_21c1d2bca32dfeab,organisation,org_907aa74533dc527b,website,https://www.gevernova.com/,src_c7616caa46f7a0c2,provider_claim_only,ai_assisted_research,batch_001_release_013,kaykluz,2026-08-02,,,Human reviewed. Source locator: Opening announcement and ICC technology list naming an Energy Management System engineered for dispatching.
asrt_bulk_21e5c4d22069e628,organisation,org_fc7c0c72d1969875,country_of_origin,ZA,src_f533c88c1d12d756,provider_claim_only,ai_assisted_research,batch_001_release_002,kaykluz,2026-08-02,,,"Human reviewed. Source locator: Opening product description, 'Adroit IoT Platform', 'Security', 'Services Orientated' and vertical-application paragraph naming Energy."
asrt_bulk_2221721aee6b5e6e,product,prod_46feee3513c5f4a9,name,NetView,src_19cbb51c9737fa08,provider_claim_only,ai_assisted_research,batch_001_release_011,kaykluz,2026-08-02,,,Human reviewed. Source locator: Launch Platform > NetView product entry.
asrt_bulk_222bcfff56c7096c,product,prod_6511e9ace503cbaa,website,https://climatecompatiblegrowth.com/international-partnerships/data-and-tools/modelling-tools-and-frameworks/,src_c884b377e1fc531b,public_source,ai_assisted_research,batch_001_release_006,kaykluz,2026-08-02,,,Human reviewed. Source locator: IMPACCT Framework finance paragraph identifies FinCoRE as the source of projected capital costs.
asrt_bulk_22d14625eec38eab,organisation,org_e7a91741bca86f28,country_of_origin,KE,src_e0428ec7ccfcfd99,provider_claim_only,ai_assisted_research,batch_001_release_012,kaykluz,2026-08-02,,,Human reviewed. Source locator: Opening 'Empower your customers' section and 'Better informed' notification list.
asrt_bulk_22f1acf49b83b6fc,deployment,dep_c4d486068f0ae346,started_year,2025,src_8ad2a6fd5ad32af1,independently_evidenced,ai_assisted_research,batch_001_release_001,kaykluz,2026-08-02,,,"Human reviewed. Source locator: Opening two paragraphs identify Growthpoint's South African e-co2 initiative, Fuel Switch partnership and blockchain REC exchange rollout."
asrt_bulk_22f9cf71ad81a1b1,product,prod_7dc0a9bb41944d44,access_model,commercial,src_0a4fa31247a1d3c3,provider_claim_only,ai_assisted_research,batch_001_release_003,kaykluz,2026-08-02,,,Human reviewed. Source locator: Technology page section on the Driver App describes checking battery level and finding a swap station.
asrt_bulk_2315872d70422c22,organisation,org_99b1e294a6715f25,country_of_origin,ZA,src_19cbb51c9737fa08,provider_claim_only,ai_assisted_research,batch_001_release_011,kaykluz,2026-08-02,,,Human reviewed. Source locator: Launch Platform > NetVend product entry.
asrt_bulk_2346b99d3d53d068,product,prod_353718ec5630f5cc,lifecycle_status,active,src_d129bd0549b7a8a2,provider_claim_only,ai_assisted_research,batch_001_release_007,kaykluz,2026-08-02,,,"Human reviewed. Source locator: Opening product overview, Data-driven Process and Features sections."
asrt_bulk_2370f5cdce9edb59,product,prod_353718ec5630f5cc,name,Market Forecaster,src_d129bd0549b7a8a2,provider_claim_only,ai_assisted_research,batch_001_release_007,kaykluz,2026-08-02,,,"Human reviewed. Source locator: Opening product overview, Data-driven Process and Features sections."
asrt_bulk_239761f1e452f3fc,organisation,org_6813554323495fa0,name,Switch Energy,src_25c2a0a72ca484b2,provider_claim_only,ai_assisted_research,batch_001_release_012,kaykluz,2026-08-02,,,"Human reviewed. Source locator: Sections 'Smart Metering & Energy Trading Solutions' and 'Smart Metering', especially the internally built meter-management ecosystem paragraph."
asrt_bulk_241b11d6db80b5a0,product,prod_47d2aba604b42faf,website,https://www.gevernova.com/software/products/grid-os,src_c7616caa46f7a0c2,provider_claim_only,ai_assisted_research,batch_001_release_007,kaykluz,2026-08-02,,,Human reviewed. Source locator: Paragraph stating that the ICC platform was upgraded with GE Vernova's GridOS forecasting solution for VRE forecasting and ramping.
asrt_bulk_24b93078bf3f56b7,product,prod_09961473d83843e4,description,Open-source power-system flexibility assessment tool used after capacity-expansion modelling.,src_c884b377e1fc531b,public_source,ai_assisted_research,batch_001_release_007,kaykluz,2026-08-02,,,Human reviewed. Source locator: Model Integration / IMPACCT Framework paragraph names FlexTool for evaluating power-system flexibility from OSeMOSYS results.
asrt_bulk_24e4eee6835055b2,product,prod_65cb59d227c4267f,name,GridOS Energy Management System,src_c7616caa46f7a0c2,provider_claim_only,ai_assisted_research,batch_001_release_013,kaykluz,2026-08-02,,,Human reviewed. Source locator: Opening announcement and ICC technology list naming an Energy Management System engineered for dispatching.
asrt_bulk_24e6d596ae9c5a33,organisation,org_b5a699ab229742b6,origin_classification,africa_built,src_d129bd0549b7a8a2,provider_claim_only,ai_assisted_research,batch_001_release_007,kaykluz,2026-08-02,,,"Human reviewed. Source locator: Opening product overview, Data-driven Process and Features sections."
asrt_bulk_24fa5dd391caf16e,product,prod_642f0da0b4e417a3,organisation_id,org_5d4d39fbfe878d2c,src_de00f697c22cfe83,provider_claim_only,ai_assisted_research,batch_001_release_004,kaykluz,2026-08-02,,,"Human reviewed. Source locator: Featured Product and All-in-one EV Charging Software Management sections name Pika EV Drive and list station, session and smart-energy controls; page gives Cairo headquarters."
asrt_bulk_250e9b8f0a21fd5c,organisation,org_73b14ede2c4a2ead,name,PyPSA Contributors,src_e5c412f183848e7c,provider_claim_only,ai_assisted_research,batch_001_release_006,kaykluz,2026-08-02,,,"Human reviewed. Source locator: README opening and Features sections describe optimisation, dispatch, power-flow and planning functions; linked African models establish regional use."
asrt_bulk_25152257e2aaaf1f,product,prod_28e66e28e429e98a,website,https://www.kofa.co/solutions,src_0df75f7550839b7c,provider_claim_only,ai_assisted_research,batch_001_release_005,kaykluz,2026-08-02,,,"Human reviewed. Source locator: Kofa app technology and Swap & Go sections describe app-based access, station availability and Ghana/Kenya network operations."
asrt_bulk_256baa050eb518a9,product,prod_bb8d9737e621ddbf,organisation_id,org_3684c370a0486cf0,src_05e838c776926403,independently_evidenced,ai_assisted_research,batch_001_release_008,kaykluz,2026-08-02,,,"Human reviewed. Source locator: Project heading and summary identify SolarFlow, Burkina Faso and its monitoring, automation and optimisation functions."
asrt_bulk_256f3a72a208eedf,product,prod_3b9526941c4a04c6,sector_id,sector_power_utilities,src_7de3c1f07aa1a7fc,provider_claim_only,ai_assisted_research,batch_001_release_002,kaykluz,2026-08-02,,,"Human reviewed. Source locator: Solution section stating that IoT, smart-meter and RTU data is aggregated with ArcGIS GeoEvent Server to update feature layers."
asrt_bulk_25acf1660b634976,organisation,org_cbf8bcdb4fb4587b,name,Resource Matters and partners,src_80750634d4eb4e8f,public_source,ai_assisted_research,batch_001_release_010,kaykluz,2026-08-02,,,Human reviewed. Source locator: Congo Epela Platform subsection identifies Resource Matters and the DRC least-cost electrification application.
asrt_bulk_25cca13ec3dcb3f5,product,prod_39480c97b0739c3c,organisation_id,org_406033f114a69ab6,src_c70678946460cecc,provider_claim_only,ai_assisted_research,batch_001_release_003,kaykluz,2026-08-02,,,"Human reviewed. Source locator: Products section, 'Utility Management Platform'; Contacts section gives the Giza, Egypt address."
asrt_bulk_266ea9531e4f1914,product,prod_c88c7983f9fcb410,description,"Online interface presenting OnSSET methods, datasets and electrification-planning results.",src_80750634d4eb4e8f,provider_claim_only,ai_assisted_research,batch_001_release_010,kaykluz,2026-08-02,,,Human reviewed. Source locator: United Nations app subsection describes the interface and results for 54 developing countries in sub-Saharan Africa and Latin America.
asrt_bulk_2683fce3b9ff2e7d,organisation,org_530820839614a2eb,website,https://www.esri.com/,src_fdebbdff203ee17c,provider_claim_only,ai_assisted_research,batch_001_release_009,kaykluz,2026-08-02,,,"Human reviewed. Source locator: Solution section describing 20 field crews using ArcGIS Survey123 to collect customer, property, meter and equipment information."
asrt_bulk_26d315f623cf7f7b,product,prod_af06988b7962e214,primary_category_id,cat_emobility_battery_networks,src_a007594faa6d6482,provider_claim_only,ai_assisted_research,batch_001_release_004,kaykluz,2026-08-02,,,"Human reviewed. Source locator: Homepage section on the national network names ChargePocket and describes its live map, charger details, sessions and payments."
asrt_bulk_26f28bc411268e93,product,prod_28e66e28e429e98a,organisation_id,org_df0fd10412aadaab,src_0df75f7550839b7c,provider_claim_only,ai_assisted_research,batch_001_release_005,kaykluz,2026-08-02,,,"Human reviewed. Source locator: Kofa app technology and Swap & Go sections describe app-based access, station availability and Ghana/Kenya network operations."
asrt_bulk_26f5778861ec97fd,organisation,org_d1bdcd4f66807716,website,https://pypsa-earth.readthedocs.io/,src_978f6fdd465962a6,provider_claim_only,ai_assisted_research,batch_001_release_006,kaykluz,2026-08-02,,,Human reviewed. Source locator: README introduction and cited paper identify the open model and its demonstration in Africa.
asrt_bulk_26fb0f44cd71ace7,product,prod_daa50f9ebedcc7b0,description,Geospatial information system for data-driven and inclusive energy-access planning.,src_c884b377e1fc531b,public_source,ai_assisted_research,batch_001_release_011,kaykluz,2026-08-02,,,Human reviewed. Source locator: EAE description and IMPACCT Framework paragraph identify the tool for priority-area and energy-access planning.
asrt_bulk_278d46a859b3af56,product,prod_d6cc37a1cf2d1294,website,https://pypsa-earth.readthedocs.io/,src_978f6fdd465962a6,provider_claim_only,ai_assisted_research,batch_001_release_006,kaykluz,2026-08-02,,,Human reviewed. Source locator: README introduction and cited paper identify the open model and its demonstration in Africa.
asrt_bulk_27983f7846500808,product,prod_28e66e28e429e98a,lifecycle_status,active,src_0df75f7550839b7c,provider_claim_only,ai_assisted_research,batch_001_release_005,kaykluz,2026-08-02,,,"Human reviewed. Source locator: Kofa app technology and Swap & Go sections describe app-based access, station availability and Ghana/Kenya network operations."
asrt_bulk_27b272a46feaa758,organisation,org_b4e978f005016067,name,Climate Compatible Growth,src_c884b377e1fc531b,public_source,ai_assisted_research,batch_001_release_009,kaykluz,2026-08-02,,,Human reviewed. Source locator: IMPACCT Framework paragraph names NISMOD for national infrastructure planning.
asrt_bulk_27ce04efdb149bc2,product,prod_d123b1e7b49b439e,name,CLEWs,src_c884b377e1fc531b,public_source,ai_assisted_research,batch_001_release_005,kaykluz,2026-08-02,,,Human reviewed. Source locator: IMPACCT Framework paragraph names CLEWs for studying energy linkages with land and water.
asrt_bulk_27e6a30f16bdcd61,product,prod_65cb59d227c4267f,website,https://www.gevernova.com/software/products/grid-os,src_c7616caa46f7a0c2,provider_claim_only,ai_assisted_research,batch_001_release_013,kaykluz,2026-08-02,,,Human reviewed. Source locator: Opening announcement and ICC technology list naming an Energy Management System engineered for dispatching.
asrt_bulk_27ebf93393e03cdd,organisation,org_58b430c887a693da,name,Fuel Switch,src_8ad2a6fd5ad32af1,independently_evidenced,ai_assisted_research,batch_001_release_001,kaykluz,2026-08-02,,,"Human reviewed. Source locator: Opening two paragraphs identify Growthpoint's South African e-co2 initiative, Fuel Switch partnership and blockchain REC exchange rollout."
asrt_bulk_27fd6f6d15cb3e9b,organisation,org_60c02033635240b1,website,https://climatecompatiblegrowth.com/,src_c884b377e1fc531b,public_source,ai_assisted_research,batch_001_release_007,kaykluz,2026-08-02,,,Human reviewed. Source locator: Model Integration / IMPACCT Framework paragraph identifies MAED for energy-demand assessments.
asrt_bulk_2835b8c2880cd879,organisation,org_2744e404ad22d210,website,https://www.esmap.org/,src_a6c915fb6879f499,public_source,ai_assisted_research,batch_001_release_011,kaykluz,2026-08-02,,,Human reviewed. Source locator: Paragraph beginning 'The GEP provides' describes the GEP Explorer and its adjustable least-cost planning parameters.
asrt_bulk_28c1c344c9132e83,deployment,dep_cc875ff369c6e798,lifecycle_status,active,src_7de3c1f07aa1a7fc,provider_claim_only,ai_assisted_research,batch_001_release_002,kaykluz,2026-08-02,,,"Human reviewed. Source locator: Solution section stating that IoT, smart-meter and RTU data is aggregated with ArcGIS GeoEvent Server to update feature layers."
asrt_bulk_290696aa60662057,deployment,dep_ef40e913768f8074,product_id,prod_7b787a3f1eec1e39,src_2036ee97788b09bc,provider_claim_only,ai_assisted_research,batch_001_release_005,kaykluz,2026-08-02,,,Human reviewed. Source locator: FAQ questions 3 and 9 list Kenya among operating countries and instruct riders to locate swap stations with the Spiro app.
asrt_bulk_298cdefb549e8cc6,product,prod_ad4f1a22ff85d12b,website,https://www.switch.org.za/energy-trading-wheeling,src_705592f873593725,provider_claim_only,ai_assisted_research,batch_001_release_013,kaykluz,2026-08-02,,,Human reviewed. Source locator: Opening paragraph and complete energy trading platform feature list; contact block gives the Cape Town address.
asrt_bulk_29e9c5d74f1cdbf2,product,prod_5a6f083895aef158,sector_id,sector_power_utilities,src_5d32c0903dfe6e9c,provider_claim_only,ai_assisted_research,batch_001_release_011,kaykluz,2026-08-02,,,"Human reviewed. Source locator: Sections 'Download the Citiq app' and 'Manage your utilities on the go', plus the statement that the technology is locally built in South Africa."
asrt_bulk_2a41c78cd59ca8ee,product,prod_f3d9dc4a77ea4cab,organisation_id,org_9df3ccd43710a1e4,src_0b7158369b815d9f,provider_claim_only,ai_assisted_research,batch_001_release_002,kaykluz,2026-08-02,,,Human reviewed. Source locator: Presentation summary under '2022 – AVEVA PI World – Amsterdam – Power Generation'.
asrt_bulk_2aeaa944b920a06a,organisation,org_2744e404ad22d210,origin_classification,public_or_open_infrastructure,src_a6c915fb6879f499,public_source,ai_assisted_research,batch_001_release_011,kaykluz,2026-08-02,,,Human reviewed. Source locator: Paragraph beginning 'The GEP provides' describes the GEP Explorer and its adjustable least-cost planning parameters.
asrt_bulk_2b09d63164d2ff9e,product,prod_835fa410d7e3dba0,website,https://play.google.com/store/apps/details?id=com.estations.ma,src_4acfd42725b98b4e,provider_claim_only,ai_assisted_research,batch_001_release_004,kaykluz,2026-08-02,,,"Human reviewed. Source locator: About this app section describes live charging discovery, availability, remote start/stop and payments; developer address is in Rabat, Morocco."
asrt_bulk_2b0a92e0c04ba111,organisation,org_063aba978073ba5d,website,https://citiqprepaid.co.za/,src_5d32c0903dfe6e9c,provider_claim_only,ai_assisted_research,batch_001_release_011,kaykluz,2026-08-02,,,"Human reviewed. Source locator: Sections 'Download the Citiq app' and 'Manage your utilities on the go', plus the statement that the technology is locally built in South Africa."
asrt_bulk_2b12876554386866,product,prod_39480c97b0739c3c,sector_id,sector_power_utilities,src_c70678946460cecc,provider_claim_only,ai_assisted_research,batch_001_release_003,kaykluz,2026-08-02,,,"Human reviewed. Source locator: Products section, 'Utility Management Platform'; Contacts section gives the Giza, Egypt address."
asrt_bulk_2b1e2232353ab6e7,organisation,org_0a99ba7088470e53,name,Ontec Systems (Pty) Ltd,src_0e2b17c179cb2014,provider_claim_only,ai_assisted_research,batch_001_release_012,kaykluz,2026-08-02,,,Human reviewed. Source locator: Data Centre > Meter Data Manager and Vending Gateway sections.
asrt_bulk_2b293e00bbfb6aff,organisation,org_907aa74533dc527b,website,https://www.gevernova.com/,src_c7616caa46f7a0c2,provider_claim_only,ai_assisted_research,batch_001_release_013,kaykluz,2026-08-02,,,Human reviewed. Source locator: Opening announcement and ICC technology list naming a Wide Area Monitoring System designed for grid stability.
asrt_bulk_2b73b9d614416e9b,product,prod_dfff8365390e2421,lifecycle_status,active,src_0df75f7550839b7c,provider_claim_only,ai_assisted_research,batch_001_release_004,kaykluz,2026-08-02,,,"Human reviewed. Source locator: Fleet Management feature explicitly names the Kofa Fleet Platform and describes rider access, purchases and running-cost management."
asrt_bulk_2b80517ff988e6a4,product,prod_65cb59d227c4267f,description,"Transmission control-centre software for dispatch, real-time monitoring, generation-demand balancing, network analysis and renewable integration.",src_c7616caa46f7a0c2,provider_claim_only,ai_assisted_research,batch_001_release_013,kaykluz,2026-08-02,,,Human reviewed. Source locator: Opening announcement and ICC technology list naming an Energy Management System engineered for dispatching.
asrt_bulk_2ba7521e8a4f6668,product,prod_99c67cf93bb73c5f,lifecycle_status,active,src_966853451e9815ad,provider_claim_only,ai_assisted_research,batch_001_release_005,kaykluz,2026-08-02,,,Human reviewed. Source locator: Locate & Control Your Charge Sessions and Seamless Payments sections; introduction states the app is for drivers in South Africa.
asrt_bulk_2babc3aa3e0944c8,organisation,org_907aa74533dc527b,website,https://www.gevernova.com/,src_c7616caa46f7a0c2,provider_claim_only,ai_assisted_research,batch_001_release_007,kaykluz,2026-08-02,,,Human reviewed. Source locator: Paragraph stating that the ICC platform was upgraded with GE Vernova's GridOS forecasting solution for VRE forecasting and ramping.
asrt_bulk_2bb0704b9368b426,product,prod_28e66e28e429e98a,description,"Mobile and web application for battery-swap access, station discovery, battery availability and account management.",src_0df75f7550839b7c,provider_claim_only,ai_assisted_research,batch_001_release_005,kaykluz,2026-08-02,,,"Human reviewed. Source locator: Kofa app technology and Swap & Go sections describe app-based access, station availability and Ghana/Kenya network operations."
asrt_bulk_2bbb1462891c122b,product,prod_00904b9e2148c62a,description,"SCADA and IoT rapid-development platform for secure device integration, data logging and operational dashboards across energy and other industrial applications.",src_f533c88c1d12d756,provider_claim_only,ai_assisted_research,batch_001_release_002,kaykluz,2026-08-02,,,"Human reviewed. Source locator: Opening product description, 'Adroit IoT Platform', 'Security', 'Services Orientated' and vertical-application paragraph naming Energy."
asrt_bulk_2c8bef3fcb793b81,product,prod_fcaaff4768a60d65,description,Model for Analysis of Energy Demand used to develop sectoral energy-demand assessments.,src_c884b377e1fc531b,public_source,ai_assisted_research,batch_001_release_007,kaykluz,2026-08-02,,,Human reviewed. Source locator: Model Integration / IMPACCT Framework paragraph identifies MAED for energy-demand assessments.
asrt_bulk_2c9beccddf47b2ec,organisation,org_b4e978f005016067,origin_classification,public_or_open_infrastructure,src_b0d8da97968bb795,provider_claim_only,ai_assisted_research,batch_001_release_005,kaykluz,2026-08-02,,,"Human reviewed. Source locator: Article summary and South African case-study paragraph describe the interface, functions and EMP-A 2021 application."
asrt_bulk_2cb69742d7589f53,organisation,org_b4e978f005016067,name,Climate Compatible Growth,src_c884b377e1fc531b,public_source,ai_assisted_research,batch_001_release_006,kaykluz,2026-08-02,,,Human reviewed. Source locator: IMPACCT Framework paragraph names FFRM for analysing foregone revenue from early fossil-plant shutdowns.
asrt_bulk_2d0f9383d57f5b25,product,prod_fcaaff4768a60d65,sector_id,sector_power_utilities,src_c884b377e1fc531b,public_source,ai_assisted_research,batch_001_release_007,kaykluz,2026-08-02,,,Human reviewed. Source locator: Model Integration / IMPACCT Framework paragraph identifies MAED for energy-demand assessments.
asrt_bulk_2d288d80604775b0,product,prod_7f669470202474a2,name,clicSAND,src_b0d8da97968bb795,provider_claim_only,ai_assisted_research,batch_001_release_005,kaykluz,2026-08-02,,,"Human reviewed. Source locator: Article summary and South African case-study paragraph describe the interface, functions and EMP-A 2021 application."
asrt_bulk_2d4a43f98a7f32e1,product,prod_f63dd1268b6e12c7,organisation_id,org_686ef9b185a5a75d,src_0aeaf7bbb4111bf3,provider_claim_only,ai_assisted_research,batch_001_release_004,kaykluz,2026-08-02,,,"Human reviewed. Source locator: Application feature bullet states it locates, organises and pays for charging; page reports more than 100 charging points in Morocco."
asrt_bulk_2de5cf5312a2d253,organisation,org_fc7c0c72d1969875,origin_classification,africa_built,src_f533c88c1d12d756,provider_claim_only,ai_assisted_research,batch_001_release_002,kaykluz,2026-08-02,,,"Human reviewed. Source locator: Opening product description, 'Adroit IoT Platform', 'Security', 'Services Orientated' and vertical-application paragraph naming Energy."
asrt_bulk_2e327b73a017a80d,organisation,org_5d4d39fbfe878d2c,headquarters_country,EG,src_de00f697c22cfe83,provider_claim_only,ai_assisted_research,batch_001_release_004,kaykluz,2026-08-02,,,"Human reviewed. Source locator: Featured Product and All-in-one EV Charging Software Management sections name Pika EV Drive and list station, session and smart-energy controls; page gives Cairo headquarters."
asrt_bulk_2ea4abe3d10a15b7,product,prod_00904b9e2148c62a,website,https://adroitscada.com/adroit-m2m-and-iiot-platform/,src_f533c88c1d12d756,provider_claim_only,ai_assisted_research,batch_001_release_002,kaykluz,2026-08-02,,,"Human reviewed. Source locator: Opening product description, 'Adroit IoT Platform', 'Security', 'Services Orientated' and vertical-application paragraph naming Energy."
asrt_bulk_2eb4856947627ea8,product,prod_7f669470202474a2,description,Open-source user interface for entering OSeMOSYS data and visualising energy-system modelling results.,src_b0d8da97968bb795,provider_claim_only,ai_assisted_research,batch_001_release_005,kaykluz,2026-08-02,,,"Human reviewed. Source locator: Article summary and South African case-study paragraph describe the interface, functions and EMP-A 2021 application."
asrt_bulk_2ef151c32431adb7,organisation,org_99b1e294a6715f25,country_of_origin,ZA,src_19cbb51c9737fa08,provider_claim_only,ai_assisted_research,batch_001_release_011,kaykluz,2026-08-02,,,Human reviewed. Source locator: Launch Platform > NetFin product entry.
asrt_bulk_2f786d42c0e9cbd2,product,prod_84787f6a75dff4dd,name,AMMP OS,src_d151cbedc6c4759e,provider_claim_only,ai_assisted_research,batch_001_release_008,kaykluz,2026-08-02,,,"Human reviewed. Source locator: Daystar Power case block: Nigeria, Ghana, Togo and Senegal; 200+ sites; customer quotation describing AMMP as an operations tool."
asrt_bulk_2f8580599852562e,product,prod_d52c504a42c601a3,lifecycle_status,active,src_a9aeffadb63a1fef,provider_claim_only,ai_assisted_research,batch_001_release_006,kaykluz,2026-08-02,,,"Human reviewed. Source locator: Opening paragraph states that OSeMOSYS has been used for African Power Pools and other continental, country and village models."
asrt_bulk_2fa6ec74f05c1568,organisation,org_406033f114a69ab6,origin_classification,africa_built,src_c70678946460cecc,provider_claim_only,ai_assisted_research,batch_001_release_001,kaykluz,2026-08-02,,,"Human reviewed. Source locator: Products section, 'Energy Management System'; Contacts section gives the Giza, Egypt address."
asrt_bulk_301340bc0577168a,product,prod_83e8647b12c0f40a,name,SparkMeter digital grid and smart-metering platform,src_a1861482fff6a50d,independently_evidenced,ai_assisted_research,batch_001_release_003,kaykluz,2026-08-02,,,"Human reviewed. Source locator: Sections 'Connecting Displaced Communities' and 'Powering Business', especially the introduction of SparkMeter prepaid meters and transfer of remaining connections to BECO."
asrt_bulk_30508b30483af072,product,prod_fbd4ec7d619dc446,organisation_id,org_41b9fcad44ad911b,src_b587f5fa42612646,public_source,ai_assisted_research,batch_001_release_005,kaykluz,2026-08-02,,,"Human reviewed. Source locator: Winner profile, paragraphs describing 7Secondsolar's Cape Town headquarters and AutoPV functions, plus Contact Data."
asrt_bulk_306017117ba1ee4b,deployment,dep_6c7d4295f3f84919,started_year,2018,src_1aba15c2ac9250fc,provider_claim_only,ai_assisted_research,batch_001_release_009,kaykluz,2026-08-02,,,"Human reviewed. Source locator: Solution paragraph selecting ArcGIS Enterprise and Results paragraphs stating installation in 2018, portal deployment, dashboards and spatial analysis."
asrt_bulk_307f56fbaa844eca,product,prod_37d006103d63d180,description,Financial modelling tool supplying financing terms for energy-investment analysis.,src_c884b377e1fc531b,public_source,ai_assisted_research,batch_001_release_006,kaykluz,2026-08-02,,,Human reviewed. Source locator: IMPACCT Framework finance paragraph identifies FinTrack as the source of financing terms.
asrt_bulk_309cea15a8e41b5f,product,prod_af06988b7962e214,lifecycle_status,active,src_a007594faa6d6482,provider_claim_only,ai_assisted_research,batch_001_release_004,kaykluz,2026-08-02,,,"Human reviewed. Source locator: Homepage section on the national network names ChargePocket and describes its live map, charger details, sessions and payments."
asrt_bulk_30c6573032320920,product,prod_3c464ba494208cc0,website,https://climatecompatiblegrowth.com/international-partnerships/data-and-tools/modelling-tools-and-frameworks/,src_c884b377e1fc531b,public_source,ai_assisted_research,batch_001_release_001,kaykluz,2026-08-02,,,Human reviewed. Source locator: IMPACCT Framework paragraph identifies PathCalc for interactively visualising carbon emissions.
asrt_bulk_30e5d27acac5e5e5,deployment,dep_91df12effd6080a3,customer_disclosure,named,src_d151cbedc6c4759e,provider_claim_only,ai_assisted_research,batch_001_release_008,kaykluz,2026-08-02,,,"Human reviewed. Source locator: Daystar Power case block: Nigeria, Ghana, Togo and Senegal; 200+ sites; customer quotation describing AMMP as an operations tool."
asrt_bulk_3116037e1f810021,organisation,org_d8a52b70cf175966,website,https://poweroptimal.com/,src_afd975f932305487,provider_claim_only,ai_assisted_research,batch_001_release_001,kaykluz,2026-08-02,,,"Human reviewed. Source locator: Introduction: the Elon Smart Water Solution includes hardware, a mobile app and a cloud services platform; About page states the IP and manufacturing are South African."
asrt_bulk_31cb477b7e9e5264,organisation,org_d669749a39dbc6b6,website,https://www.jse.co.za/,src_c2df3e2d24c3763b,provider_claim_only,ai_assisted_research,batch_001_release_001,kaykluz,2026-08-02,,,Human reviewed. Source locator: Market overview states its South African and wider African purpose and access to a platform for buying and selling carbon credits and renewable-energy certificates.
asrt_bulk_31cf3df96a3db3df,product,prod_f63dd1268b6e12c7,lifecycle_status,active,src_0aeaf7bbb4111bf3,provider_claim_only,ai_assisted_research,batch_001_release_004,kaykluz,2026-08-02,,,"Human reviewed. Source locator: Application feature bullet states it locates, organises and pays for charging; page reports more than 100 charging points in Morocco."
asrt_bulk_32132d04360ca521,organisation,org_a8add2f3b4fe90af,origin_classification,public_or_open_infrastructure,src_006b50f09716afd0,provider_claim_only,ai_assisted_research,batch_001_release_006,kaykluz,2026-08-02,,,"Human reviewed. Source locator: Opening description identifies the software as an open-source, open-data model generator for any geographic subset of the globe."
asrt_bulk_3241ffd46d4978db,organisation,org_b5a699ab229742b6,origin_classification,africa_built,src_33e8d065011165de,provider_claim_only,ai_assisted_research,batch_001_release_002,kaykluz,2026-08-02,,,"Human reviewed. Source locator: Opening overview, Details and Features sections; Output Examples include grid GIS outputs."
asrt_bulk_32e0516022d36acb,product,prod_14d47cbe194106c4,name,Bboxx Pulse,src_2f4a7e763bb7e671,provider_claim_only,ai_assisted_research,batch_001_release_009,kaykluz,2026-08-02,,,Human reviewed. Source locator: Country profile opening paragraphs: operations launched as Bboxx in 2023 and use Bboxx Pulse in Mali.
asrt_bulk_32e0af23a38c05b4,product,prod_31c98189497128c4,access_model,commercial,src_0b2d11046a03402c,provider_claim_only,ai_assisted_research,batch_001_release_005,kaykluz,2026-08-02,,,"Human reviewed. Source locator: How It Works and Key Features sections name the web app, station location, IoT health monitoring and dynamic routing; contact section identifies Nairobi."
asrt_bulk_32fc7dce1b32fff4,organisation,org_907aa74533dc527b,origin_classification,global_deployed_in_africa,src_c7616caa46f7a0c2,provider_claim_only,ai_assisted_research,batch_001_release_013,kaykluz,2026-08-02,,,Human reviewed. Source locator: Opening announcement and ICC technology list naming a Wide Area Monitoring System designed for grid stability.
asrt_bulk_3326546b3ad11d70,deployment,dep_c4d486068f0ae346,customer_disclosure,named,src_8ad2a6fd5ad32af1,independently_evidenced,ai_assisted_research,batch_001_release_001,kaykluz,2026-08-02,,,"Human reviewed. Source locator: Opening two paragraphs identify Growthpoint's South African e-co2 initiative, Fuel Switch partnership and blockchain REC exchange rollout."
asrt_bulk_33570ea8b55f730e,organisation,org_907aa74533dc527b,origin_classification,global_deployed_in_africa,src_c7616caa46f7a0c2,provider_claim_only,ai_assisted_research,batch_001_release_007,kaykluz,2026-08-02,,,Human reviewed. Source locator: Paragraph stating that the ICC platform was upgraded with GE Vernova's GridOS forecasting solution for VRE forecasting and ramping.
asrt_bulk_3421db215e592d0d,deployment,dep_0fd414076188d885,started_year,2024,src_c7616caa46f7a0c2,provider_claim_only,ai_assisted_research,batch_001_release_007,kaykluz,2026-08-02,,,Human reviewed. Source locator: Paragraph stating that the ICC platform was upgraded with GE Vernova's GridOS forecasting solution for VRE forecasting and ramping.
asrt_bulk_34453b1a846275cd,product,prod_5a6f083895aef158,lifecycle_status,active,src_5d32c0903dfe6e9c,provider_claim_only,ai_assisted_research,batch_001_release_011,kaykluz,2026-08-02,,,"Human reviewed. Source locator: Sections 'Download the Citiq app' and 'Manage your utilities on the go', plus the statement that the technology is locally built in South Africa."
asrt_bulk_348f03f953a15437,product,prod_7b787a3f1eec1e39,description,Application for locating battery-swap stations on Spiro's African electric-mobility network.,src_2036ee97788b09bc,provider_claim_only,ai_assisted_research,batch_001_release_005,kaykluz,2026-08-02,,,Human reviewed. Source locator: FAQ questions 3 and 9 list Kenya among operating countries and instruct riders to locate swap stations with the Spiro app.
asrt_bulk_34a39a3bd2fe58e9,product,prod_d5b79f9c98ecce44,primary_category_id,cat_retail_metering_billing_payments,src_19cbb51c9737fa08,provider_claim_only,ai_assisted_research,batch_001_release_011,kaykluz,2026-08-02,,,Human reviewed. Source locator: Launch Platform > NetVend product entry.
asrt_bulk_34afed1fd67b1758,organisation,org_cdc655096c67d97e,origin_classification,africa_built,src_cdecc55785a2e84f,provider_claim_only,ai_assisted_research,batch_001_release_006,kaykluz,2026-08-02,,,"Human reviewed. Source locator: Sections 'This is the actual product', 'Engineering Studio', 'Yield and simulation', 'How a deal moves' and footer legal registration details."
asrt_bulk_34f20f09257f49f3,product,prod_09961473d83843e4,website,https://climatecompatiblegrowth.com/international-partnerships/data-and-tools/modelling-tools-and-frameworks/,src_c884b377e1fc531b,public_source,ai_assisted_research,batch_001_release_007,kaykluz,2026-08-02,,,Human reviewed. Source locator: Model Integration / IMPACCT Framework paragraph names FlexTool for evaluating power-system flexibility from OSeMOSYS results.
asrt_bulk_3537fc61e1c572c6,deployment,dep_3962898e06c0b969,country_iso2,MA,src_0b7158369b815d9f,provider_claim_only,ai_assisted_research,batch_001_release_002,kaykluz,2026-08-02,,,Human reviewed. Source locator: Presentation summary under '2022 – AVEVA PI World – Amsterdam – Power Generation'.
asrt_bulk_35dbf2c6c216d9c3,organisation,org_d669749a39dbc6b6,origin_classification,africa_built,src_c2df3e2d24c3763b,provider_claim_only,ai_assisted_research,batch_001_release_001,kaykluz,2026-08-02,,,Human reviewed. Source locator: Market overview states its South African and wider African purpose and access to a platform for buying and selling carbon credits and renewable-energy certificates.
asrt_bulk_36bf9191908371a9,product,prod_fcaaff4768a60d65,lifecycle_status,active,src_c884b377e1fc531b,public_source,ai_assisted_research,batch_001_release_007,kaykluz,2026-08-02,,,Human reviewed. Source locator: Model Integration / IMPACCT Framework paragraph identifies MAED for energy-demand assessments.
asrt_bulk_36e8bc736e855fc4,product,prod_8c028e7d3c878e74,lifecycle_status,active,src_7c0c0c942fa173cd,provider_claim_only,ai_assisted_research,batch_001_release_013,kaykluz,2026-08-02,,,Human reviewed. Source locator: Main project paragraph describes continent-wide African country and transmission-link coverage and states that the model is open source.
asrt_bulk_36f6551d3c437ce1,product,prod_835fa410d7e3dba0,access_model,commercial,src_4acfd42725b98b4e,provider_claim_only,ai_assisted_research,batch_001_release_004,kaykluz,2026-08-02,,,"Human reviewed. Source locator: About this app section describes live charging discovery, availability, remote start/stop and payments; developer address is in Rabat, Morocco."
asrt_bulk_37164dd4b309284f,deployment,dep_3bf37cad1e299f2e,customer_disclosure,named,src_c7616caa46f7a0c2,provider_claim_only,ai_assisted_research,batch_001_release_013,kaykluz,2026-08-02,,,Human reviewed. Source locator: Opening announcement and ICC technology list naming an Energy Management System engineered for dispatching.
asrt_bulk_3759c570b074ce93,organisation,org_a8add2f3b4fe90af,name,OSeMOSYS Community,src_a9aeffadb63a1fef,provider_claim_only,ai_assisted_research,batch_001_release_006,kaykluz,2026-08-02,,,"Human reviewed. Source locator: Opening paragraph states that OSeMOSYS has been used for African Power Pools and other continental, country and village models."
asrt_bulk_378c2968545c925f,organisation,org_6813554323495fa0,website,https://www.switch.org.za/,src_25c2a0a72ca484b2,provider_claim_only,ai_assisted_research,batch_001_release_012,kaykluz,2026-08-02,,,"Human reviewed. Source locator: Sections 'Smart Metering & Energy Trading Solutions' and 'Smart Metering', especially the internally built meter-management ecosystem paragraph."
asrt_bulk_379b1ece8b640c4e,organisation,org_d26348409ac6de26,country_of_origin,KE,src_0b2d11046a03402c,provider_claim_only,ai_assisted_research,batch_001_release_005,kaykluz,2026-08-02,,,"Human reviewed. Source locator: How It Works and Key Features sections name the web app, station location, IoT health monitoring and dynamic routing; contact section identifies Nairobi."
asrt_bulk_37bde1bdc8eb329f,product,prod_c65e8228650434e7,organisation_id,org_60c02033635240b1,src_c884b377e1fc531b,public_source,ai_assisted_research,batch_001_release_007,kaykluz,2026-08-02,,,Human reviewed. Source locator: IMPACCT Framework finance paragraph names FINPLAN for evaluating financial viability of utility-scale projects.
asrt_bulk_37fa33a27a708852,organisation,org_d26348409ac6de26,website,https://mazimobility.com/,src_0b2d11046a03402c,provider_claim_only,ai_assisted_research,batch_001_release_005,kaykluz,2026-08-02,,,"Human reviewed. Source locator: How It Works and Key Features sections name the web app, station location, IoT health monitoring and dynamic routing; contact section identifies Nairobi."
asrt_bulk_381e050377d4556e,product,prod_3cdf76665621519b,website,https://openaccess.energy/,src_8055fc93905afd67,provider_claim_only,ai_assisted_research,batch_001_release_012,kaykluz,2026-08-02,,,Human reviewed. Source locator: Our Solutions / Energypro Marketplace section describes renewable-electricity sourcing and the page identifies South African wheeling operations.
asrt_bulk_3872ce2e2ffabc1b,product,prod_4e6bb096113f7a45,organisation_id,org_99b1e294a6715f25,src_19cbb51c9737fa08,provider_claim_only,ai_assisted_research,batch_001_release_010,kaykluz,2026-08-02,,,Human reviewed. Source locator: Launch Platform > NetMaps product entry.
asrt_bulk_3872e477df8a9eb5,product,prod_84787f6a75dff4dd,sector_id,sector_commercial_industrial,src_d151cbedc6c4759e,provider_claim_only,ai_assisted_research,batch_001_release_008,kaykluz,2026-08-02,,,"Human reviewed. Source locator: Daystar Power case block: Nigeria, Ghana, Togo and Senegal; 200+ sites; customer quotation describing AMMP as an operations tool."
asrt_bulk_389cf6e24477163e,product,prod_acf9505b6591bcdc,primary_category_id,cat_planning_geospatial,src_49525542a4a0aa7a,provider_claim_only,ai_assisted_research,batch_001_release_010,kaykluz,2026-08-02,,,"Human reviewed. Source locator: Governments and Industry and Think Tanks sections list applications in Nigeria, Ethiopia, Kenya, Tanzania, Madagascar, Benin and other African contexts."
asrt_bulk_38f21a76e2ff2952,deployment,dep_5dafb03405e9b7a4,country_iso2,ZM,src_36ff3d019dab7c6f,provider_claim_only,ai_assisted_research,batch_001_release_009,kaykluz,2026-08-02,,,Human reviewed. Source locator: Overview paragraphs identifying Kazang Solar as a Zambian PAYGo solar distributor and stating it adopted PaygOps in late 2022.
asrt_bulk_39763a7c0f5b9983,organisation,org_d48d027ab1a1011c,website,https://openaccess.energy/,src_8055fc93905afd67,provider_claim_only,ai_assisted_research,batch_001_release_013,kaykluz,2026-08-02,,,Human reviewed. Source locator: Our Solutions / Energypro Transactions section names the product and describes contract and transaction automation.
asrt_bulk_39a430ed5dffc8df,product,prod_7ca64cacd469d465,organisation_id,org_96eebaf75520bce8,src_c563b254a72836d5,provider_claim_only,ai_assisted_research,batch_001_release_007,kaykluz,2026-08-02,,,"Human reviewed. Source locator: Sections 'What is SOLINK Core?' and 'How SOLINK Core Works', steps 01 through 04."
asrt_bulk_3a9a5c85aad0de3a,organisation,org_515b5b14c4e13ea8,website,https://www.eldo.co.za/,src_daca46ab58257600,provider_claim_only,ai_assisted_research,batch_001_release_012,kaykluz,2026-08-02,,,Human reviewed. Source locator: Sections 'Our solutions' and 'ELDO's Energy App'.
asrt_bulk_3aaeb22dbcb141b5,organisation,org_abe67edf168ef702,origin_classification,public_or_open_infrastructure,src_49525542a4a0aa7a,provider_claim_only,ai_assisted_research,batch_001_release_010,kaykluz,2026-08-02,,,"Human reviewed. Source locator: Governments and Industry and Think Tanks sections list applications in Nigeria, Ethiopia, Kenya, Tanzania, Madagascar, Benin and other African contexts."
asrt_bulk_3ae69ccc32643ede,product,prod_6511e9ace503cbaa,name,FinCoRE,src_c884b377e1fc531b,public_source,ai_assisted_research,batch_001_release_006,kaykluz,2026-08-02,,,Human reviewed. Source locator: IMPACCT Framework finance paragraph identifies FinCoRE as the source of projected capital costs.
asrt_bulk_3b95462d2931f21a,product,prod_3e36972ea2d29b21,organisation_id,org_32b8d4d2ec475f59,src_02027067a2b6f47d,provider_claim_only,ai_assisted_research,batch_001_release_002,kaykluz,2026-08-02,,,"Human reviewed. Source locator: Paragraphs dated April 19, 2012 stating successful go-live, remote meter reads, MDUS integration and continuous exchange with SAP for Utilities."
asrt_bulk_3bcaeb1655b213f0,product,prod_3cdf76665621519b,access_model,commercial,src_8055fc93905afd67,provider_claim_only,ai_assisted_research,batch_001_release_012,kaykluz,2026-08-02,,,Human reviewed. Source locator: Our Solutions / Energypro Marketplace section describes renewable-electricity sourcing and the page identifies South African wheeling operations.
asrt_bulk_3bfe67c11ed5fc4f,product,prod_d6cc37a1cf2d1294,sector_id,sector_generation_storage,src_978f6fdd465962a6,provider_claim_only,ai_assisted_research,batch_001_release_006,kaykluz,2026-08-02,,,Human reviewed. Source locator: README introduction and cited paper identify the open model and its demonstration in Africa.
asrt_bulk_3c7ed11be9f6a1f9,product,prod_c88c7983f9fcb410,organisation_id,org_8f37967e82047776,src_80750634d4eb4e8f,provider_claim_only,ai_assisted_research,batch_001_release_010,kaykluz,2026-08-02,,,Human reviewed. Source locator: United Nations app subsection describes the interface and results for 54 developing countries in sub-Saharan Africa and Latin America.
asrt_bulk_3caf0d55828cf278,product,prod_f63dd1268b6e12c7,access_model,commercial,src_0aeaf7bbb4111bf3,provider_claim_only,ai_assisted_research,batch_001_release_004,kaykluz,2026-08-02,,,"Human reviewed. Source locator: Application feature bullet states it locates, organises and pays for charging; page reports more than 100 charging points in Morocco."
asrt_bulk_3d349b4b1f6c2eb3,product,prod_21c1794343050d9f,organisation_id,org_e7a91741bca86f28,src_e0428ec7ccfcfd99,provider_claim_only,ai_assisted_research,batch_001_release_012,kaykluz,2026-08-02,,,Human reviewed. Source locator: Opening 'Empower your customers' section and 'Better informed' notification list.
asrt_bulk_3d5b993558680ca3,organisation,org_2e848005aab6ebe8,origin_classification,public_or_open_infrastructure,src_c884b377e1fc531b,public_source,ai_assisted_research,batch_001_release_011,kaykluz,2026-08-02,,,Human reviewed. Source locator: EAE description and IMPACCT Framework paragraph identify the tool for priority-area and energy-access planning.
asrt_bulk_3da0b503762397ee,organisation,org_6fa8233b4c6f7e60,country_of_origin,ZA,src_e1397f8d9f1aec2c,provider_claim_only,ai_assisted_research,batch_001_release_011,kaykluz,2026-08-02,,,"Human reviewed. Source locator: Opening product description, Key product features and Value-added service offering."
asrt_bulk_3db8d9d5ae3523d5,organisation,org_e7a91741bca86f28,name,SteamaCo,src_3fed97da9ebf5a38,provider_claim_only,ai_assisted_research,batch_001_release_012,kaykluz,2026-08-02,,,"Human reviewed. Source locator: SteamaCo Product Suite, 'Nimbus AMI' product block."
asrt_bulk_3ddebe3485e08a00,product,prod_bc70438d15454ac9,lifecycle_status,active,src_c7616caa46f7a0c2,provider_claim_only,ai_assisted_research,batch_001_release_013,kaykluz,2026-08-02,,,Human reviewed. Source locator: Opening announcement and ICC technology list naming a Wide Area Monitoring System designed for grid stability.
asrt_bulk_3e1f1b5589205dca,product,prod_7ec0014d7e86dba9,primary_category_id,cat_carbon_mrv_reporting,src_8ad2a6fd5ad32af1,independently_evidenced,ai_assisted_research,batch_001_release_001,kaykluz,2026-08-02,,,"Human reviewed. Source locator: Opening two paragraphs identify Growthpoint's South African e-co2 initiative, Fuel Switch partnership and blockchain REC exchange rollout."
asrt_bulk_3e45b3ac524c5799,organisation,org_e7a91741bca86f28,headquarters_country,GB,src_d20623b62099ccd7,provider_claim_only,ai_assisted_research,batch_001_release_003,kaykluz,2026-08-02,,,Human reviewed. Source locator: Sections 'ATC&C Loss Detection & Resolution' and 'How it works'.
asrt_bulk_3e62b0157309d5af,organisation,org_530820839614a2eb,headquarters_country,US,src_7de3c1f07aa1a7fc,provider_claim_only,ai_assisted_research,batch_001_release_002,kaykluz,2026-08-02,,,"Human reviewed. Source locator: Solution section stating that IoT, smart-meter and RTU data is aggregated with ArcGIS GeoEvent Server to update feature layers."
asrt_bulk_3e6614050d62c986,product,prod_af06988b7962e214,access_model,commercial,src_a007594faa6d6482,provider_claim_only,ai_assisted_research,batch_001_release_004,kaykluz,2026-08-02,,,"Human reviewed. Source locator: Homepage section on the national network names ChargePocket and describes its live map, charger details, sessions and payments."
asrt_bulk_3e8bbae86d8ea5db,product,prod_f3d9dc4a77ea4cab,description,"Operational-data platform that collects, stores, contextualizes, analyzes and visualizes real-time industrial and power-system data.",src_0b7158369b815d9f,provider_claim_only,ai_assisted_research,batch_001_release_002,kaykluz,2026-08-02,,,Human reviewed. Source locator: Presentation summary under '2022 – AVEVA PI World – Amsterdam – Power Generation'.
asrt_bulk_3e9645393fc4f115,organisation,org_a4f72ab71d53535a,website,https://shyftpower.com/,src_4319a4161634cca0,provider_claim_only,ai_assisted_research,batch_001_release_001,kaykluz,2026-08-02,,,Human reviewed. Source locator: Section 'How Does Aspire Use SHYFT Technology?' and the 'Impact Hub & Google Launch Pad' fully deployed project block.
asrt_bulk_3f07f12e7221c702,organisation,org_6894f264f4bd16ed,origin_classification,africa_built,src_09a3d01a3a3a8b9a,provider_claim_only,ai_assisted_research,batch_001_release_004,kaykluz,2026-08-02,,,Human reviewed. Source locator: Homepage headings 'The Complete EV Charging Software Platform' and location section identifying Egypt.
asrt_bulk_3f2ffedc33f3750a,product,prod_6105cb20d5181a16,sector_id,sector_distributed_energy_access,src_a6c915fb6879f499,public_source,ai_assisted_research,batch_001_release_010,kaykluz,2026-08-02,,,Human reviewed. Source locator: Paragraph beginning 'The GEP Explorer is complemented' names the GEP Generator and describes custom scenario generation.
asrt_bulk_3f302a91f8b04029,product,prod_033fbcf0e9b1c951,primary_category_id,cat_planning_geospatial,src_a6c915fb6879f499,public_source,ai_assisted_research,batch_001_release_011,kaykluz,2026-08-02,,,Human reviewed. Source locator: Paragraph beginning 'The GEP provides' describes the GEP Explorer and its adjustable least-cost planning parameters.
asrt_bulk_3f6fc5a6a3e4b684,organisation,org_5d4d39fbfe878d2c,name,Fekra Technology,src_de00f697c22cfe83,provider_claim_only,ai_assisted_research,batch_001_release_004,kaykluz,2026-08-02,,,"Human reviewed. Source locator: Featured Product and All-in-one EV Charging Software Management sections name Pika EV Drive and list station, session and smart-energy controls; page gives Cairo headquarters."
asrt_bulk_3fcdc8b2d96ed96b,product,prod_3e36972ea2d29b21,primary_category_id,cat_data_interoperability_security,src_02027067a2b6f47d,provider_claim_only,ai_assisted_research,batch_001_release_002,kaykluz,2026-08-02,,,"Human reviewed. Source locator: Paragraphs dated April 19, 2012 stating successful go-live, remote meter reads, MDUS integration and continuous exchange with SAP for Utilities."
asrt_bulk_40067241b635ffeb,product,prod_c0f44036c2631600,sector_id,sector_markets_finance_carbon,src_c884b377e1fc531b,public_source,ai_assisted_research,batch_001_release_006,kaykluz,2026-08-02,,,Human reviewed. Source locator: IMPACCT Framework paragraph names FFRM for analysing foregone revenue from early fossil-plant shutdowns.
asrt_bulk_40689a08f28c30e4,product,prod_46feee3513c5f4a9,sector_id,sector_power_utilities,src_19cbb51c9737fa08,provider_claim_only,ai_assisted_research,batch_001_release_011,kaykluz,2026-08-02,,,Human reviewed. Source locator: Launch Platform > NetView product entry.
asrt_bulk_40afa6fe60696879,organisation,org_b4e978f005016067,name,Climate Compatible Growth,src_c884b377e1fc531b,public_source,ai_assisted_research,batch_001_release_006,kaykluz,2026-08-02,,,Human reviewed. Source locator: IMPACCT Framework finance paragraph identifies FinTrack as the source of financing terms.
asrt_bulk_40c0ef14834aac77,product,prod_4c1eb1c96a6e5afa,access_model,open_source,src_006b50f09716afd0,provider_claim_only,ai_assisted_research,batch_001_release_006,kaykluz,2026-08-02,,,"Human reviewed. Source locator: Opening description identifies the software as an open-source, open-data model generator for any geographic subset of the globe."
asrt_bulk_40e5f7816e8dec18,product,prod_acf9505b6591bcdc,organisation_id,org_abe67edf168ef702,src_49525542a4a0aa7a,provider_claim_only,ai_assisted_research,batch_001_release_010,kaykluz,2026-08-02,,,"Human reviewed. Source locator: Governments and Industry and Think Tanks sections list applications in Nigeria, Ethiopia, Kenya, Tanzania, Madagascar, Benin and other African contexts."
asrt_bulk_40eaffa5ae1e732f,product,prod_a3b8555b0b37b5d2,sector_id,sector_emobility_batteries,src_06e5f378dc49db18,provider_claim_only,ai_assisted_research,batch_001_release_003,kaykluz,2026-08-02,,,"Human reviewed. Source locator: Our Technology section names AmperOps and describes fleet-management, telemetry and predictive battery-lifespan optimisation."
asrt_bulk_413ef11baea16ab0,product,prod_84da79537e9d2e53,sector_id,sector_power_utilities,src_33e8d065011165de,provider_claim_only,ai_assisted_research,batch_001_release_002,kaykluz,2026-08-02,,,"Human reviewed. Source locator: Opening overview, Details and Features sections; Output Examples include grid GIS outputs."
asrt_bulk_418abf031eb62735,product,prod_5cabfd347277fd43,organisation_id,org_a2926a5df5cdd48c,src_6fa288b6cac304e9,provider_claim_only,ai_assisted_research,batch_001_release_010,kaykluz,2026-08-02,,,"Human reviewed. Source locator: Opening product description names the IEA-MIT collaboration, open-source status and sub-Saharan Africa coverage."
asrt_bulk_421991dff6e6ca7f,organisation,org_7e4e5bedaec641be,country_of_origin,US,src_a1861482fff6a50d,independently_evidenced,ai_assisted_research,batch_001_release_003,kaykluz,2026-08-02,,,"Human reviewed. Source locator: Sections 'Connecting Displaced Communities' and 'Powering Business', especially the introduction of SparkMeter prepaid meters and transfer of remaining connections to BECO."
asrt_bulk_425e00cd0e3f7787,product,prod_04226a46eb948cbc,primary_category_id,cat_emobility_battery_networks,src_09a3d01a3a3a8b9a,provider_claim_only,ai_assisted_research,batch_001_release_004,kaykluz,2026-08-02,,,Human reviewed. Source locator: Homepage headings 'The Complete EV Charging Software Platform' and location section identifying Egypt.
asrt_bulk_427a3589839c6320,organisation,org_39703db4e82ec396,country_of_origin,ZA,src_966853451e9815ad,provider_claim_only,ai_assisted_research,batch_001_release_005,kaykluz,2026-08-02,,,Human reviewed. Source locator: Locate & Control Your Charge Sessions and Seamless Payments sections; introduction states the app is for drivers in South Africa.
asrt_bulk_42841ad70a6a09ea,organisation,org_36577bb3608ee5a3,country_of_origin,RW,src_06e5f378dc49db18,provider_claim_only,ai_assisted_research,batch_001_release_003,kaykluz,2026-08-02,,,"Human reviewed. Source locator: Our Technology section names AmperOps and describes fleet-management, telemetry and predictive battery-lifespan optimisation."
asrt_bulk_435a2c72b42b177a,product,prod_21c1794343050d9f,name,SunBeam,src_e0428ec7ccfcfd99,provider_claim_only,ai_assisted_research,batch_001_release_012,kaykluz,2026-08-02,,,Human reviewed. Source locator: Opening 'Empower your customers' section and 'Better informed' notification list.
asrt_bulk_437c9e55e8bfdd05,organisation,org_c538d1eb164e6e41,origin_classification,global_deployed_in_africa,src_d151cbedc6c4759e,provider_claim_only,ai_assisted_research,batch_001_release_008,kaykluz,2026-08-02,,,"Human reviewed. Source locator: Daystar Power case block: Nigeria, Ghana, Togo and Senegal; 200+ sites; customer quotation describing AMMP as an operations tool."
asrt_bulk_4393415e8a2c8b41,organisation,org_530820839614a2eb,headquarters_country,US,src_1aba15c2ac9250fc,provider_claim_only,ai_assisted_research,batch_001_release_009,kaykluz,2026-08-02,,,"Human reviewed. Source locator: Solution paragraph selecting ArcGIS Enterprise and Results paragraphs stating installation in 2018, portal deployment, dashboards and spatial analysis."
asrt_bulk_439808043818ea90,product,prod_01e0b6c0d126d66c,website,https://www.jse.co.za/services/jse-ventures-carbon-market,src_c2df3e2d24c3763b,provider_claim_only,ai_assisted_research,batch_001_release_001,kaykluz,2026-08-02,,,Human reviewed. Source locator: Market overview states its South African and wider African purpose and access to a platform for buying and selling carbon credits and renewable-energy certificates.
asrt_bulk_43d35122848a65e0,organisation,org_406033f114a69ab6,country_of_origin,EG,src_c70678946460cecc,provider_claim_only,ai_assisted_research,batch_001_release_003,kaykluz,2026-08-02,,,"Human reviewed. Source locator: Products section, 'Utility Management Platform'; Contacts section gives the Giza, Egypt address."
asrt_bulk_43d6d4d360a12802,organisation,org_6d53c1b9743e7ec9,name,GridCars,src_a007594faa6d6482,provider_claim_only,ai_assisted_research,batch_001_release_004,kaykluz,2026-08-02,,,"Human reviewed. Source locator: Homepage section on the national network names ChargePocket and describes its live map, charger details, sessions and payments."
asrt_bulk_440c5eca33d15691,organisation,org_e7a91741bca86f28,headquarters_country,GB,src_3fed97da9ebf5a38,provider_claim_only,ai_assisted_research,batch_001_release_012,kaykluz,2026-08-02,,,"Human reviewed. Source locator: SteamaCo Product Suite, 'Nimbus AMI' product block."
asrt_bulk_445bc7a4ac1f9ac6,organisation,org_96eebaf75520bce8,origin_classification,africa_built,src_c563b254a72836d5,provider_claim_only,ai_assisted_research,batch_001_release_007,kaykluz,2026-08-02,,,"Human reviewed. Source locator: Sections 'What is SOLINK Core?' and 'How SOLINK Core Works', steps 01 through 04."
asrt_bulk_44c3c5fb90e862f3,deployment,dep_a7c8d5b7c82274d7,started_year,2012,src_02027067a2b6f47d,provider_claim_only,ai_assisted_research,batch_001_release_002,kaykluz,2026-08-02,,,"Human reviewed. Source locator: Paragraphs dated April 19, 2012 stating successful go-live, remote meter reads, MDUS integration and continuous exchange with SAP for Utilities."
asrt_bulk_44ecc50552513572,product,prod_47d2aba604b42faf,lifecycle_status,active,src_c7616caa46f7a0c2,provider_claim_only,ai_assisted_research,batch_001_release_007,kaykluz,2026-08-02,,,Human reviewed. Source locator: Paragraph stating that the ICC platform was upgraded with GE Vernova's GridOS forecasting solution for VRE forecasting and ramping.
asrt_bulk_45289d4264b9aebd,product,prod_6105cb20d5181a16,name,GEP Generator,src_a6c915fb6879f499,public_source,ai_assisted_research,batch_001_release_010,kaykluz,2026-08-02,,,Human reviewed. Source locator: Paragraph beginning 'The GEP Explorer is complemented' names the GEP Generator and describes custom scenario generation.
asrt_bulk_453807fcf8f3b946,product,prod_033fbcf0e9b1c951,lifecycle_status,active,src_a6c915fb6879f499,public_source,ai_assisted_research,batch_001_release_011,kaykluz,2026-08-02,,,Human reviewed. Source locator: Paragraph beginning 'The GEP provides' describes the GEP Explorer and its adjustable least-cost planning parameters.
asrt_bulk_4578f24b3ea932e6,organisation,org_63de83960ce6a966,name,Bboxx,src_2f4a7e763bb7e671,provider_claim_only,ai_assisted_research,batch_001_release_009,kaykluz,2026-08-02,,,Human reviewed. Source locator: Country profile opening paragraphs: operations launched as Bboxx in 2023 and use Bboxx Pulse in Mali.
asrt_bulk_45ddd42416e4be03,organisation,org_32b8d4d2ec475f59,origin_classification,global_deployed_in_africa,src_02027067a2b6f47d,provider_claim_only,ai_assisted_research,batch_001_release_002,kaykluz,2026-08-02,,,"Human reviewed. Source locator: Paragraphs dated April 19, 2012 stating successful go-live, remote meter reads, MDUS integration and continuous exchange with SAP for Utilities."
asrt_bulk_4618de845794ac11,product,prod_83e8647b12c0f40a,description,"Smart-metering and digital-grid platform supporting billing, loss detection, network monitoring, transformer analysis and distribution planning.",src_a1861482fff6a50d,independently_evidenced,ai_assisted_research,batch_001_release_003,kaykluz,2026-08-02,,,"Human reviewed. Source locator: Sections 'Connecting Displaced Communities' and 'Powering Business', especially the introduction of SparkMeter prepaid meters and transfer of remaining connections to BECO."
asrt_bulk_46cb48772f6b01eb,organisation,org_e7a91741bca86f28,origin_classification,africa_founded_global_hq,src_e0428ec7ccfcfd99,provider_claim_only,ai_assisted_research,batch_001_release_012,kaykluz,2026-08-02,,,Human reviewed. Source locator: Opening 'Empower your customers' section and 'Better informed' notification list.
asrt_bulk_46da43ecd6bc1fa8,organisation,org_cdc655096c67d97e,website,https://arkflow.co.za/,src_cdecc55785a2e84f,provider_claim_only,ai_assisted_research,batch_001_release_006,kaykluz,2026-08-02,,,"Human reviewed. Source locator: Sections 'This is the actual product', 'Engineering Studio', 'Yield and simulation', 'How a deal moves' and footer legal registration details."
asrt_bulk_46fb70394c699c67,product,prod_596ed16f715fb870,access_model,commercial,src_25c2a0a72ca484b2,provider_claim_only,ai_assisted_research,batch_001_release_012,kaykluz,2026-08-02,,,"Human reviewed. Source locator: Sections 'Smart Metering & Energy Trading Solutions' and 'Smart Metering', especially the internally built meter-management ecosystem paragraph."
asrt_bulk_472998856352efda,product,prod_7a974ed97072233c,website,https://cloud.netelek.co.za/,src_19cbb51c9737fa08,provider_claim_only,ai_assisted_research,batch_001_release_011,kaykluz,2026-08-02,,,Human reviewed. Source locator: Launch Platform > NetFin product entry.
asrt_bulk_474efa13ee8aba12,product,prod_5d86400ebf4fde2e,organisation_id,org_2744e404ad22d210,src_a6c915fb6879f499,public_source,ai_assisted_research,batch_001_release_010,kaykluz,2026-08-02,,,Human reviewed. Source locator: Paragraph beginning 'The GEP Explorer is complemented' identifies the GEP Toolbox as the input-data component.
asrt_bulk_47a13b9c23a3977d,deployment,dep_621d5c7586b993f8,customer_name,Baidoa Electric Company (BECO),src_a1861482fff6a50d,independently_evidenced,ai_assisted_research,batch_001_release_003,kaykluz,2026-08-02,,,"Human reviewed. Source locator: Sections 'Connecting Displaced Communities' and 'Powering Business', especially the introduction of SparkMeter prepaid meters and transfer of remaining connections to BECO."
asrt_bulk_47e9b599a64146c5,organisation,org_ccaab0a9973b7404,origin_classification,africa_built,src_ad5d15b92aa2776d,provider_claim_only,ai_assisted_research,batch_001_release_004,kaykluz,2026-08-02,,,"Human reviewed. Source locator: Homepage 'Now live across Egypt' and feature sections describe the wallet, map, availability and session records."
asrt_bulk_47f14cbdd05c1424,deployment,dep_44d402bf3aac6e76,customer_name,eThekwini Metropolitan Municipality,src_d4d68c56788ce4d7,customer_confirmed,ai_assisted_research,batch_001_release_008,kaykluz,2026-08-02,,,"Human reviewed. Source locator: Project at a Glance, Solution and How It Works sections name eThekwini, Plentify HEMS, virtual-power-plant functions and the early-pilot status."
asrt_bulk_47f2ad0f300b9ef6,organisation,org_e7a91741bca86f28,headquarters_country,GB,src_3fed97da9ebf5a38,provider_claim_only,ai_assisted_research,batch_001_release_003,kaykluz,2026-08-02,,,"Human reviewed. Source locator: SteamaCo Product Suite, 'ThunderBolt' field-force app product block."
asrt_bulk_47fc5346aa71357a,product,prod_39480c97b0739c3c,website,https://pylonump.com/?lang=en,src_c70678946460cecc,provider_claim_only,ai_assisted_research,batch_001_release_003,kaykluz,2026-08-02,,,"Human reviewed. Source locator: Products section, 'Utility Management Platform'; Contacts section gives the Giza, Egypt address."
asrt_bulk_4868f083f82d399b,product,prod_54cb1b174fd192ac,access_model,open_source,src_c884b377e1fc531b,public_source,ai_assisted_research,batch_001_release_007,kaykluz,2026-08-02,,,Human reviewed. Source locator: IMPACCT Framework finance paragraph names MINFin for developing national climate-finance strategies.
asrt_bulk_486cf41557ea6f38,product,prod_bb8d9737e621ddbf,primary_category_id,cat_generation_storage_operations,src_05e838c776926403,independently_evidenced,ai_assisted_research,batch_001_release_008,kaykluz,2026-08-02,,,"Human reviewed. Source locator: Project heading and summary identify SolarFlow, Burkina Faso and its monitoring, automation and optimisation functions."
asrt_bulk_489425082719b847,product,prod_033fbcf0e9b1c951,sector_id,sector_distributed_energy_access,src_a6c915fb6879f499,public_source,ai_assisted_research,batch_001_release_011,kaykluz,2026-08-02,,,Human reviewed. Source locator: Paragraph beginning 'The GEP provides' describes the GEP Explorer and its adjustable least-cost planning parameters.
asrt_bulk_489ca15575979f80,product,prod_786ef0a3b218061b,access_model,commercial,src_75449c38606a534e,independently_evidenced,ai_assisted_research,batch_001_release_008,kaykluz,2026-08-02,,,"Human reviewed. Source locator: Project description and Key milestones sections identify the Kenya-based SaaS platform, functions and pilot integrations."
asrt_bulk_4997963e4b055471,product,prod_3e36972ea2d29b21,name,SAP Advanced Metering Infrastructure Integration for Utilities,src_02027067a2b6f47d,provider_claim_only,ai_assisted_research,batch_001_release_002,kaykluz,2026-08-02,,,"Human reviewed. Source locator: Paragraphs dated April 19, 2012 stating successful go-live, remote meter reads, MDUS integration and continuous exchange with SAP for Utilities."
asrt_bulk_49b70aae9acaaff5,product,prod_c0f44036c2631600,primary_category_id,cat_finance_procurement_underwriting,src_c884b377e1fc531b,public_source,ai_assisted_research,batch_001_release_006,kaykluz,2026-08-02,,,Human reviewed. Source locator: IMPACCT Framework paragraph names FFRM for analysing foregone revenue from early fossil-plant shutdowns.
asrt_bulk_49cc6e91bbae524d,organisation,org_b4e978f005016067,website,https://climatecompatiblegrowth.com/,src_c884b377e1fc531b,public_source,ai_assisted_research,batch_001_release_005,kaykluz,2026-08-02,,,Human reviewed. Source locator: IMPACCT Framework paragraph names CLEWs for studying energy linkages with land and water.
asrt_bulk_49e90f5fb2448970,organisation,org_6813554323495fa0,origin_classification,africa_built,src_25c2a0a72ca484b2,provider_claim_only,ai_assisted_research,batch_001_release_012,kaykluz,2026-08-02,,,"Human reviewed. Source locator: Sections 'Smart Metering & Energy Trading Solutions' and 'Smart Metering', especially the internally built meter-management ecosystem paragraph."
asrt_bulk_4a0332d1742c0642,product,prod_a99b94237c7e13fa,website,https://digital-energy.eu/en/projects/give-ltd,src_419b4f8f3ed72377,independently_evidenced,ai_assisted_research,batch_001_release_009,kaykluz,2026-08-02,,,"Human reviewed. Source locator: Project description names PowerPay and describes monitoring, revenue collection, asset management and energy-use tracking; page reports current use in East Africa."
asrt_bulk_4a46bec358294c1b,product,prod_4862d10385138cf5,access_model,open_source,src_4b7adae0776349b3,provider_claim_only,ai_assisted_research,batch_001_release_001,kaykluz,2026-08-02,,,"Human reviewed. Source locator: Key Features sections describe generation validation, device management, certificate tokens and eligible mini-grid and solar-home-system devices."
asrt_bulk_4a53b6635227fdcb,product,prod_4862d10385138cf5,lifecycle_status,active,src_4b7adae0776349b3,provider_claim_only,ai_assisted_research,batch_001_release_001,kaykluz,2026-08-02,,,"Human reviewed. Source locator: Key Features sections describe generation validation, device management, certificate tokens and eligible mini-grid and solar-home-system devices."
asrt_bulk_4a68ab2af19614e8,product,prod_3c464ba494208cc0,organisation_id,org_b4e978f005016067,src_c884b377e1fc531b,public_source,ai_assisted_research,batch_001_release_001,kaykluz,2026-08-02,,,Human reviewed. Source locator: IMPACCT Framework paragraph identifies PathCalc for interactively visualising carbon emissions.
asrt_bulk_4a68c3202c6e3906,deployment,dep_0fd414076188d885,customer_disclosure,named,src_c7616caa46f7a0c2,provider_claim_only,ai_assisted_research,batch_001_release_007,kaykluz,2026-08-02,,,Human reviewed. Source locator: Paragraph stating that the ICC platform was upgraded with GE Vernova's GridOS forecasting solution for VRE forecasting and ramping.
asrt_bulk_4a6b10010bb2cb49,product,prod_8cc55e7483a66134,organisation_id,org_515b5b14c4e13ea8,src_daca46ab58257600,provider_claim_only,ai_assisted_research,batch_001_release_012,kaykluz,2026-08-02,,,Human reviewed. Source locator: Sections 'Our solutions' and 'ELDO's Energy App'.
asrt_bulk_4a83f4b43830e6ab,product,prod_a4f1a4a52c37c33c,website,https://www.paygops.com/,src_36ff3d019dab7c6f,provider_claim_only,ai_assisted_research,batch_001_release_009,kaykluz,2026-08-02,,,Human reviewed. Source locator: Overview paragraphs identifying Kazang Solar as a Zambian PAYGo solar distributor and stating it adopted PaygOps in late 2022.
asrt_bulk_4aa3e5e68c8271d2,organisation,org_99b1e294a6715f25,origin_classification,africa_built,src_19cbb51c9737fa08,provider_claim_only,ai_assisted_research,batch_001_release_010,kaykluz,2026-08-02,,,Human reviewed. Source locator: Launch Platform > NetMaps product entry.
asrt_bulk_4aabccd5f1ceffd7,product,prod_8d5f9abcd9decdc8,name,ArkFlow,src_cdecc55785a2e84f,provider_claim_only,ai_assisted_research,batch_001_release_006,kaykluz,2026-08-02,,,"Human reviewed. Source locator: Sections 'This is the actual product', 'Engineering Studio', 'Yield and simulation', 'How a deal moves' and footer legal registration details."
asrt_bulk_4afe4fc6442d2827,product,prod_c88c7983f9fcb410,lifecycle_status,active,src_80750634d4eb4e8f,provider_claim_only,ai_assisted_research,batch_001_release_010,kaykluz,2026-08-02,,,Human reviewed. Source locator: United Nations app subsection describes the interface and results for 54 developing countries in sub-Saharan Africa and Latin America.
asrt_bulk_4b256dcf1b84e20e,organisation,org_686ef9b185a5a75d,country_of_origin,MA,src_0aeaf7bbb4111bf3,provider_claim_only,ai_assisted_research,batch_001_release_004,kaykluz,2026-08-02,,,"Human reviewed. Source locator: Application feature bullet states it locates, organises and pays for charging; page reports more than 100 charging points in Morocco."
asrt_bulk_4b51f12bbde3cf41,product,prod_99c67cf93bb73c5f,organisation_id,org_39703db4e82ec396,src_966853451e9815ad,provider_claim_only,ai_assisted_research,batch_001_release_005,kaykluz,2026-08-02,,,Human reviewed. Source locator: Locate & Control Your Charge Sessions and Seamless Payments sections; introduction states the app is for drivers in South Africa.
asrt_bulk_4bb9f57a39afe4c9,organisation,org_58b430c887a693da,country_of_origin,ZA,src_8ad2a6fd5ad32af1,independently_evidenced,ai_assisted_research,batch_001_release_001,kaykluz,2026-08-02,,,"Human reviewed. Source locator: Opening two paragraphs identify Growthpoint's South African e-co2 initiative, Fuel Switch partnership and blockchain REC exchange rollout."
asrt_bulk_4bd7e3f8678a46f9,product,prod_033fbcf0e9b1c951,name,Global Electrification Platform Explorer,src_a6c915fb6879f499,public_source,ai_assisted_research,batch_001_release_011,kaykluz,2026-08-02,,,Human reviewed. Source locator: Paragraph beginning 'The GEP provides' describes the GEP Explorer and its adjustable least-cost planning parameters.
asrt_bulk_4c9952db30ec5824,organisation,org_7e4e5bedaec641be,name,SparkMeter / EarthSpark International,src_a1861482fff6a50d,independently_evidenced,ai_assisted_research,batch_001_release_003,kaykluz,2026-08-02,,,"Human reviewed. Source locator: Sections 'Connecting Displaced Communities' and 'Powering Business', especially the introduction of SparkMeter prepaid meters and transfer of remaining connections to BECO."
asrt_bulk_4cb61a0c69343c3b,product,prod_ad4f1a22ff85d12b,name,Switch Energy Trading Platform,src_705592f873593725,provider_claim_only,ai_assisted_research,batch_001_release_013,kaykluz,2026-08-02,,,Human reviewed. Source locator: Opening paragraph and complete energy trading platform feature list; contact block gives the Cape Town address.
asrt_bulk_4cfb0d3a3057f0f8,product,prod_d52c504a42c601a3,open_source_url,https://github.com/OSeMOSYS/OSeMOSYS,src_a9aeffadb63a1fef,provider_claim_only,ai_assisted_research,batch_001_release_006,kaykluz,2026-08-02,,,"Human reviewed. Source locator: Opening paragraph states that OSeMOSYS has been used for African Power Pools and other continental, country and village models."
asrt_bulk_4d2e016822bc3f09,organisation,org_63de83960ce6a966,origin_classification,global_deployed_in_africa,src_2f4a7e763bb7e671,provider_claim_only,ai_assisted_research,batch_001_release_009,kaykluz,2026-08-02,,,Human reviewed. Source locator: Country profile opening paragraphs: operations launched as Bboxx in 2023 and use Bboxx Pulse in Mali.
asrt_bulk_4dba1b53682fa6ce,organisation,org_d1bdcd4f66807716,name,PyPSA meets Earth,src_978f6fdd465962a6,provider_claim_only,ai_assisted_research,batch_001_release_006,kaykluz,2026-08-02,,,Human reviewed. Source locator: README introduction and cited paper identify the open model and its demonstration in Africa.
asrt_bulk_4dd2162e7ffd0a02,organisation,org_686ef9b185a5a75d,website,https://fastvolt.net/,src_0aeaf7bbb4111bf3,provider_claim_only,ai_assisted_research,batch_001_release_004,kaykluz,2026-08-02,,,"Human reviewed. Source locator: Application feature bullet states it locates, organises and pays for charging; page reports more than 100 charging points in Morocco."
asrt_bulk_4df970435bb06fbc,product,prod_642f0da0b4e417a3,primary_category_id,cat_emobility_battery_networks,src_de00f697c22cfe83,provider_claim_only,ai_assisted_research,batch_001_release_004,kaykluz,2026-08-02,,,"Human reviewed. Source locator: Featured Product and All-in-one EV Charging Software Management sections name Pika EV Drive and list station, session and smart-energy controls; page gives Cairo headquarters."
asrt_bulk_4e96e5a80f6edfdc,product,prod_ad4f1a22ff85d12b,sector_id,sector_markets_finance_carbon,src_705592f873593725,provider_claim_only,ai_assisted_research,batch_001_release_013,kaykluz,2026-08-02,,,Human reviewed. Source locator: Opening paragraph and complete energy trading platform feature list; contact block gives the Cape Town address.
asrt_bulk_4edec02f3137bb4d,product,prod_90c1269fb6533050,lifecycle_status,active,src_3fed97da9ebf5a38,provider_claim_only,ai_assisted_research,batch_001_release_012,kaykluz,2026-08-02,,,"Human reviewed. Source locator: SteamaCo Product Suite, 'Nimbus AMI' product block."
asrt_bulk_4ef0e29b1fc891d7,organisation,org_99b1e294a6715f25,headquarters_country,ZA,src_19cbb51c9737fa08,provider_claim_only,ai_assisted_research,batch_001_release_011,kaykluz,2026-08-02,,,Human reviewed. Source locator: Launch Platform > NetVend product entry.
asrt_bulk_4fde4c30018bec85,product,prod_a65525f1816d4864,organisation_id,org_cbf8bcdb4fb4587b,src_80750634d4eb4e8f,public_source,ai_assisted_research,batch_001_release_010,kaykluz,2026-08-02,,,Human reviewed. Source locator: Congo Epela Platform subsection identifies Resource Matters and the DRC least-cost electrification application.
asrt_bulk_50326432230e3418,product,prod_7f669470202474a2,organisation_id,org_b4e978f005016067,src_b0d8da97968bb795,provider_claim_only,ai_assisted_research,batch_001_release_005,kaykluz,2026-08-02,,,"Human reviewed. Source locator: Article summary and South African case-study paragraph describe the interface, functions and EMP-A 2021 application."
asrt_bulk_507dd3b0649479a0,product,prod_4862d10385138cf5,primary_category_id,cat_carbon_mrv_reporting,src_4b7adae0776349b3,provider_claim_only,ai_assisted_research,batch_001_release_001,kaykluz,2026-08-02,,,"Human reviewed. Source locator: Key Features sections describe generation validation, device management, certificate tokens and eligible mini-grid and solar-home-system devices."
asrt_bulk_50932134662aed08,product,prod_04226a46eb948cbc,name,ENERGIC EV Charging Platform,src_09a3d01a3a3a8b9a,provider_claim_only,ai_assisted_research,batch_001_release_004,kaykluz,2026-08-02,,,Human reviewed. Source locator: Homepage headings 'The Complete EV Charging Software Platform' and location section identifying Egypt.
asrt_bulk_50b05803dd7b38fd,organisation,org_6894f264f4bd16ed,website,https://www.energiccharge.com/,src_09a3d01a3a3a8b9a,provider_claim_only,ai_assisted_research,batch_001_release_004,kaykluz,2026-08-02,,,Human reviewed. Source locator: Homepage headings 'The Complete EV Charging Software Platform' and location section identifying Egypt.
asrt_bulk_50c06a94c2cf1beb,product,prod_3b9526941c4a04c6,organisation_id,org_530820839614a2eb,src_7de3c1f07aa1a7fc,provider_claim_only,ai_assisted_research,batch_001_release_002,kaykluz,2026-08-02,,,"Human reviewed. Source locator: Solution section stating that IoT, smart-meter and RTU data is aggregated with ArcGIS GeoEvent Server to update feature layers."
asrt_bulk_50d553d8f9dc0c23,product,prod_d6cc37a1cf2d1294,primary_category_id,cat_engineering_design_simulation,src_978f6fdd465962a6,provider_claim_only,ai_assisted_research,batch_001_release_006,kaykluz,2026-08-02,,,Human reviewed. Source locator: README introduction and cited paper identify the open model and its demonstration in Africa.
asrt_bulk_50ee043a5ac106ac,product,prod_8c028e7d3c878e74,organisation_id,org_930efc4050b16d68,src_7c0c0c942fa173cd,provider_claim_only,ai_assisted_research,batch_001_release_013,kaykluz,2026-08-02,,,Human reviewed. Source locator: Main project paragraph describes continent-wide African country and transmission-link coverage and states that the model is open source.
asrt_bulk_510199ac303e2a7f,product,prod_27402d8bb06c6333,access_model,commercial,src_4319a4161634cca0,provider_claim_only,ai_assisted_research,batch_001_release_001,kaykluz,2026-08-02,,,Human reviewed. Source locator: Section 'How Does Aspire Use SHYFT Technology?' and the 'Impact Hub & Google Launch Pad' fully deployed project block.
asrt_bulk_51236e602ac40b6c,organisation,org_cdc655096c67d97e,headquarters_country,ZA,src_cdecc55785a2e84f,provider_claim_only,ai_assisted_research,batch_001_release_006,kaykluz,2026-08-02,,,"Human reviewed. Source locator: Sections 'This is the actual product', 'Engineering Studio', 'Yield and simulation', 'How a deal moves' and footer legal registration details."
asrt_bulk_518fff298a84de51,product,prod_84787f6a75dff4dd,organisation_id,org_c538d1eb164e6e41,src_d151cbedc6c4759e,provider_claim_only,ai_assisted_research,batch_001_release_008,kaykluz,2026-08-02,,,"Human reviewed. Source locator: Daystar Power case block: Nigeria, Ghana, Togo and Senegal; 200+ sites; customer quotation describing AMMP as an operations tool."
asrt_bulk_5192d5e3b69a8aa2,product,prod_786ef0a3b218061b,name,Stima Care,src_75449c38606a534e,independently_evidenced,ai_assisted_research,batch_001_release_008,kaykluz,2026-08-02,,,"Human reviewed. Source locator: Project description and Key milestones sections identify the Kenya-based SaaS platform, functions and pilot integrations."
asrt_bulk_51e93018a447080e,product,prod_af06988b7962e214,name,ChargePocket,src_a007594faa6d6482,provider_claim_only,ai_assisted_research,batch_001_release_004,kaykluz,2026-08-02,,,"Human reviewed. Source locator: Homepage section on the national network names ChargePocket and describes its live map, charger details, sessions and payments."
asrt_bulk_52057efe9cb51cae,product,prod_39480c97b0739c3c,access_model,commercial,src_c70678946460cecc,provider_claim_only,ai_assisted_research,batch_001_release_003,kaykluz,2026-08-02,,,"Human reviewed. Source locator: Products section, 'Utility Management Platform'; Contacts section gives the Giza, Egypt address."
asrt_bulk_5206daf0834327e0,product,prod_c88c7983f9fcb410,access_model,public,src_80750634d4eb4e8f,provider_claim_only,ai_assisted_research,batch_001_release_010,kaykluz,2026-08-02,,,Human reviewed. Source locator: United Nations app subsection describes the interface and results for 54 developing countries in sub-Saharan Africa and Latin America.
asrt_bulk_522bafe61137af8e,deployment,dep_6c7d4295f3f84919,lifecycle_status,active,src_1aba15c2ac9250fc,provider_claim_only,ai_assisted_research,batch_001_release_009,kaykluz,2026-08-02,,,"Human reviewed. Source locator: Solution paragraph selecting ArcGIS Enterprise and Results paragraphs stating installation in 2018, portal deployment, dashboards and spatial analysis."
asrt_bulk_522e8843603a4353,product,prod_bc70438d15454ac9,sector_id,sector_power_utilities,src_c7616caa46f7a0c2,provider_claim_only,ai_assisted_research,batch_001_release_013,kaykluz,2026-08-02,,,Human reviewed. Source locator: Opening announcement and ICC technology list naming a Wide Area Monitoring System designed for grid stability.
asrt_bulk_52e3eae36d7073f8,product,prod_a4f1a4a52c37c33c,organisation_id,org_8dbd3ffeca6e1efd,src_36ff3d019dab7c6f,provider_claim_only,ai_assisted_research,batch_001_release_009,kaykluz,2026-08-02,,,Human reviewed. Source locator: Overview paragraphs identifying Kazang Solar as a Zambian PAYGo solar distributor and stating it adopted PaygOps in late 2022.
asrt_bulk_5304f0488183cb3b,product,prod_27402d8bb06c6333,name,SHYFT Connect,src_4319a4161634cca0,provider_claim_only,ai_assisted_research,batch_001_release_001,kaykluz,2026-08-02,,,Human reviewed. Source locator: Section 'How Does Aspire Use SHYFT Technology?' and the 'Impact Hub & Google Launch Pad' fully deployed project block.
asrt_bulk_5347c0573f44ad74,organisation,org_406033f114a69ab6,name,Pylon,src_c70678946460cecc,provider_claim_only,ai_assisted_research,batch_001_release_001,kaykluz,2026-08-02,,,"Human reviewed. Source locator: Products section, 'Energy Management System'; Contacts section gives the Giza, Egypt address."
asrt_bulk_543f4337ab8e3dad,product,prod_2cb981c2e4d76c28,name,Ontec Meter Manager,src_0e2b17c179cb2014,provider_claim_only,ai_assisted_research,batch_001_release_012,kaykluz,2026-08-02,,,Human reviewed. Source locator: Data Centre > Meter Data Manager and Vending Gateway sections.
asrt_bulk_546e96c7e1754da8,product,prod_4c1eb1c96a6e5afa,sector_id,sector_generation_storage,src_006b50f09716afd0,provider_claim_only,ai_assisted_research,batch_001_release_006,kaykluz,2026-08-02,,,"Human reviewed. Source locator: Opening description identifies the software as an open-source, open-data model generator for any geographic subset of the globe."
asrt_bulk_54c3e10cb5295bf2,product,prod_3464ecbd2a2298cc,website,https://www.esri.com/en-us/arcgis/products/arcgis-enterprise/overview,src_1aba15c2ac9250fc,provider_claim_only,ai_assisted_research,batch_001_release_009,kaykluz,2026-08-02,,,"Human reviewed. Source locator: Solution paragraph selecting ArcGIS Enterprise and Results paragraphs stating installation in 2018, portal deployment, dashboards and spatial analysis."
asrt_bulk_54c673a98fae1e49,product,prod_6511e9ace503cbaa,description,Financial modelling tool providing projected capital costs for energy investment analysis.,src_c884b377e1fc531b,public_source,ai_assisted_research,batch_001_release_006,kaykluz,2026-08-02,,,Human reviewed. Source locator: IMPACCT Framework finance paragraph identifies FinCoRE as the source of projected capital costs.
asrt_bulk_54e43e6664a9ee71,product,prod_8c028e7d3c878e74,primary_category_id,cat_transmission_system_operation,src_7c0c0c942fa173cd,provider_claim_only,ai_assisted_research,batch_001_release_013,kaykluz,2026-08-02,,,Human reviewed. Source locator: Main project paragraph describes continent-wide African country and transmission-link coverage and states that the model is open source.
asrt_bulk_554c094109c29e35,product,prod_dfff8365390e2421,access_model,commercial,src_0df75f7550839b7c,provider_claim_only,ai_assisted_research,batch_001_release_004,kaykluz,2026-08-02,,,"Human reviewed. Source locator: Fleet Management feature explicitly names the Kofa Fleet Platform and describes rider access, purchases and running-cost management."
asrt_bulk_55565ae1068e0f1b,organisation,org_c60ee59766bb7296,headquarters_country,ZA,src_d4d68c56788ce4d7,customer_confirmed,ai_assisted_research,batch_001_release_008,kaykluz,2026-08-02,,,"Human reviewed. Source locator: Project at a Glance, Solution and How It Works sections name eThekwini, Plentify HEMS, virtual-power-plant functions and the early-pilot status."
asrt_bulk_556a1c2d9f4e1e04,product,prod_5c44515448aa55ab,primary_category_id,cat_distribution_utility_operations,src_3fed97da9ebf5a38,provider_claim_only,ai_assisted_research,batch_001_release_003,kaykluz,2026-08-02,,,"Human reviewed. Source locator: SteamaCo Product Suite, 'ThunderBolt' field-force app product block."
asrt_bulk_5588a5a91c68ad06,organisation,org_9fb06d7319bc6e76,website,https://www.spironet.com/,src_2036ee97788b09bc,provider_claim_only,ai_assisted_research,batch_001_release_005,kaykluz,2026-08-02,,,Human reviewed. Source locator: FAQ questions 3 and 9 list Kenya among operating countries and instruct riders to locate swap stations with the Spiro app.
asrt_bulk_55b81b07af54900f,product,prod_99b7bcd9a368219b,website,https://climatecompatiblegrowth.com/international-partnerships/data-and-tools/modelling-tools-and-frameworks/,src_c884b377e1fc531b,public_source,ai_assisted_research,batch_001_release_009,kaykluz,2026-08-02,,,Human reviewed. Source locator: IMPACCT Framework paragraph names NISMOD for national infrastructure planning.
asrt_bulk_55f66ead1bf8819c,product,prod_8cc55e7483a66134,primary_category_id,cat_trading_wheeling_settlement,src_daca46ab58257600,provider_claim_only,ai_assisted_research,batch_001_release_012,kaykluz,2026-08-02,,,Human reviewed. Source locator: Sections 'Our solutions' and 'ELDO's Energy App'.
asrt_bulk_56d8b7c1c82c5048,product,prod_c65e8228650434e7,lifecycle_status,active,src_c884b377e1fc531b,public_source,ai_assisted_research,batch_001_release_007,kaykluz,2026-08-02,,,Human reviewed. Source locator: IMPACCT Framework finance paragraph names FINPLAN for evaluating financial viability of utility-scale projects.
asrt_bulk_575d46ac702c4637,product,prod_8cc55e7483a66134,name,ELDO Energy App,src_daca46ab58257600,provider_claim_only,ai_assisted_research,batch_001_release_012,kaykluz,2026-08-02,,,Human reviewed. Source locator: Sections 'Our solutions' and 'ELDO's Energy App'.
asrt_bulk_57662c06ac4a0ffc,organisation,org_e7a91741bca86f28,website,https://steama.co/,src_3fed97da9ebf5a38,provider_claim_only,ai_assisted_research,batch_001_release_012,kaykluz,2026-08-02,,,"Human reviewed. Source locator: SteamaCo Product Suite, 'Nimbus AMI' product block."
asrt_bulk_5807485a2fb369e1,product,prod_a99b94237c7e13fa,access_model,commercial,src_419b4f8f3ed72377,independently_evidenced,ai_assisted_research,batch_001_release_009,kaykluz,2026-08-02,,,"Human reviewed. Source locator: Project description names PowerPay and describes monitoring, revenue collection, asset management and energy-use tracking; page reports current use in East Africa."
asrt_bulk_589abee9413c38b6,organisation,org_32b8d4d2ec475f59,name,SAP SE,src_02027067a2b6f47d,provider_claim_only,ai_assisted_research,batch_001_release_002,kaykluz,2026-08-02,,,"Human reviewed. Source locator: Paragraphs dated April 19, 2012 stating successful go-live, remote meter reads, MDUS integration and continuous exchange with SAP for Utilities."
asrt_bulk_58bd7c1a5efaab76,product,prod_00904b9e2148c62a,primary_category_id,cat_data_interoperability_security,src_f533c88c1d12d756,provider_claim_only,ai_assisted_research,batch_001_release_002,kaykluz,2026-08-02,,,"Human reviewed. Source locator: Opening product description, 'Adroit IoT Platform', 'Security', 'Services Orientated' and vertical-application paragraph naming Energy."
asrt_bulk_5969599fa4cf7376,organisation,org_1f5127f2c1cec727,origin_classification,public_or_open_infrastructure,src_49525542a4a0aa7a,public_source,ai_assisted_research,batch_001_release_010,kaykluz,2026-08-02,,,Human reviewed. Source locator: Industry and Think Tanks section names the IRENA West Africa Electrification Platform and its investment-scenario coverage.
asrt_bulk_5991c722cd5e198e,organisation,org_0a99ba7088470e53,headquarters_country,ZA,src_0e2b17c179cb2014,provider_claim_only,ai_assisted_research,batch_001_release_012,kaykluz,2026-08-02,,,Human reviewed. Source locator: Data Centre > Meter Data Manager and Vending Gateway sections.
asrt_bulk_59be6f8f7b28239c,product,prod_8cc55e7483a66134,website,https://www.eldo.co.za/,src_daca46ab58257600,provider_claim_only,ai_assisted_research,batch_001_release_012,kaykluz,2026-08-02,,,Human reviewed. Source locator: Sections 'Our solutions' and 'ELDO's Energy App'.
asrt_bulk_59cc023d1b88631b,organisation,org_99b1e294a6715f25,name,Netelek,src_19cbb51c9737fa08,provider_claim_only,ai_assisted_research,batch_001_release_011,kaykluz,2026-08-02,,,Human reviewed. Source locator: Launch Platform > NetView product entry.
asrt_bulk_59d2a3f5281cbd16,product,prod_faed4459e7d6ab27,lifecycle_status,active,src_fdebbdff203ee17c,provider_claim_only,ai_assisted_research,batch_001_release_009,kaykluz,2026-08-02,,,"Human reviewed. Source locator: Solution section describing 20 field crews using ArcGIS Survey123 to collect customer, property, meter and equipment information."
asrt_bulk_5a57a306cd5ba229,product,prod_033fbcf0e9b1c951,description,Web mapping application for exploring least-cost electrification scenarios and technology mixes.,src_a6c915fb6879f499,public_source,ai_assisted_research,batch_001_release_011,kaykluz,2026-08-02,,,Human reviewed. Source locator: Paragraph beginning 'The GEP provides' describes the GEP Explorer and its adjustable least-cost planning parameters.
asrt_bulk_5acffb5f653baddd,product,prod_90c1269fb6533050,website,https://steama.co/products,src_3fed97da9ebf5a38,provider_claim_only,ai_assisted_research,batch_001_release_012,kaykluz,2026-08-02,,,"Human reviewed. Source locator: SteamaCo Product Suite, 'Nimbus AMI' product block."
asrt_bulk_5ad2cd7b87ca3e53,product,prod_4e6bb096113f7a45,lifecycle_status,active,src_19cbb51c9737fa08,provider_claim_only,ai_assisted_research,batch_001_release_010,kaykluz,2026-08-02,,,Human reviewed. Source locator: Launch Platform > NetMaps product entry.
asrt_bulk_5b0e0a8fab4edbb6,product,prod_a99b94237c7e13fa,primary_category_id,cat_paygo_minigrid_operations,src_419b4f8f3ed72377,independently_evidenced,ai_assisted_research,batch_001_release_009,kaykluz,2026-08-02,,,"Human reviewed. Source locator: Project description names PowerPay and describes monitoring, revenue collection, asset management and energy-use tracking; page reports current use in East Africa."
asrt_bulk_5b2efcf9270d5cc0,deployment,dep_9f93d6392cac38f3,product_id,prod_bc70438d15454ac9,src_c7616caa46f7a0c2,provider_claim_only,ai_assisted_research,batch_001_release_013,kaykluz,2026-08-02,,,Human reviewed. Source locator: Opening announcement and ICC technology list naming a Wide Area Monitoring System designed for grid stability.
asrt_bulk_5b78b821b9ae4211,organisation,org_530820839614a2eb,name,Esri,src_fdebbdff203ee17c,provider_claim_only,ai_assisted_research,batch_001_release_009,kaykluz,2026-08-02,,,"Human reviewed. Source locator: Solution section describing 20 field crews using ArcGIS Survey123 to collect customer, property, meter and equipment information."
asrt_bulk_5b8bba5577969cf9,product,prod_1b711e547ec33e4e,sector_id,sector_distributed_energy_access,src_49525542a4a0aa7a,public_source,ai_assisted_research,batch_001_release_010,kaykluz,2026-08-02,,,Human reviewed. Source locator: Industry and Think Tanks section names the IRENA West Africa Electrification Platform and its investment-scenario coverage.
asrt_bulk_5bb7a6aa7d387c5c,organisation,org_3684c370a0486cf0,website,https://digital-energy.eu/en/projects/metavolt-energie-nghezo,src_05e838c776926403,independently_evidenced,ai_assisted_research,batch_001_release_008,kaykluz,2026-08-02,,,"Human reviewed. Source locator: Project heading and summary identify SolarFlow, Burkina Faso and its monitoring, automation and optimisation functions."
asrt_bulk_5bdd4116434b2bf5,product,prod_8c028e7d3c878e74,sector_id,sector_power_utilities,src_7c0c0c942fa173cd,provider_claim_only,ai_assisted_research,batch_001_release_013,kaykluz,2026-08-02,,,Human reviewed. Source locator: Main project paragraph describes continent-wide African country and transmission-link coverage and states that the model is open source.
asrt_bulk_5bee05a0805da916,product,prod_6105cb20d5181a16,access_model,open_source,src_a6c915fb6879f499,public_source,ai_assisted_research,batch_001_release_010,kaykluz,2026-08-02,,,Human reviewed. Source locator: Paragraph beginning 'The GEP Explorer is complemented' names the GEP Generator and describes custom scenario generation.
asrt_bulk_5c5e8c5389543ff7,organisation,org_d48d027ab1a1011c,headquarters_country,ZA,src_728b5d57ef518817,provider_claim_only,ai_assisted_research,batch_001_release_012,kaykluz,2026-08-02,,,Human reviewed. Source locator: Opening product description and 'Key Capabilities' list; call-to-action names George Municipality as a user.
asrt_bulk_5c82f8a88957a71b,organisation,org_99b1e294a6715f25,website,https://www.netelek.co.za/,src_19cbb51c9737fa08,provider_claim_only,ai_assisted_research,batch_001_release_011,kaykluz,2026-08-02,,,Human reviewed. Source locator: Launch Platform > NetView product entry.
asrt_bulk_5c868a4273048619,organisation,org_b9fc077cac046000,origin_classification,africa_built,src_2a5c99c65a3533f8,provider_claim_only,ai_assisted_research,batch_001_release_002,kaykluz,2026-08-02,,,"Human reviewed. Source locator: About Company; Who is Smart-View Technology; Analytics, Machine Learning & Reporting; Our Location."
asrt_bulk_5cb233bf93445604,product,prod_14d47cbe194106c4,primary_category_id,cat_paygo_minigrid_operations,src_2f4a7e763bb7e671,provider_claim_only,ai_assisted_research,batch_001_release_009,kaykluz,2026-08-02,,,Human reviewed. Source locator: Country profile opening paragraphs: operations launched as Bboxx in 2023 and use Bboxx Pulse in Mali.
asrt_bulk_5cfc8ac9754e767e,organisation,org_6fa8233b4c6f7e60,name,MyVoltage,src_e1397f8d9f1aec2c,provider_claim_only,ai_assisted_research,batch_001_release_011,kaykluz,2026-08-02,,,"Human reviewed. Source locator: Opening product description, Key product features and Value-added service offering."
asrt_bulk_5d062c24de6ba699,product,prod_21c1794343050d9f,sector_id,sector_power_utilities,src_e0428ec7ccfcfd99,provider_claim_only,ai_assisted_research,batch_001_release_012,kaykluz,2026-08-02,,,Human reviewed. Source locator: Opening 'Empower your customers' section and 'Better informed' notification list.
asrt_bulk_5d17c33f1f58b09c,product,prod_7b787a3f1eec1e39,lifecycle_status,active,src_2036ee97788b09bc,provider_claim_only,ai_assisted_research,batch_001_release_005,kaykluz,2026-08-02,,,Human reviewed. Source locator: FAQ questions 3 and 9 list Kenya among operating countries and instruct riders to locate swap stations with the Spiro app.
asrt_bulk_5d48f408a5726cc4,organisation,org_063aba978073ba5d,name,Citiq Prepaid,src_5d32c0903dfe6e9c,provider_claim_only,ai_assisted_research,batch_001_release_011,kaykluz,2026-08-02,,,"Human reviewed. Source locator: Sections 'Download the Citiq app' and 'Manage your utilities on the go', plus the statement that the technology is locally built in South Africa."
asrt_bulk_5d61e08dce839c5d,organisation,org_73b14ede2c4a2ead,website,https://pypsa.org/,src_e5c412f183848e7c,provider_claim_only,ai_assisted_research,batch_001_release_006,kaykluz,2026-08-02,,,"Human reviewed. Source locator: README opening and Features sections describe optimisation, dispatch, power-flow and planning functions; linked African models establish regional use."
asrt_bulk_5d769f4746ee5e0c,deployment,dep_0fd414076188d885,product_id,prod_47d2aba604b42faf,src_c7616caa46f7a0c2,provider_claim_only,ai_assisted_research,batch_001_release_007,kaykluz,2026-08-02,,,Human reviewed. Source locator: Paragraph stating that the ICC platform was upgraded with GE Vernova's GridOS forecasting solution for VRE forecasting and ramping.
asrt_bulk_5d8609d9e9b66894,organisation,org_6fa8233b4c6f7e60,origin_classification,africa_built,src_e1397f8d9f1aec2c,provider_claim_only,ai_assisted_research,batch_001_release_011,kaykluz,2026-08-02,,,"Human reviewed. Source locator: Opening product description, Key product features and Value-added service offering."
asrt_bulk_5e7a7bc872a9687e,product,prod_99c67cf93bb73c5f,website,https://www.rubicon.tech/pages/e-mobility,src_966853451e9815ad,provider_claim_only,ai_assisted_research,batch_001_release_005,kaykluz,2026-08-02,,,Human reviewed. Source locator: Locate & Control Your Charge Sessions and Seamless Payments sections; introduction states the app is for drivers in South Africa.
asrt_bulk_5e946be780b7791d,organisation,org_2744e404ad22d210,name,World Bank ESMAP,src_a6c915fb6879f499,public_source,ai_assisted_research,batch_001_release_011,kaykluz,2026-08-02,,,Human reviewed. Source locator: Paragraph beginning 'The GEP provides' describes the GEP Explorer and its adjustable least-cost planning parameters.
asrt_bulk_5ea344b2cd302edd,product,prod_14d47cbe194106c4,organisation_id,org_63de83960ce6a966,src_2f4a7e763bb7e671,provider_claim_only,ai_assisted_research,batch_001_release_009,kaykluz,2026-08-02,,,Human reviewed. Source locator: Country profile opening paragraphs: operations launched as Bboxx in 2023 and use Bboxx Pulse in Mali.
asrt_bulk_5eaca99de205df5f,deployment,dep_c12f3d3769ac31c2,customer_name,Aspire Power Solutions,src_4319a4161634cca0,provider_claim_only,ai_assisted_research,batch_001_release_001,kaykluz,2026-08-02,,,Human reviewed. Source locator: Section 'How Does Aspire Use SHYFT Technology?' and the 'Impact Hub & Google Launch Pad' fully deployed project block.
asrt_bulk_5eeb3c416d374552,organisation,org_515b5b14c4e13ea8,name,ELDO,src_daca46ab58257600,provider_claim_only,ai_assisted_research,batch_001_release_012,kaykluz,2026-08-02,,,Human reviewed. Source locator: Sections 'Our solutions' and 'ELDO's Energy App'.
asrt_bulk_5f213c46e6dc6f45,organisation,org_b4e978f005016067,origin_classification,public_or_open_infrastructure,src_c884b377e1fc531b,public_source,ai_assisted_research,batch_001_release_006,kaykluz,2026-08-02,,,Human reviewed. Source locator: IMPACCT Framework finance paragraph identifies FinCoRE as the source of projected capital costs.
asrt_bulk_5f49c4294055537c,organisation,org_b4e978f005016067,origin_classification,public_or_open_infrastructure,src_c884b377e1fc531b,public_source,ai_assisted_research,batch_001_release_005,kaykluz,2026-08-02,,,Human reviewed. Source locator: IMPACCT Framework paragraph names CLEWs for studying energy linkages with land and water.
asrt_bulk_5f8939dc693d18f0,deployment,dep_621d5c7586b993f8,started_year,2024,src_a1861482fff6a50d,independently_evidenced,ai_assisted_research,batch_001_release_003,kaykluz,2026-08-02,,,"Human reviewed. Source locator: Sections 'Connecting Displaced Communities' and 'Powering Business', especially the introduction of SparkMeter prepaid meters and transfer of remaining connections to BECO."
asrt_bulk_5fcad4ad5c00c9a2,organisation,org_907aa74533dc527b,name,GE Vernova,src_c7616caa46f7a0c2,provider_claim_only,ai_assisted_research,batch_001_release_013,kaykluz,2026-08-02,,,Human reviewed. Source locator: Opening announcement and ICC technology list naming an Energy Management System engineered for dispatching.
asrt_bulk_5fdd3b7eed6f52ab,product,prod_63cceeebf437dc69,access_model,commercial,src_d4d68c56788ce4d7,customer_confirmed,ai_assisted_research,batch_001_release_008,kaykluz,2026-08-02,,,"Human reviewed. Source locator: Project at a Glance, Solution and How It Works sections name eThekwini, Plentify HEMS, virtual-power-plant functions and the early-pilot status."
asrt_bulk_602ae216e531f7b3,organisation,org_7e4e5bedaec641be,origin_classification,global_deployed_in_africa,src_a1861482fff6a50d,independently_evidenced,ai_assisted_research,batch_001_release_003,kaykluz,2026-08-02,,,"Human reviewed. Source locator: Sections 'Connecting Displaced Communities' and 'Powering Business', especially the introduction of SparkMeter prepaid meters and transfer of remaining connections to BECO."
asrt_bulk_60e8f9ce7d50f699,product,prod_46feee3513c5f4a9,lifecycle_status,active,src_19cbb51c9737fa08,provider_claim_only,ai_assisted_research,batch_001_release_011,kaykluz,2026-08-02,,,Human reviewed. Source locator: Launch Platform > NetView product entry.
asrt_bulk_612a2e1684c68a57,product,prod_5c44515448aa55ab,access_model,commercial,src_3fed97da9ebf5a38,provider_claim_only,ai_assisted_research,batch_001_release_003,kaykluz,2026-08-02,,,"Human reviewed. Source locator: SteamaCo Product Suite, 'ThunderBolt' field-force app product block."
asrt_bulk_61349cfb6d5bebcf,organisation,org_a05bce318bbf4ea0,origin_classification,africa_built,src_1fd4de155f438bff,provider_claim_only,ai_assisted_research,batch_001_release_003,kaykluz,2026-08-02,,,Human reviewed. Source locator: FAQ answer to 'Where can I swap batteries' states that cabinets are deployed across Nairobi and can be found using the mobile app.
asrt_bulk_61e0e55c83188f3f,product,prod_c0f44036c2631600,lifecycle_status,active,src_c884b377e1fc531b,public_source,ai_assisted_research,batch_001_release_006,kaykluz,2026-08-02,,,Human reviewed. Source locator: IMPACCT Framework paragraph names FFRM for analysing foregone revenue from early fossil-plant shutdowns.
asrt_bulk_62224563e238ab53,product,prod_596ed16f715fb870,organisation_id,org_6813554323495fa0,src_25c2a0a72ca484b2,provider_claim_only,ai_assisted_research,batch_001_release_012,kaykluz,2026-08-02,,,"Human reviewed. Source locator: Sections 'Smart Metering & Energy Trading Solutions' and 'Smart Metering', especially the internally built meter-management ecosystem paragraph."
asrt_bulk_624b3a0141e7af5c,organisation,org_b5a699ab229742b6,website,https://www.enerweb.co.za/,src_33e8d065011165de,provider_claim_only,ai_assisted_research,batch_001_release_002,kaykluz,2026-08-02,,,"Human reviewed. Source locator: Opening overview, Details and Features sections; Output Examples include grid GIS outputs."
asrt_bulk_62aa6f1450d12f3d,organisation,org_df0fd10412aadaab,name,Kofa Technologies,src_0df75f7550839b7c,provider_claim_only,ai_assisted_research,batch_001_release_004,kaykluz,2026-08-02,,,"Human reviewed. Source locator: Fleet Management feature explicitly names the Kofa Fleet Platform and describes rider access, purchases and running-cost management."
asrt_bulk_62d1553119d0276d,deployment,dep_c12f3d3769ac31c2,lifecycle_status,active,src_4319a4161634cca0,provider_claim_only,ai_assisted_research,batch_001_release_001,kaykluz,2026-08-02,,,Human reviewed. Source locator: Section 'How Does Aspire Use SHYFT Technology?' and the 'Impact Hub & Google Launch Pad' fully deployed project block.
asrt_bulk_6334df42854c56e5,organisation,org_abe67edf168ef702,name,KTH Royal Institute of Technology and OnSSET contributors,src_49525542a4a0aa7a,provider_claim_only,ai_assisted_research,batch_001_release_010,kaykluz,2026-08-02,,,"Human reviewed. Source locator: Governments and Industry and Think Tanks sections list applications in Nigeria, Ethiopia, Kenya, Tanzania, Madagascar, Benin and other African contexts."
asrt_bulk_635771128af8d90b,product,prod_84da79537e9d2e53,access_model,commercial,src_33e8d065011165de,provider_claim_only,ai_assisted_research,batch_001_release_002,kaykluz,2026-08-02,,,"Human reviewed. Source locator: Opening overview, Details and Features sections; Output Examples include grid GIS outputs."
asrt_bulk_6378635af2f3ed06,product,prod_acf9505b6591bcdc,open_source_url,https://github.com/OnSSET/onsset,src_49525542a4a0aa7a,provider_claim_only,ai_assisted_research,batch_001_release_010,kaykluz,2026-08-02,,,"Human reviewed. Source locator: Governments and Industry and Think Tanks sections list applications in Nigeria, Ethiopia, Kenya, Tanzania, Madagascar, Benin and other African contexts."
asrt_bulk_63f0286b599931b7,product,prod_88eab8436b1e03d8,website,https://pypsa.org/,src_e5c412f183848e7c,provider_claim_only,ai_assisted_research,batch_001_release_006,kaykluz,2026-08-02,,,"Human reviewed. Source locator: README opening and Features sections describe optimisation, dispatch, power-flow and planning functions; linked African models establish regional use."
asrt_bulk_6409b7fd60f3f7e3,product,prod_90c1269fb6533050,organisation_id,org_e7a91741bca86f28,src_3fed97da9ebf5a38,provider_claim_only,ai_assisted_research,batch_001_release_012,kaykluz,2026-08-02,,,"Human reviewed. Source locator: SteamaCo Product Suite, 'Nimbus AMI' product block."
asrt_bulk_6426d5a3af39c387,product,prod_dafd91d42f6636f9,lifecycle_status,active,src_728b5d57ef518817,provider_claim_only,ai_assisted_research,batch_001_release_012,kaykluz,2026-08-02,,,Human reviewed. Source locator: Opening product description and 'Key Capabilities' list; call-to-action names George Municipality as a user.
asrt_bulk_64685e47859de991,organisation,org_df0fd10412aadaab,country_of_origin,GH,src_0df75f7550839b7c,provider_claim_only,ai_assisted_research,batch_001_release_004,kaykluz,2026-08-02,,,"Human reviewed. Source locator: Fleet Management feature explicitly names the Kofa Fleet Platform and describes rider access, purchases and running-cost management."
asrt_bulk_6494c056d4c80877,product,prod_596ed16f715fb870,lifecycle_status,active,src_25c2a0a72ca484b2,provider_claim_only,ai_assisted_research,batch_001_release_012,kaykluz,2026-08-02,,,"Human reviewed. Source locator: Sections 'Smart Metering & Energy Trading Solutions' and 'Smart Metering', especially the internally built meter-management ecosystem paragraph."
asrt_bulk_64b03159d73841a2,product,prod_c0f44036c2631600,website,https://climatecompatiblegrowth.com/international-partnerships/data-and-tools/modelling-tools-and-frameworks/,src_c884b377e1fc531b,public_source,ai_assisted_research,batch_001_release_006,kaykluz,2026-08-02,,,Human reviewed. Source locator: IMPACCT Framework paragraph names FFRM for analysing foregone revenue from early fossil-plant shutdowns.
asrt_bulk_653625a60e9d511c,product,prod_d6cc37a1cf2d1294,name,PyPSA-Earth,src_978f6fdd465962a6,provider_claim_only,ai_assisted_research,batch_001_release_006,kaykluz,2026-08-02,,,Human reviewed. Source locator: README introduction and cited paper identify the open model and its demonstration in Africa.
asrt_bulk_656eba37166ce71f,product,prod_84da79537e9d2e53,website,https://www.enerweb.co.za/index.php/products/di,src_33e8d065011165de,provider_claim_only,ai_assisted_research,batch_001_release_002,kaykluz,2026-08-02,,,"Human reviewed. Source locator: Opening overview, Details and Features sections; Output Examples include grid GIS outputs."
asrt_bulk_65843554978874e0,organisation,org_df0fd10412aadaab,country_of_origin,GH,src_0df75f7550839b7c,provider_claim_only,ai_assisted_research,batch_001_release_005,kaykluz,2026-08-02,,,"Human reviewed. Source locator: Kofa app technology and Swap & Go sections describe app-based access, station availability and Ghana/Kenya network operations."
asrt_bulk_65906f45904a6612,product,prod_4862d10385138cf5,website,https://d-rec.github.io/drec-origin/platform-overview/key-features.html,src_4b7adae0776349b3,provider_claim_only,ai_assisted_research,batch_001_release_001,kaykluz,2026-08-02,,,"Human reviewed. Source locator: Key Features sections describe generation validation, device management, certificate tokens and eligible mini-grid and solar-home-system devices."
asrt_bulk_65bd8ffb0394b71f,organisation,org_515b5b14c4e13ea8,country_of_origin,ZA,src_daca46ab58257600,provider_claim_only,ai_assisted_research,batch_001_release_012,kaykluz,2026-08-02,,,Human reviewed. Source locator: Sections 'Our solutions' and 'ELDO's Energy App'.
asrt_bulk_65d6abfbdca5690f,product,prod_d123b1e7b49b439e,website,https://climatecompatiblegrowth.com/international-partnerships/data-and-tools/modelling-tools-and-frameworks/,src_c884b377e1fc531b,public_source,ai_assisted_research,batch_001_release_005,kaykluz,2026-08-02,,,Human reviewed. Source locator: IMPACCT Framework paragraph names CLEWs for studying energy linkages with land and water.
asrt_bulk_662e37e5967930b8,product,prod_dc72bea09d0725f4,sector_id,sector_emobility_batteries,src_ad5d15b92aa2776d,provider_claim_only,ai_assisted_research,batch_001_release_004,kaykluz,2026-08-02,,,"Human reviewed. Source locator: Homepage 'Now live across Egypt' and feature sections describe the wallet, map, availability and session records."
asrt_bulk_66a6a66180d2331d,product,prod_4a59c1c6110c4219,organisation_id,org_6fa8233b4c6f7e60,src_e1397f8d9f1aec2c,provider_claim_only,ai_assisted_research,batch_001_release_011,kaykluz,2026-08-02,,,"Human reviewed. Source locator: Opening product description, Key product features and Value-added service offering."
asrt_bulk_66ce38c62b0ffdd3,product,prod_8d5f9abcd9decdc8,lifecycle_status,active,src_cdecc55785a2e84f,provider_claim_only,ai_assisted_research,batch_001_release_006,kaykluz,2026-08-02,,,"Human reviewed. Source locator: Sections 'This is the actual product', 'Engineering Studio', 'Yield and simulation', 'How a deal moves' and footer legal registration details."
asrt_bulk_66d6eb02a7d34fcc,product,prod_4e6bb096113f7a45,access_model,commercial,src_19cbb51c9737fa08,provider_claim_only,ai_assisted_research,batch_001_release_010,kaykluz,2026-08-02,,,Human reviewed. Source locator: Launch Platform > NetMaps product entry.
asrt_bulk_66e4659f3afd2c66,product,prod_83e8647b12c0f40a,primary_category_id,cat_distribution_utility_operations,src_a1861482fff6a50d,independently_evidenced,ai_assisted_research,batch_001_release_003,kaykluz,2026-08-02,,,"Human reviewed. Source locator: Sections 'Connecting Displaced Communities' and 'Powering Business', especially the introduction of SparkMeter prepaid meters and transfer of remaining connections to BECO."
asrt_bulk_67b239dd90e6b143,product,prod_d6cc37a1cf2d1294,organisation_id,org_d1bdcd4f66807716,src_978f6fdd465962a6,provider_claim_only,ai_assisted_research,batch_001_release_006,kaykluz,2026-08-02,,,Human reviewed. Source locator: README introduction and cited paper identify the open model and its demonstration in Africa.
asrt_bulk_67bcb7e73746982d,product,prod_8c028e7d3c878e74,access_model,open_source,src_7c0c0c942fa173cd,provider_claim_only,ai_assisted_research,batch_001_release_013,kaykluz,2026-08-02,,,Human reviewed. Source locator: Main project paragraph describes continent-wide African country and transmission-link coverage and states that the model is open source.
asrt_bulk_67c5e7b207dcff96,organisation,org_a08b81b7f5f0b23a,name,Solar MD,src_8663e6ac3734b42a,provider_claim_only,ai_assisted_research,batch_001_release_008,kaykluz,2026-08-02,,,"Human reviewed. Source locator: Sections 'EMS Software | Monitoring & Control', 'Key functionalities' and FAQs; Solar MD contact page identifies Cape Town as the Africa head office."
asrt_bulk_67d722744db8db0f,product,prod_37d006103d63d180,primary_category_id,cat_finance_procurement_underwriting,src_c884b377e1fc531b,public_source,ai_assisted_research,batch_001_release_006,kaykluz,2026-08-02,,,Human reviewed. Source locator: IMPACCT Framework finance paragraph identifies FinTrack as the source of financing terms.
asrt_bulk_67fefe37fea76961,organisation,org_a08b81b7f5f0b23a,origin_classification,africa_built,src_8663e6ac3734b42a,provider_claim_only,ai_assisted_research,batch_001_release_008,kaykluz,2026-08-02,,,"Human reviewed. Source locator: Sections 'EMS Software | Monitoring & Control', 'Key functionalities' and FAQs; Solar MD contact page identifies Cape Town as the Africa head office."
asrt_bulk_682ac2253692bfde,deployment,dep_c4d486068f0ae346,customer_name,Growthpoint Properties,src_8ad2a6fd5ad32af1,independently_evidenced,ai_assisted_research,batch_001_release_001,kaykluz,2026-08-02,,,"Human reviewed. Source locator: Opening two paragraphs identify Growthpoint's South African e-co2 initiative, Fuel Switch partnership and blockchain REC exchange rollout."
asrt_bulk_68824cbedae3619b,product,prod_46feee3513c5f4a9,primary_category_id,cat_retail_metering_billing_payments,src_19cbb51c9737fa08,provider_claim_only,ai_assisted_research,batch_001_release_011,kaykluz,2026-08-02,,,Human reviewed. Source locator: Launch Platform > NetView product entry.
asrt_bulk_688d9bc6f965c44c,product,prod_3e36972ea2d29b21,description,"Integration software connecting smart-meter data systems with utility back-office processes for remote reads, billing, customer service and consumption analysis.",src_02027067a2b6f47d,provider_claim_only,ai_assisted_research,batch_001_release_002,kaykluz,2026-08-02,,,"Human reviewed. Source locator: Paragraphs dated April 19, 2012 stating successful go-live, remote meter reads, MDUS integration and continuous exchange with SAP for Utilities."
asrt_bulk_69aac0605e52fea2,organisation,org_fc7c0c72d1969875,name,Adroit Technologies,src_f533c88c1d12d756,provider_claim_only,ai_assisted_research,batch_001_release_002,kaykluz,2026-08-02,,,"Human reviewed. Source locator: Opening product description, 'Adroit IoT Platform', 'Security', 'Services Orientated' and vertical-application paragraph naming Energy."
asrt_bulk_69b4cdbf1c3eed39,product,prod_870e878724216eb1,name,Battery Bank Africa,src_85884b03ae89ab9b,independently_evidenced,ai_assisted_research,batch_001_release_008,kaykluz,2026-08-02,,,"Human reviewed. Source locator: Project at a Glance, Solution, How It Works and Results So Far sections name the platform and describe real-world operator use across sub-Saharan Africa."
asrt_bulk_69cc9944d6ae56b7,product,prod_7f669470202474a2,primary_category_id,cat_engineering_design_simulation,src_b0d8da97968bb795,provider_claim_only,ai_assisted_research,batch_001_release_005,kaykluz,2026-08-02,,,"Human reviewed. Source locator: Article summary and South African case-study paragraph describe the interface, functions and EMP-A 2021 application."
asrt_bulk_6ad4e06af328f938,product,prod_00904b9e2148c62a,name,Adroit M2M and IoT Platform,src_f533c88c1d12d756,provider_claim_only,ai_assisted_research,batch_001_release_002,kaykluz,2026-08-02,,,"Human reviewed. Source locator: Opening product description, 'Adroit IoT Platform', 'Security', 'Services Orientated' and vertical-application paragraph naming Energy."
asrt_bulk_6af54bef490bd0e3,product,prod_47d2aba604b42faf,primary_category_id,cat_forecasting_flexibility_der,src_c7616caa46f7a0c2,provider_claim_only,ai_assisted_research,batch_001_release_007,kaykluz,2026-08-02,,,Human reviewed. Source locator: Paragraph stating that the ICC platform was upgraded with GE Vernova's GridOS forecasting solution for VRE forecasting and ramping.
asrt_bulk_6b2b2179a7eb0627,product,prod_37d006103d63d180,organisation_id,org_b4e978f005016067,src_c884b377e1fc531b,public_source,ai_assisted_research,batch_001_release_006,kaykluz,2026-08-02,,,Human reviewed. Source locator: IMPACCT Framework finance paragraph identifies FinTrack as the source of financing terms.
asrt_bulk_6b35ea9e9c666e44,deployment,dep_8ba702b9e523b312,product_id,prod_14d47cbe194106c4,src_2f4a7e763bb7e671,provider_claim_only,ai_assisted_research,batch_001_release_009,kaykluz,2026-08-02,,,Human reviewed. Source locator: Country profile opening paragraphs: operations launched as Bboxx in 2023 and use Bboxx Pulse in Mali.
asrt_bulk_6b7ef47b444be9ef,product,prod_d52c504a42c601a3,description,Open-source modelling system for long-run integrated assessment and energy planning.,src_a9aeffadb63a1fef,provider_claim_only,ai_assisted_research,batch_001_release_006,kaykluz,2026-08-02,,,"Human reviewed. Source locator: Opening paragraph states that OSeMOSYS has been used for African Power Pools and other continental, country and village models."
asrt_bulk_6bdc3502842a3403,product,prod_09961473d83843e4,name,IRENA FlexTool,src_c884b377e1fc531b,public_source,ai_assisted_research,batch_001_release_007,kaykluz,2026-08-02,,,Human reviewed. Source locator: Model Integration / IMPACCT Framework paragraph names FlexTool for evaluating power-system flexibility from OSeMOSYS results.
asrt_bulk_6bee577f803038f3,organisation,org_a08b81b7f5f0b23a,country_of_origin,ZA,src_8663e6ac3734b42a,provider_claim_only,ai_assisted_research,batch_001_release_008,kaykluz,2026-08-02,,,"Human reviewed. Source locator: Sections 'EMS Software | Monitoring & Control', 'Key functionalities' and FAQs; Solar MD contact page identifies Cape Town as the Africa head office."
asrt_bulk_6c1c0e1e752d9779,product,prod_786ef0a3b218061b,description,"Cloud SaaS platform for stationary-battery health, performance, anomaly and warranty management.",src_75449c38606a534e,independently_evidenced,ai_assisted_research,batch_001_release_008,kaykluz,2026-08-02,,,"Human reviewed. Source locator: Project description and Key milestones sections identify the Kenya-based SaaS platform, functions and pilot integrations."
asrt_bulk_6c953c86ff1fb14c,organisation,org_36577bb3608ee5a3,name,Ampersand Energy,src_06e5f378dc49db18,provider_claim_only,ai_assisted_research,batch_001_release_003,kaykluz,2026-08-02,,,"Human reviewed. Source locator: Our Technology section names AmperOps and describes fleet-management, telemetry and predictive battery-lifespan optimisation."
asrt_bulk_6cbdc922d713486b,organisation,org_7e4e5bedaec641be,website,https://www.sparkmeter.io/,src_a1861482fff6a50d,independently_evidenced,ai_assisted_research,batch_001_release_003,kaykluz,2026-08-02,,,"Human reviewed. Source locator: Sections 'Connecting Displaced Communities' and 'Powering Business', especially the introduction of SparkMeter prepaid meters and transfer of remaining connections to BECO."
asrt_bulk_6cc9aa34a89c2615,product,prod_835fa410d7e3dba0,name,E-Stations,src_4acfd42725b98b4e,provider_claim_only,ai_assisted_research,batch_001_release_004,kaykluz,2026-08-02,,,"Human reviewed. Source locator: About this app section describes live charging discovery, availability, remote start/stop and payments; developer address is in Rabat, Morocco."
asrt_bulk_6cd244a5688eda03,organisation,org_b4e978f005016067,name,Climate Compatible Growth,src_c884b377e1fc531b,public_source,ai_assisted_research,batch_001_release_005,kaykluz,2026-08-02,,,Human reviewed. Source locator: IMPACCT Framework paragraph names CLEWs for studying energy linkages with land and water.
asrt_bulk_6ceff01d4f161893,product,prod_4c1eb1c96a6e5afa,website,https://osemosys-global.readthedocs.io/en/latest/,src_006b50f09716afd0,provider_claim_only,ai_assisted_research,batch_001_release_006,kaykluz,2026-08-02,,,"Human reviewed. Source locator: Opening description identifies the software as an open-source, open-data model generator for any geographic subset of the globe."
asrt_bulk_6d37d9cc12ca969c,product,prod_01e0b6c0d126d66c,sector_id,sector_markets_finance_carbon,src_c2df3e2d24c3763b,provider_claim_only,ai_assisted_research,batch_001_release_001,kaykluz,2026-08-02,,,Human reviewed. Source locator: Market overview states its South African and wider African purpose and access to a platform for buying and selling carbon credits and renewable-energy certificates.
asrt_bulk_6da5264f2db06b53,organisation,org_e7a91741bca86f28,headquarters_country,GB,src_e0428ec7ccfcfd99,provider_claim_only,ai_assisted_research,batch_001_release_012,kaykluz,2026-08-02,,,Human reviewed. Source locator: Opening 'Empower your customers' section and 'Better informed' notification list.
asrt_bulk_6db684e3d5dad182,organisation,org_cdc655096c67d97e,name,Solarmente (Pty) Ltd trading as ArkFlow,src_cdecc55785a2e84f,provider_claim_only,ai_assisted_research,batch_001_release_006,kaykluz,2026-08-02,,,"Human reviewed. Source locator: Sections 'This is the actual product', 'Engineering Studio', 'Yield and simulation', 'How a deal moves' and footer legal registration details."
asrt_bulk_6dc59b046a07f405,product,prod_50515a6186c6f41d,description,"A web and mobile energy-management platform for monitoring, analytics, device control and logic configuration across solar and storage systems.",src_8663e6ac3734b42a,provider_claim_only,ai_assisted_research,batch_001_release_008,kaykluz,2026-08-02,,,"Human reviewed. Source locator: Sections 'EMS Software | Monitoring & Control', 'Key functionalities' and FAQs; Solar MD contact page identifies Cape Town as the Africa head office."
asrt_bulk_6e26e0f20650f9f1,product,prod_99b7bcd9a368219b,organisation_id,org_b4e978f005016067,src_c884b377e1fc531b,public_source,ai_assisted_research,batch_001_release_009,kaykluz,2026-08-02,,,Human reviewed. Source locator: IMPACCT Framework paragraph names NISMOD for national infrastructure planning.
asrt_bulk_6e332572a5851f8e,product,prod_28e66e28e429e98a,primary_category_id,cat_emobility_battery_networks,src_0df75f7550839b7c,provider_claim_only,ai_assisted_research,batch_001_release_005,kaykluz,2026-08-02,,,"Human reviewed. Source locator: Kofa app technology and Swap & Go sections describe app-based access, station availability and Ghana/Kenya network operations."
asrt_bulk_6e3cc89e934dac34,organisation,org_e6912eb1478e941d,website,https://digital-energy.eu/en/projects/give-ltd,src_419b4f8f3ed72377,independently_evidenced,ai_assisted_research,batch_001_release_009,kaykluz,2026-08-02,,,"Human reviewed. Source locator: Project description names PowerPay and describes monitoring, revenue collection, asset management and energy-use tracking; page reports current use in East Africa."
asrt_bulk_6e3f3c5a02f14ad0,organisation,org_530820839614a2eb,website,https://www.esri.com/,src_7de3c1f07aa1a7fc,provider_claim_only,ai_assisted_research,batch_001_release_002,kaykluz,2026-08-02,,,"Human reviewed. Source locator: Solution section stating that IoT, smart-meter and RTU data is aggregated with ArcGIS GeoEvent Server to update feature layers."
asrt_bulk_6e5cf1a5113330cc,product,prod_7b787a3f1eec1e39,access_model,commercial,src_2036ee97788b09bc,provider_claim_only,ai_assisted_research,batch_001_release_005,kaykluz,2026-08-02,,,Human reviewed. Source locator: FAQ questions 3 and 9 list Kenya among operating countries and instruct riders to locate swap stations with the Spiro app.
asrt_bulk_6e7de7766d1e95ab,organisation,org_df0fd10412aadaab,website,https://www.kofa.co/,src_0df75f7550839b7c,provider_claim_only,ai_assisted_research,batch_001_release_004,kaykluz,2026-08-02,,,"Human reviewed. Source locator: Fleet Management feature explicitly names the Kofa Fleet Platform and describes rider access, purchases and running-cost management."
asrt_bulk_6e825533d97b66dc,product,prod_c88c7983f9fcb410,sector_id,sector_distributed_energy_access,src_80750634d4eb4e8f,provider_claim_only,ai_assisted_research,batch_001_release_010,kaykluz,2026-08-02,,,Human reviewed. Source locator: United Nations app subsection describes the interface and results for 54 developing countries in sub-Saharan Africa and Latin America.
asrt_bulk_6eae607aeb0b29c1,organisation,org_99b1e294a6715f25,origin_classification,africa_built,src_19cbb51c9737fa08,provider_claim_only,ai_assisted_research,batch_001_release_011,kaykluz,2026-08-02,,,Human reviewed. Source locator: Launch Platform > NetVend product entry.
asrt_bulk_6ebe8aebc8e8be53,organisation,org_e7a91741bca86f28,name,SteamaCo,src_d20623b62099ccd7,provider_claim_only,ai_assisted_research,batch_001_release_003,kaykluz,2026-08-02,,,Human reviewed. Source locator: Sections 'ATC&C Loss Detection & Resolution' and 'How it works'.
asrt_bulk_6ecb0b1b5e6f210d,organisation,org_2744e404ad22d210,name,World Bank ESMAP,src_a6c915fb6879f499,public_source,ai_assisted_research,batch_001_release_010,kaykluz,2026-08-02,,,Human reviewed. Source locator: Paragraph beginning 'The GEP Explorer is complemented' names the GEP Generator and describes custom scenario generation.
asrt_bulk_6ed2203e4700038d,product,prod_6105cb20d5181a16,website,https://www.esmap.org/global-electrification-platform-gep,src_a6c915fb6879f499,public_source,ai_assisted_research,batch_001_release_010,kaykluz,2026-08-02,,,Human reviewed. Source locator: Paragraph beginning 'The GEP Explorer is complemented' names the GEP Generator and describes custom scenario generation.
asrt_bulk_6ed7080f001e694c,organisation,org_a8add2f3b4fe90af,name,OSeMOSYS Community,src_006b50f09716afd0,provider_claim_only,ai_assisted_research,batch_001_release_006,kaykluz,2026-08-02,,,"Human reviewed. Source locator: Opening description identifies the software as an open-source, open-data model generator for any geographic subset of the globe."
asrt_bulk_6f351cd11b0a392e,organisation,org_e6912eb1478e941d,headquarters_country,KE,src_419b4f8f3ed72377,independently_evidenced,ai_assisted_research,batch_001_release_009,kaykluz,2026-08-02,,,"Human reviewed. Source locator: Project description names PowerPay and describes monitoring, revenue collection, asset management and energy-use tracking; page reports current use in East Africa."
asrt_bulk_6f764cb5434ba4b6,product,prod_3f8147ec1b685701,access_model,commercial,src_d20623b62099ccd7,provider_claim_only,ai_assisted_research,batch_001_release_003,kaykluz,2026-08-02,,,Human reviewed. Source locator: Sections 'ATC&C Loss Detection & Resolution' and 'How it works'.
asrt_bulk_6fbe86799c3ee7dc,organisation,org_6d53c1b9743e7ec9,headquarters_country,ZA,src_a007594faa6d6482,provider_claim_only,ai_assisted_research,batch_001_release_004,kaykluz,2026-08-02,,,"Human reviewed. Source locator: Homepage section on the national network names ChargePocket and describes its live map, charger details, sessions and payments."
asrt_bulk_6fbfb275e8590047,product,prod_4801ed63e28a4c98,lifecycle_status,active,src_8055fc93905afd67,provider_claim_only,ai_assisted_research,batch_001_release_013,kaykluz,2026-08-02,,,Human reviewed. Source locator: Our Solutions / Energypro Transactions section names the product and describes contract and transaction automation.
asrt_bulk_6fd909e39bf97c21,product,prod_00904b9e2148c62a,access_model,commercial,src_f533c88c1d12d756,provider_claim_only,ai_assisted_research,batch_001_release_002,kaykluz,2026-08-02,,,"Human reviewed. Source locator: Opening product description, 'Adroit IoT Platform', 'Security', 'Services Orientated' and vertical-application paragraph naming Energy."
asrt_bulk_6fed58eca2af6b79,product,prod_dc72bea09d0725f4,website,https://www.ev-node.com/,src_ad5d15b92aa2776d,provider_claim_only,ai_assisted_research,batch_001_release_004,kaykluz,2026-08-02,,,"Human reviewed. Source locator: Homepage 'Now live across Egypt' and feature sections describe the wallet, map, availability and session records."
asrt_bulk_6ffa7f0bde07bef0,product,prod_b57d9407040b6d6d,sector_id,sector_commercial_industrial,src_31fdc6b36c19f321,provider_claim_only,ai_assisted_research,batch_001_release_011,kaykluz,2026-08-02,,,Human reviewed. Source locator: Opening platform summary; 'The platform'; 'What we meter'; 'How it works'; FAQ; footer address.
asrt_bulk_70009122541b861d,product,prod_f3d9dc4a77ea4cab,primary_category_id,cat_data_interoperability_security,src_0b7158369b815d9f,provider_claim_only,ai_assisted_research,batch_001_release_002,kaykluz,2026-08-02,,,Human reviewed. Source locator: Presentation summary under '2022 – AVEVA PI World – Amsterdam – Power Generation'.
asrt_bulk_7007a9b3d8a604ff,organisation,org_2744e404ad22d210,origin_classification,public_or_open_infrastructure,src_a6c915fb6879f499,public_source,ai_assisted_research,batch_001_release_010,kaykluz,2026-08-02,,,Human reviewed. Source locator: Paragraph beginning 'The GEP Explorer is complemented' names the GEP Generator and describes custom scenario generation.
asrt_bulk_701e28ffa18c3ae1,product,prod_4c1eb1c96a6e5afa,primary_category_id,cat_engineering_design_simulation,src_006b50f09716afd0,provider_claim_only,ai_assisted_research,batch_001_release_006,kaykluz,2026-08-02,,,"Human reviewed. Source locator: Opening description identifies the software as an open-source, open-data model generator for any geographic subset of the globe."
asrt_bulk_701e5663e177f99e,product,prod_27402d8bb06c6333,website,https://shyftpower.com/faqs,src_4319a4161634cca0,provider_claim_only,ai_assisted_research,batch_001_release_001,kaykluz,2026-08-02,,,Human reviewed. Source locator: Section 'How Does Aspire Use SHYFT Technology?' and the 'Impact Hub & Google Launch Pad' fully deployed project block.
asrt_bulk_7086c8156b82a991,deployment,dep_a7c8d5b7c82274d7,customer_disclosure,named,src_02027067a2b6f47d,provider_claim_only,ai_assisted_research,batch_001_release_002,kaykluz,2026-08-02,,,"Human reviewed. Source locator: Paragraphs dated April 19, 2012 stating successful go-live, remote meter reads, MDUS integration and continuous exchange with SAP for Utilities."
asrt_bulk_7149b10e7024018d,product,prod_46feee3513c5f4a9,access_model,commercial,src_19cbb51c9737fa08,provider_claim_only,ai_assisted_research,batch_001_release_011,kaykluz,2026-08-02,,,Human reviewed. Source locator: Launch Platform > NetView product entry.
asrt_bulk_715ca993aee9c385,product,prod_76e1cb9631e5da42,primary_category_id,cat_emobility_battery_networks,src_1fd4de155f438bff,provider_claim_only,ai_assisted_research,batch_001_release_003,kaykluz,2026-08-02,,,Human reviewed. Source locator: FAQ answer to 'Where can I swap batteries' states that cabinets are deployed across Nairobi and can be found using the mobile app.
asrt_bulk_715e7cb1f4263c1b,product,prod_5ace380c4742b933,description,The mobile-app and cloud-services layer of the Elon Smart Water solution for connected water-heating and solar-PV management.,src_afd975f932305487,provider_claim_only,ai_assisted_research,batch_001_release_001,kaykluz,2026-08-02,,,"Human reviewed. Source locator: Introduction: the Elon Smart Water Solution includes hardware, a mobile app and a cloud services platform; About page states the IP and manufacturing are South African."
asrt_bulk_717fe2fcadc1f5ea,product,prod_4add1d20552ca8e8,access_model,commercial,src_c70678946460cecc,provider_claim_only,ai_assisted_research,batch_001_release_001,kaykluz,2026-08-02,,,"Human reviewed. Source locator: Products section, 'Energy Management System'; Contacts section gives the Giza, Egypt address."
asrt_bulk_718486813459adba,product,prod_a65525f1816d4864,access_model,public,src_80750634d4eb4e8f,public_source,ai_assisted_research,batch_001_release_010,kaykluz,2026-08-02,,,Human reviewed. Source locator: Congo Epela Platform subsection identifies Resource Matters and the DRC least-cost electrification application.
asrt_bulk_71881b397b2c7bec,organisation,org_7245d69e568dc70a,name,Vittoria Technology,src_85884b03ae89ab9b,independently_evidenced,ai_assisted_research,batch_001_release_008,kaykluz,2026-08-02,,,"Human reviewed. Source locator: Project at a Glance, Solution, How It Works and Results So Far sections name the platform and describe real-world operator use across sub-Saharan Africa."
asrt_bulk_71a634fa48aac8bd,organisation,org_8dbd3ffeca6e1efd,name,Masunga,src_36ff3d019dab7c6f,provider_claim_only,ai_assisted_research,batch_001_release_009,kaykluz,2026-08-02,,,Human reviewed. Source locator: Overview paragraphs identifying Kazang Solar as a Zambian PAYGo solar distributor and stating it adopted PaygOps in late 2022.
asrt_bulk_71ed0f356a2e6643,product,prod_dafd91d42f6636f9,access_model,commercial,src_728b5d57ef518817,provider_claim_only,ai_assisted_research,batch_001_release_012,kaykluz,2026-08-02,,,Human reviewed. Source locator: Opening product description and 'Key Capabilities' list; call-to-action names George Municipality as a user.
asrt_bulk_72125ef48b495295,product,prod_b57d9407040b6d6d,website,https://meterx.co.za/,src_31fdc6b36c19f321,provider_claim_only,ai_assisted_research,batch_001_release_011,kaykluz,2026-08-02,,,Human reviewed. Source locator: Opening platform summary; 'The platform'; 'What we meter'; 'How it works'; FAQ; footer address.
asrt_bulk_7217ba1fd61ba559,product,prod_3464ecbd2a2298cc,access_model,commercial,src_1aba15c2ac9250fc,provider_claim_only,ai_assisted_research,batch_001_release_009,kaykluz,2026-08-02,,,"Human reviewed. Source locator: Solution paragraph selecting ArcGIS Enterprise and Results paragraphs stating installation in 2018, portal deployment, dashboards and spatial analysis."
asrt_bulk_7265005af0e0d3c4,product,prod_a65525f1816d4864,website,https://onsset.readthedocs.io/en/latest/applications.html,src_80750634d4eb4e8f,public_source,ai_assisted_research,batch_001_release_010,kaykluz,2026-08-02,,,Human reviewed. Source locator: Congo Epela Platform subsection identifies Resource Matters and the DRC least-cost electrification application.
asrt_bulk_72690d1b13910a25,product,prod_1b711e547ec33e4e,description,Interactive platform providing electrification investment scenarios for West African countries.,src_49525542a4a0aa7a,public_source,ai_assisted_research,batch_001_release_010,kaykluz,2026-08-02,,,Human reviewed. Source locator: Industry and Think Tanks section names the IRENA West Africa Electrification Platform and its investment-scenario coverage.
asrt_bulk_7285d1bab26a25cc,product,prod_596ed16f715fb870,description,"An internally built meter-data, sub-metering, revenue-collection, billing and reporting platform for utilities and property energy systems.",src_25c2a0a72ca484b2,provider_claim_only,ai_assisted_research,batch_001_release_012,kaykluz,2026-08-02,,,"Human reviewed. Source locator: Sections 'Smart Metering & Energy Trading Solutions' and 'Smart Metering', especially the internally built meter-management ecosystem paragraph."
asrt_bulk_7290ade90a961ada,product,prod_3cdf76665621519b,description,Digital marketplace matching large electricity buyers with renewable generators.,src_8055fc93905afd67,provider_claim_only,ai_assisted_research,batch_001_release_012,kaykluz,2026-08-02,,,Human reviewed. Source locator: Our Solutions / Energypro Marketplace section describes renewable-electricity sourcing and the page identifies South African wheeling operations.
asrt_bulk_72c5a5f20ff184e7,product,prod_7b787a3f1eec1e39,name,Spiro App,src_2036ee97788b09bc,provider_claim_only,ai_assisted_research,batch_001_release_005,kaykluz,2026-08-02,,,Human reviewed. Source locator: FAQ questions 3 and 9 list Kenya among operating countries and instruct riders to locate swap stations with the Spiro app.
asrt_bulk_72f781c1104f3f7f,organisation,org_907aa74533dc527b,headquarters_country,US,src_c7616caa46f7a0c2,provider_claim_only,ai_assisted_research,batch_001_release_013,kaykluz,2026-08-02,,,Human reviewed. Source locator: Opening announcement and ICC technology list naming an Energy Management System engineered for dispatching.
asrt_bulk_72fd098a4215ae65,product,prod_5cabfd347277fd43,access_model,open_source,src_6fa288b6cac304e9,provider_claim_only,ai_assisted_research,batch_001_release_010,kaykluz,2026-08-02,,,"Human reviewed. Source locator: Opening product description names the IEA-MIT collaboration, open-source status and sub-Saharan Africa coverage."
asrt_bulk_7362e6a0337daeca,product,prod_d52c504a42c601a3,primary_category_id,cat_engineering_design_simulation,src_a9aeffadb63a1fef,provider_claim_only,ai_assisted_research,batch_001_release_006,kaykluz,2026-08-02,,,"Human reviewed. Source locator: Opening paragraph states that OSeMOSYS has been used for African Power Pools and other continental, country and village models."
asrt_bulk_73dd4feceef04239,product,prod_fcaaff4768a60d65,access_model,public,src_c884b377e1fc531b,public_source,ai_assisted_research,batch_001_release_007,kaykluz,2026-08-02,,,Human reviewed. Source locator: Model Integration / IMPACCT Framework paragraph identifies MAED for energy-demand assessments.
asrt_bulk_73e5ce5684e1400d,product,prod_04226a46eb948cbc,sector_id,sector_emobility_batteries,src_09a3d01a3a3a8b9a,provider_claim_only,ai_assisted_research,batch_001_release_004,kaykluz,2026-08-02,,,Human reviewed. Source locator: Homepage headings 'The Complete EV Charging Software Platform' and location section identifying Egypt.
asrt_bulk_73e62f7ef8dc73cd,product,prod_3e36972ea2d29b21,lifecycle_status,historical,src_02027067a2b6f47d,provider_claim_only,ai_assisted_research,batch_001_release_002,kaykluz,2026-08-02,,,"Human reviewed. Source locator: Paragraphs dated April 19, 2012 stating successful go-live, remote meter reads, MDUS integration and continuous exchange with SAP for Utilities."
asrt_bulk_742d39909e25539d,product,prod_1b711e547ec33e4e,name,IRENA West Africa Electrification Platform,src_49525542a4a0aa7a,public_source,ai_assisted_research,batch_001_release_010,kaykluz,2026-08-02,,,Human reviewed. Source locator: Industry and Think Tanks section names the IRENA West Africa Electrification Platform and its investment-scenario coverage.
asrt_bulk_744ba6f913d078b8,organisation,org_96eebaf75520bce8,country_of_origin,ZA,src_c563b254a72836d5,provider_claim_only,ai_assisted_research,batch_001_release_007,kaykluz,2026-08-02,,,"Human reviewed. Source locator: Sections 'What is SOLINK Core?' and 'How SOLINK Core Works', steps 01 through 04."
asrt_bulk_747e97cb0f622d7f,product,prod_c65e8228650434e7,website,https://climatecompatiblegrowth.com/international-partnerships/data-and-tools/modelling-tools-and-frameworks/,src_c884b377e1fc531b,public_source,ai_assisted_research,batch_001_release_007,kaykluz,2026-08-02,,,Human reviewed. Source locator: IMPACCT Framework finance paragraph names FINPLAN for evaluating financial viability of utility-scale projects.
asrt_bulk_753b4f315f491d60,product,prod_6511e9ace503cbaa,lifecycle_status,active,src_c884b377e1fc531b,public_source,ai_assisted_research,batch_001_release_006,kaykluz,2026-08-02,,,Human reviewed. Source locator: IMPACCT Framework finance paragraph identifies FinCoRE as the source of projected capital costs.
asrt_bulk_754ffdf270ca5fa5,organisation,org_df0fd10412aadaab,name,Kofa Technologies,src_0df75f7550839b7c,provider_claim_only,ai_assisted_research,batch_001_release_005,kaykluz,2026-08-02,,,"Human reviewed. Source locator: Kofa app technology and Swap & Go sections describe app-based access, station availability and Ghana/Kenya network operations."
asrt_bulk_75806946692b782a,product,prod_c88c7983f9fcb410,primary_category_id,cat_planning_geospatial,src_80750634d4eb4e8f,provider_claim_only,ai_assisted_research,batch_001_release_010,kaykluz,2026-08-02,,,Human reviewed. Source locator: United Nations app subsection describes the interface and results for 54 developing countries in sub-Saharan Africa and Latin America.
asrt_bulk_75bdba1233d2006f,product,prod_acf9505b6591bcdc,website,https://www.onsset.org/,src_49525542a4a0aa7a,provider_claim_only,ai_assisted_research,batch_001_release_010,kaykluz,2026-08-02,,,"Human reviewed. Source locator: Governments and Industry and Think Tanks sections list applications in Nigeria, Ethiopia, Kenya, Tanzania, Madagascar, Benin and other African contexts."
asrt_bulk_75cae47088ccc7c1,organisation,org_7951c70ccd95064f,name,MeterX,src_31fdc6b36c19f321,provider_claim_only,ai_assisted_research,batch_001_release_011,kaykluz,2026-08-02,,,Human reviewed. Source locator: Opening platform summary; 'The platform'; 'What we meter'; 'How it works'; FAQ; footer address.
asrt_bulk_7687784023f02040,product,prod_f3d9dc4a77ea4cab,name,AVEVA PI System,src_0b7158369b815d9f,provider_claim_only,ai_assisted_research,batch_001_release_002,kaykluz,2026-08-02,,,Human reviewed. Source locator: Presentation summary under '2022 – AVEVA PI World – Amsterdam – Power Generation'.
asrt_bulk_76aed663171881fe,organisation,org_a4f72ab71d53535a,name,SHYFT Power Solutions,src_4319a4161634cca0,provider_claim_only,ai_assisted_research,batch_001_release_001,kaykluz,2026-08-02,,,Human reviewed. Source locator: Section 'How Does Aspire Use SHYFT Technology?' and the 'Impact Hub & Google Launch Pad' fully deployed project block.
asrt_bulk_76fb6e3fe8efa108,product,prod_dfff8365390e2421,website,https://www.kofa.co/solutions,src_0df75f7550839b7c,provider_claim_only,ai_assisted_research,batch_001_release_004,kaykluz,2026-08-02,,,"Human reviewed. Source locator: Fleet Management feature explicitly names the Kofa Fleet Platform and describes rider access, purchases and running-cost management."
asrt_bulk_773483c17f4b51e2,product,prod_7b787a3f1eec1e39,sector_id,sector_emobility_batteries,src_2036ee97788b09bc,provider_claim_only,ai_assisted_research,batch_001_release_005,kaykluz,2026-08-02,,,Human reviewed. Source locator: FAQ questions 3 and 9 list Kenya among operating countries and instruct riders to locate swap stations with the Spiro app.
asrt_bulk_77722de5aaa6a57c,product,prod_fbd4ec7d619dc446,name,AutoPV,src_b587f5fa42612646,public_source,ai_assisted_research,batch_001_release_005,kaykluz,2026-08-02,,,"Human reviewed. Source locator: Winner profile, paragraphs describing 7Secondsolar's Cape Town headquarters and AutoPV functions, plus Contact Data."
asrt_bulk_78551bc0567e3785,product,prod_2cb981c2e4d76c28,access_model,commercial,src_0e2b17c179cb2014,provider_claim_only,ai_assisted_research,batch_001_release_012,kaykluz,2026-08-02,,,Human reviewed. Source locator: Data Centre > Meter Data Manager and Vending Gateway sections.
asrt_bulk_78a28cdded7e3423,organisation,org_d8a52b70cf175966,name,PowerOptimal,src_afd975f932305487,provider_claim_only,ai_assisted_research,batch_001_release_001,kaykluz,2026-08-02,,,"Human reviewed. Source locator: Introduction: the Elon Smart Water Solution includes hardware, a mobile app and a cloud services platform; About page states the IP and manufacturing are South African."
asrt_bulk_78d0e4651599bd62,product,prod_353718ec5630f5cc,access_model,commercial,src_d129bd0549b7a8a2,provider_claim_only,ai_assisted_research,batch_001_release_007,kaykluz,2026-08-02,,,"Human reviewed. Source locator: Opening product overview, Data-driven Process and Features sections."
asrt_bulk_792e56819e858134,deployment,dep_4d45ed97e1038e6d,customer_name,Ikeja Electric,src_fdebbdff203ee17c,provider_claim_only,ai_assisted_research,batch_001_release_009,kaykluz,2026-08-02,,,"Human reviewed. Source locator: Solution section describing 20 field crews using ArcGIS Survey123 to collect customer, property, meter and equipment information."
asrt_bulk_79408782bce4774d,organisation,org_9fb06d7319bc6e76,name,Spiro,src_2036ee97788b09bc,provider_claim_only,ai_assisted_research,batch_001_release_005,kaykluz,2026-08-02,,,Human reviewed. Source locator: FAQ questions 3 and 9 list Kenya among operating countries and instruct riders to locate swap stations with the Spiro app.
asrt_bulk_798f8733bb1e72ff,product,prod_b57d9407040b6d6d,primary_category_id,cat_retail_metering_billing_payments,src_31fdc6b36c19f321,provider_claim_only,ai_assisted_research,batch_001_release_011,kaykluz,2026-08-02,,,Human reviewed. Source locator: Opening platform summary; 'The platform'; 'What we meter'; 'How it works'; FAQ; footer address.
asrt_bulk_79cfd30034a5c581,product,prod_4e6bb096113f7a45,description,"Utility asset-management software with mapping, auditing and administrative functions for field technical teams.",src_19cbb51c9737fa08,provider_claim_only,ai_assisted_research,batch_001_release_010,kaykluz,2026-08-02,,,Human reviewed. Source locator: Launch Platform > NetMaps product entry.
asrt_bulk_79d15e8afab90676,product,prod_65cb59d227c4267f,primary_category_id,cat_transmission_system_operation,src_c7616caa46f7a0c2,provider_claim_only,ai_assisted_research,batch_001_release_013,kaykluz,2026-08-02,,,Human reviewed. Source locator: Opening announcement and ICC technology list naming an Energy Management System engineered for dispatching.
asrt_bulk_79df8c9b31f290a1,product,prod_a3b8555b0b37b5d2,access_model,commercial,src_06e5f378dc49db18,provider_claim_only,ai_assisted_research,batch_001_release_003,kaykluz,2026-08-02,,,"Human reviewed. Source locator: Our Technology section names AmperOps and describes fleet-management, telemetry and predictive battery-lifespan optimisation."
asrt_bulk_79ed93f7e1365631,organisation,org_fc7c0c72d1969875,website,https://adroittech.co.za/,src_f533c88c1d12d756,provider_claim_only,ai_assisted_research,batch_001_release_002,kaykluz,2026-08-02,,,"Human reviewed. Source locator: Opening product description, 'Adroit IoT Platform', 'Security', 'Services Orientated' and vertical-application paragraph naming Energy."
asrt_bulk_7a654aa2fcb9ee23,product,prod_b57d9407040b6d6d,access_model,commercial,src_31fdc6b36c19f321,provider_claim_only,ai_assisted_research,batch_001_release_011,kaykluz,2026-08-02,,,Human reviewed. Source locator: Opening platform summary; 'The platform'; 'What we meter'; 'How it works'; FAQ; footer address.
asrt_bulk_7b04d59f6e2dcce5,product,prod_c0f44036c2631600,name,Fossil Fuel Retirement Model,src_c884b377e1fc531b,public_source,ai_assisted_research,batch_001_release_006,kaykluz,2026-08-02,,,Human reviewed. Source locator: IMPACCT Framework paragraph names FFRM for analysing foregone revenue from early fossil-plant shutdowns.
asrt_bulk_7b2aa19c7dbd6695,product,prod_fbd4ec7d619dc446,website,https://www.autopv.io/,src_b587f5fa42612646,public_source,ai_assisted_research,batch_001_release_005,kaykluz,2026-08-02,,,"Human reviewed. Source locator: Winner profile, paragraphs describing 7Secondsolar's Cape Town headquarters and AutoPV functions, plus Contact Data."
asrt_bulk_7b7b3ae97140488b,organisation,org_907aa74533dc527b,name,GE Vernova,src_c7616caa46f7a0c2,provider_claim_only,ai_assisted_research,batch_001_release_007,kaykluz,2026-08-02,,,Human reviewed. Source locator: Paragraph stating that the ICC platform was upgraded with GE Vernova's GridOS forecasting solution for VRE forecasting and ramping.
asrt_bulk_7b9023c3232798fe,organisation,org_d26348409ac6de26,headquarters_country,KE,src_0b2d11046a03402c,provider_claim_only,ai_assisted_research,batch_001_release_005,kaykluz,2026-08-02,,,"Human reviewed. Source locator: How It Works and Key Features sections name the web app, station location, IoT health monitoring and dynamic routing; contact section identifies Nairobi."
asrt_bulk_7be038467520e6a7,product,prod_7ec0014d7e86dba9,lifecycle_status,active,src_8ad2a6fd5ad32af1,independently_evidenced,ai_assisted_research,batch_001_release_001,kaykluz,2026-08-02,,,"Human reviewed. Source locator: Opening two paragraphs identify Growthpoint's South African e-co2 initiative, Fuel Switch partnership and blockchain REC exchange rollout."
asrt_bulk_7c71e80a7e94f7a0,product,prod_d52c504a42c601a3,organisation_id,org_a8add2f3b4fe90af,src_a9aeffadb63a1fef,provider_claim_only,ai_assisted_research,batch_001_release_006,kaykluz,2026-08-02,,,"Human reviewed. Source locator: Opening paragraph states that OSeMOSYS has been used for African Power Pools and other continental, country and village models."
asrt_bulk_7cbb300d8c5cb469,deployment,dep_cc875ff369c6e798,customer_name,Ikeja Electric,src_7de3c1f07aa1a7fc,provider_claim_only,ai_assisted_research,batch_001_release_002,kaykluz,2026-08-02,,,"Human reviewed. Source locator: Solution section stating that IoT, smart-meter and RTU data is aggregated with ArcGIS GeoEvent Server to update feature layers."
asrt_bulk_7d3ea11b10bf0b0d,product,prod_4add1d20552ca8e8,primary_category_id,cat_ci_behind_meter,src_c70678946460cecc,provider_claim_only,ai_assisted_research,batch_001_release_001,kaykluz,2026-08-02,,,"Human reviewed. Source locator: Products section, 'Energy Management System'; Contacts section gives the Giza, Egypt address."
asrt_bulk_7d8d1df0c5731d27,product,prod_3464ecbd2a2298cc,name,ArcGIS Enterprise,src_1aba15c2ac9250fc,provider_claim_only,ai_assisted_research,batch_001_release_009,kaykluz,2026-08-02,,,"Human reviewed. Source locator: Solution paragraph selecting ArcGIS Enterprise and Results paragraphs stating installation in 2018, portal deployment, dashboards and spatial analysis."
asrt_bulk_7da430f644f2de23,organisation,org_6813554323495fa0,website,https://www.switch.org.za/,src_705592f873593725,provider_claim_only,ai_assisted_research,batch_001_release_013,kaykluz,2026-08-02,,,Human reviewed. Source locator: Opening paragraph and complete energy trading platform feature list; contact block gives the Cape Town address.
asrt_bulk_7dec715077d1e448,deployment,dep_9f93d6392cac38f3,customer_name,West African Power Pool,src_c7616caa46f7a0c2,provider_claim_only,ai_assisted_research,batch_001_release_013,kaykluz,2026-08-02,,,Human reviewed. Source locator: Opening announcement and ICC technology list naming a Wide Area Monitoring System designed for grid stability.
asrt_bulk_7e169bcc2f0612b4,product,prod_a65525f1816d4864,lifecycle_status,active,src_80750634d4eb4e8f,public_source,ai_assisted_research,batch_001_release_010,kaykluz,2026-08-02,,,Human reviewed. Source locator: Congo Epela Platform subsection identifies Resource Matters and the DRC least-cost electrification application.
asrt_bulk_7e5e05abc832d1d5,organisation,org_99b1e294a6715f25,website,https://www.netelek.co.za/,src_19cbb51c9737fa08,provider_claim_only,ai_assisted_research,batch_001_release_011,kaykluz,2026-08-02,,,Human reviewed. Source locator: Launch Platform > NetFin product entry.
asrt_bulk_7e7e523ff7fa12a2,organisation,org_99b1e294a6715f25,headquarters_country,ZA,src_19cbb51c9737fa08,provider_claim_only,ai_assisted_research,batch_001_release_011,kaykluz,2026-08-02,,,Human reviewed. Source locator: Launch Platform > NetView product entry.
asrt_bulk_7ee6cd148996af04,organisation,org_99b1e294a6715f25,origin_classification,africa_built,src_19cbb51c9737fa08,provider_claim_only,ai_assisted_research,batch_001_release_011,kaykluz,2026-08-02,,,Human reviewed. Source locator: Launch Platform > NetView product entry.
asrt_bulk_7efa9fbe1a9261dc,product,prod_5d86400ebf4fde2e,access_model,open_source,src_a6c915fb6879f499,public_source,ai_assisted_research,batch_001_release_010,kaykluz,2026-08-02,,,Human reviewed. Source locator: Paragraph beginning 'The GEP Explorer is complemented' identifies the GEP Toolbox as the input-data component.
asrt_bulk_7f2bd6f43cb1d8b4,organisation,org_0a99ba7088470e53,website,https://ontec.co.za/,src_0e2b17c179cb2014,provider_claim_only,ai_assisted_research,batch_001_release_012,kaykluz,2026-08-02,,,Human reviewed. Source locator: Data Centre > Meter Data Manager and Vending Gateway sections.
asrt_bulk_7f3d797b493abf82,organisation,org_36577bb3608ee5a3,name,Ampersand Energy,src_0a4fa31247a1d3c3,provider_claim_only,ai_assisted_research,batch_001_release_003,kaykluz,2026-08-02,,,Human reviewed. Source locator: Technology page section on the Driver App describes checking battery level and finding a swap station.
asrt_bulk_801d09cfa6ea355b,product,prod_4e6bb096113f7a45,sector_id,sector_power_utilities,src_19cbb51c9737fa08,provider_claim_only,ai_assisted_research,batch_001_release_010,kaykluz,2026-08-02,,,Human reviewed. Source locator: Launch Platform > NetMaps product entry.
asrt_bulk_80298e4b5aed6048,product,prod_47d2aba604b42faf,sector_id,sector_power_utilities,src_c7616caa46f7a0c2,provider_claim_only,ai_assisted_research,batch_001_release_007,kaykluz,2026-08-02,,,Human reviewed. Source locator: Paragraph stating that the ICC platform was upgraded with GE Vernova's GridOS forecasting solution for VRE forecasting and ramping.
asrt_bulk_80962a35b32ccd77,product,prod_7dc0a9bb41944d44,sector_id,sector_emobility_batteries,src_0a4fa31247a1d3c3,provider_claim_only,ai_assisted_research,batch_001_release_003,kaykluz,2026-08-02,,,Human reviewed. Source locator: Technology page section on the Driver App describes checking battery level and finding a swap station.
asrt_bulk_809deda3c55d3ea6,organisation,org_0a99ba7088470e53,origin_classification,africa_built,src_0e2b17c179cb2014,provider_claim_only,ai_assisted_research,batch_001_release_012,kaykluz,2026-08-02,,,Human reviewed. Source locator: Data Centre > Meter Data Manager and Vending Gateway sections.
asrt_bulk_80e60a90072dda99,product,prod_8cc55e7483a66134,sector_id,sector_commercial_industrial,src_daca46ab58257600,provider_claim_only,ai_assisted_research,batch_001_release_012,kaykluz,2026-08-02,,,Human reviewed. Source locator: Sections 'Our solutions' and 'ELDO's Energy App'.
asrt_bulk_80e7906e614475e8,organisation,org_8f37967e82047776,origin_classification,public_or_open_infrastructure,src_80750634d4eb4e8f,provider_claim_only,ai_assisted_research,batch_001_release_010,kaykluz,2026-08-02,,,Human reviewed. Source locator: United Nations app subsection describes the interface and results for 54 developing countries in sub-Saharan Africa and Latin America.
asrt_bulk_81f5a9f55164b905,product,prod_3cdf76665621519b,lifecycle_status,active,src_8055fc93905afd67,provider_claim_only,ai_assisted_research,batch_001_release_012,kaykluz,2026-08-02,,,Human reviewed. Source locator: Our Solutions / Energypro Marketplace section describes renewable-electricity sourcing and the page identifies South African wheeling operations.
asrt_bulk_820f2f806633b945,product,prod_7f669470202474a2,sector_id,sector_generation_storage,src_b0d8da97968bb795,provider_claim_only,ai_assisted_research,batch_001_release_005,kaykluz,2026-08-02,,,"Human reviewed. Source locator: Article summary and South African case-study paragraph describe the interface, functions and EMP-A 2021 application."
asrt_bulk_82343a26fe443f8e,organisation,org_4ac6c37b6348829f,name,Stima,src_75449c38606a534e,independently_evidenced,ai_assisted_research,batch_001_release_008,kaykluz,2026-08-02,,,"Human reviewed. Source locator: Project description and Key milestones sections identify the Kenya-based SaaS platform, functions and pilot integrations."
asrt_bulk_827d37e073652469,product,prod_af06988b7962e214,sector_id,sector_emobility_batteries,src_a007594faa6d6482,provider_claim_only,ai_assisted_research,batch_001_release_004,kaykluz,2026-08-02,,,"Human reviewed. Source locator: Homepage section on the national network names ChargePocket and describes its live map, charger details, sessions and payments."
asrt_bulk_829b0a10a12307fe,organisation,org_b9fc077cac046000,name,Smart-View Technology,src_2a5c99c65a3533f8,provider_claim_only,ai_assisted_research,batch_001_release_002,kaykluz,2026-08-02,,,"Human reviewed. Source locator: About Company; Who is Smart-View Technology; Analytics, Machine Learning & Reporting; Our Location."
asrt_bulk_829de907206e62e1,product,prod_4a59c1c6110c4219,primary_category_id,cat_retail_metering_billing_payments,src_e1397f8d9f1aec2c,provider_claim_only,ai_assisted_research,batch_001_release_011,kaykluz,2026-08-02,,,"Human reviewed. Source locator: Opening product description, Key product features and Value-added service offering."
asrt_bulk_82c523b6aa7c0d7f,organisation,org_b4e978f005016067,origin_classification,public_or_open_infrastructure,src_c884b377e1fc531b,public_source,ai_assisted_research,batch_001_release_006,kaykluz,2026-08-02,,,Human reviewed. Source locator: IMPACCT Framework finance paragraph identifies FinTrack as the source of financing terms.
asrt_bulk_82fbf26d299b9534,product,prod_09961473d83843e4,sector_id,sector_power_utilities,src_c884b377e1fc531b,public_source,ai_assisted_research,batch_001_release_007,kaykluz,2026-08-02,,,Human reviewed. Source locator: Model Integration / IMPACCT Framework paragraph names FlexTool for evaluating power-system flexibility from OSeMOSYS results.
asrt_bulk_8322cb0383f915cb,organisation,org_8dbd3ffeca6e1efd,origin_classification,global_deployed_in_africa,src_36ff3d019dab7c6f,provider_claim_only,ai_assisted_research,batch_001_release_009,kaykluz,2026-08-02,,,Human reviewed. Source locator: Overview paragraphs identifying Kazang Solar as a Zambian PAYGo solar distributor and stating it adopted PaygOps in late 2022.
asrt_bulk_834533ae54f787b5,deployment,dep_3962898e06c0b969,customer_name,TAQA North Africa / TAQA Energy Monitoring Center,src_0b7158369b815d9f,provider_claim_only,ai_assisted_research,batch_001_release_002,kaykluz,2026-08-02,,,Human reviewed. Source locator: Presentation summary under '2022 – AVEVA PI World – Amsterdam – Power Generation'.
asrt_bulk_836f79059303acfa,product,prod_b57d9407040b6d6d,lifecycle_status,active,src_31fdc6b36c19f321,provider_claim_only,ai_assisted_research,batch_001_release_011,kaykluz,2026-08-02,,,Human reviewed. Source locator: Opening platform summary; 'The platform'; 'What we meter'; 'How it works'; FAQ; footer address.
asrt_bulk_838d4bca9ed674f6,product,prod_01e0b6c0d126d66c,name,JSE Ventures Carbon Market,src_c2df3e2d24c3763b,provider_claim_only,ai_assisted_research,batch_001_release_001,kaykluz,2026-08-02,,,Human reviewed. Source locator: Market overview states its South African and wider African purpose and access to a platform for buying and selling carbon credits and renewable-energy certificates.
asrt_bulk_83e26f9047576d7c,organisation,org_6d53c1b9743e7ec9,website,https://gridcars.net/,src_a007594faa6d6482,provider_claim_only,ai_assisted_research,batch_001_release_004,kaykluz,2026-08-02,,,"Human reviewed. Source locator: Homepage section on the national network names ChargePocket and describes its live map, charger details, sessions and payments."
asrt_bulk_83e3f403b6305d82,deployment,dep_0fd414076188d885,country_iso2,BJ,src_c7616caa46f7a0c2,provider_claim_only,ai_assisted_research,batch_001_release_007,kaykluz,2026-08-02,,,Human reviewed. Source locator: Paragraph stating that the ICC platform was upgraded with GE Vernova's GridOS forecasting solution for VRE forecasting and ramping.
asrt_bulk_83f1dcf474de01bf,organisation,org_e33da6f90fe33e3b,website,https://drecs.org/,src_4b7adae0776349b3,provider_claim_only,ai_assisted_research,batch_001_release_001,kaykluz,2026-08-02,,,"Human reviewed. Source locator: Key Features sections describe generation validation, device management, certificate tokens and eligible mini-grid and solar-home-system devices."
asrt_bulk_847fe5061f15f972,organisation,org_d48d027ab1a1011c,origin_classification,africa_built,src_728b5d57ef518817,provider_claim_only,ai_assisted_research,batch_001_release_012,kaykluz,2026-08-02,,,Human reviewed. Source locator: Opening product description and 'Key Capabilities' list; call-to-action names George Municipality as a user.
asrt_bulk_84a16679cf928ea2,product,prod_90c1269fb6533050,sector_id,sector_power_utilities,src_3fed97da9ebf5a38,provider_claim_only,ai_assisted_research,batch_001_release_012,kaykluz,2026-08-02,,,"Human reviewed. Source locator: SteamaCo Product Suite, 'Nimbus AMI' product block."
asrt_bulk_84cd469140eb695f,product,prod_84da79537e9d2e53,lifecycle_status,active,src_33e8d065011165de,provider_claim_only,ai_assisted_research,batch_001_release_002,kaykluz,2026-08-02,,,"Human reviewed. Source locator: Opening overview, Details and Features sections; Output Examples include grid GIS outputs."
asrt_bulk_853f57830b58dcb9,product,prod_d5b79f9c98ecce44,website,https://cloud.netelek.co.za/,src_19cbb51c9737fa08,provider_claim_only,ai_assisted_research,batch_001_release_011,kaykluz,2026-08-02,,,Human reviewed. Source locator: Launch Platform > NetVend product entry.
asrt_bulk_85482ecfd59c4808,product,prod_033fbcf0e9b1c951,access_model,public,src_a6c915fb6879f499,public_source,ai_assisted_research,batch_001_release_011,kaykluz,2026-08-02,,,Human reviewed. Source locator: Paragraph beginning 'The GEP provides' describes the GEP Explorer and its adjustable least-cost planning parameters.
asrt_bulk_85963ee6cb31979b,organisation,org_a2926a5df5cdd48c,origin_classification,public_or_open_infrastructure,src_6fa288b6cac304e9,provider_claim_only,ai_assisted_research,batch_001_release_010,kaykluz,2026-08-02,,,"Human reviewed. Source locator: Opening product description names the IEA-MIT collaboration, open-source status and sub-Saharan Africa coverage."
asrt_bulk_85e11ae6c7f7f4b8,product,prod_99c67cf93bb73c5f,description,"EV-charging application for finding chargers, remotely controlling sessions, live updates and wallet payments.",src_966853451e9815ad,provider_claim_only,ai_assisted_research,batch_001_release_005,kaykluz,2026-08-02,,,Human reviewed. Source locator: Locate & Control Your Charge Sessions and Seamless Payments sections; introduction states the app is for drivers in South Africa.
asrt_bulk_860114e868617762,organisation,org_b9fc077cac046000,website,https://www.smartviewtechnology.co.za/,src_2a5c99c65a3533f8,provider_claim_only,ai_assisted_research,batch_001_release_002,kaykluz,2026-08-02,,,"Human reviewed. Source locator: About Company; Who is Smart-View Technology; Analytics, Machine Learning & Reporting; Our Location."
asrt_bulk_865bd721cedb29cb,product,prod_d123b1e7b49b439e,sector_id,sector_generation_storage,src_c884b377e1fc531b,public_source,ai_assisted_research,batch_001_release_005,kaykluz,2026-08-02,,,Human reviewed. Source locator: IMPACCT Framework paragraph names CLEWs for studying energy linkages with land and water.
asrt_bulk_8674da2c11cf91c5,product,prod_50515a6186c6f41d,website,https://www.solarmd.com/products/monitoring-control/ems-mypower24/,src_8663e6ac3734b42a,provider_claim_only,ai_assisted_research,batch_001_release_008,kaykluz,2026-08-02,,,"Human reviewed. Source locator: Sections 'EMS Software | Monitoring & Control', 'Key functionalities' and FAQs; Solar MD contact page identifies Cape Town as the Africa head office."
asrt_bulk_8681cb86290eaa94,product,prod_3c464ba494208cc0,description,Interactive software for visualising the carbon-emissions implications of energy choices.,src_c884b377e1fc531b,public_source,ai_assisted_research,batch_001_release_001,kaykluz,2026-08-02,,,Human reviewed. Source locator: IMPACCT Framework paragraph identifies PathCalc for interactively visualising carbon emissions.
asrt_bulk_86a74940c290a9cc,product,prod_3f8147ec1b685701,lifecycle_status,active,src_d20623b62099ccd7,provider_claim_only,ai_assisted_research,batch_001_release_003,kaykluz,2026-08-02,,,Human reviewed. Source locator: Sections 'ATC&C Loss Detection & Resolution' and 'How it works'.
asrt_bulk_8729ce89337626d8,product,prod_63cceeebf437dc69,lifecycle_status,pilot,src_d4d68c56788ce4d7,customer_confirmed,ai_assisted_research,batch_001_release_008,kaykluz,2026-08-02,,,"Human reviewed. Source locator: Project at a Glance, Solution and How It Works sections name eThekwini, Plentify HEMS, virtual-power-plant functions and the early-pilot status."
asrt_bulk_873570fdd0099d64,product,prod_dc72bea09d0725f4,primary_category_id,cat_emobility_battery_networks,src_ad5d15b92aa2776d,provider_claim_only,ai_assisted_research,batch_001_release_004,kaykluz,2026-08-02,,,"Human reviewed. Source locator: Homepage 'Now live across Egypt' and feature sections describe the wallet, map, availability and session records."
asrt_bulk_876e44c218aa5953,product,prod_65cb59d227c4267f,access_model,commercial,src_c7616caa46f7a0c2,provider_claim_only,ai_assisted_research,batch_001_release_013,kaykluz,2026-08-02,,,Human reviewed. Source locator: Opening announcement and ICC technology list naming an Energy Management System engineered for dispatching.
asrt_bulk_8775d92917f8cae4,organisation,org_e7a91741bca86f28,country_of_origin,KE,src_3fed97da9ebf5a38,provider_claim_only,ai_assisted_research,batch_001_release_003,kaykluz,2026-08-02,,,"Human reviewed. Source locator: SteamaCo Product Suite, 'ThunderBolt' field-force app product block."
asrt_bulk_8784eeae079f4dc3,product,prod_00904b9e2148c62a,sector_id,sector_power_utilities,src_f533c88c1d12d756,provider_claim_only,ai_assisted_research,batch_001_release_002,kaykluz,2026-08-02,,,"Human reviewed. Source locator: Opening product description, 'Adroit IoT Platform', 'Security', 'Services Orientated' and vertical-application paragraph naming Energy."
asrt_bulk_879b72661c40af72,product,prod_3464ecbd2a2298cc,sector_id,sector_power_utilities,src_1aba15c2ac9250fc,provider_claim_only,ai_assisted_research,batch_001_release_009,kaykluz,2026-08-02,,,"Human reviewed. Source locator: Solution paragraph selecting ArcGIS Enterprise and Results paragraphs stating installation in 2018, portal deployment, dashboards and spatial analysis."
asrt_bulk_87b529fc2fa4b339,organisation,org_14ddaae613b81fe5,name,E-Stations,src_4acfd42725b98b4e,provider_claim_only,ai_assisted_research,batch_001_release_004,kaykluz,2026-08-02,,,"Human reviewed. Source locator: About this app section describes live charging discovery, availability, remote start/stop and payments; developer address is in Rabat, Morocco."
asrt_bulk_87d951ded58a4828,product,prod_642f0da0b4e417a3,lifecycle_status,active,src_de00f697c22cfe83,provider_claim_only,ai_assisted_research,batch_001_release_004,kaykluz,2026-08-02,,,"Human reviewed. Source locator: Featured Product and All-in-one EV Charging Software Management sections name Pika EV Drive and list station, session and smart-energy controls; page gives Cairo headquarters."
asrt_bulk_87dd4773b4f28361,product,prod_63cceeebf437dc69,website,https://digital-energy.eu/en/projects/ethekwini-municipality-plentify,src_d4d68c56788ce4d7,customer_confirmed,ai_assisted_research,batch_001_release_008,kaykluz,2026-08-02,,,"Human reviewed. Source locator: Project at a Glance, Solution and How It Works sections name eThekwini, Plentify HEMS, virtual-power-plant functions and the early-pilot status."
asrt_bulk_87ef0355467265cf,organisation,org_686ef9b185a5a75d,name,FastVolt,src_0aeaf7bbb4111bf3,provider_claim_only,ai_assisted_research,batch_001_release_004,kaykluz,2026-08-02,,,"Human reviewed. Source locator: Application feature bullet states it locates, organises and pays for charging; page reports more than 100 charging points in Morocco."
asrt_bulk_87f6ea3e6e685c0d,organisation,org_1f5127f2c1cec727,name,IRENA and OnSSET partners,src_49525542a4a0aa7a,public_source,ai_assisted_research,batch_001_release_010,kaykluz,2026-08-02,,,Human reviewed. Source locator: Industry and Think Tanks section names the IRENA West Africa Electrification Platform and its investment-scenario coverage.
asrt_bulk_880d16ca4e7463ad,product,prod_3c464ba494208cc0,sector_id,sector_markets_finance_carbon,src_c884b377e1fc531b,public_source,ai_assisted_research,batch_001_release_001,kaykluz,2026-08-02,,,Human reviewed. Source locator: IMPACCT Framework paragraph identifies PathCalc for interactively visualising carbon emissions.
asrt_bulk_8844621ef59750d8,product,prod_d5b79f9c98ecce44,sector_id,sector_power_utilities,src_19cbb51c9737fa08,provider_claim_only,ai_assisted_research,batch_001_release_011,kaykluz,2026-08-02,,,Human reviewed. Source locator: Launch Platform > NetVend product entry.
asrt_bulk_8875056af773e89a,product,prod_daa50f9ebedcc7b0,primary_category_id,cat_planning_geospatial,src_c884b377e1fc531b,public_source,ai_assisted_research,batch_001_release_011,kaykluz,2026-08-02,,,Human reviewed. Source locator: EAE description and IMPACCT Framework paragraph identify the tool for priority-area and energy-access planning.
asrt_bulk_88b5f048ce7cd51f,organisation,org_58b430c887a693da,origin_classification,africa_built,src_8ad2a6fd5ad32af1,independently_evidenced,ai_assisted_research,batch_001_release_001,kaykluz,2026-08-02,,,"Human reviewed. Source locator: Opening two paragraphs identify Growthpoint's South African e-co2 initiative, Fuel Switch partnership and blockchain REC exchange rollout."
asrt_bulk_88c8060738230440,product,prod_1b711e547ec33e4e,primary_category_id,cat_planning_geospatial,src_49525542a4a0aa7a,public_source,ai_assisted_research,batch_001_release_010,kaykluz,2026-08-02,,,Human reviewed. Source locator: Industry and Think Tanks section names the IRENA West Africa Electrification Platform and its investment-scenario coverage.
asrt_bulk_88d10eee81058b21,organisation,org_4ac6c37b6348829f,country_of_origin,KE,src_75449c38606a534e,independently_evidenced,ai_assisted_research,batch_001_release_008,kaykluz,2026-08-02,,,"Human reviewed. Source locator: Project description and Key milestones sections identify the Kenya-based SaaS platform, functions and pilot integrations."
asrt_bulk_891bdc16b8b44826,organisation,org_60c02033635240b1,name,International Atomic Energy Agency and Climate Compatible Growth,src_c884b377e1fc531b,public_source,ai_assisted_research,batch_001_release_007,kaykluz,2026-08-02,,,Human reviewed. Source locator: Model Integration / IMPACCT Framework paragraph identifies MAED for energy-demand assessments.
asrt_bulk_8936a8f35755dbed,organisation,org_14ddaae613b81fe5,country_of_origin,MA,src_4acfd42725b98b4e,provider_claim_only,ai_assisted_research,batch_001_release_004,kaykluz,2026-08-02,,,"Human reviewed. Source locator: About this app section describes live charging discovery, availability, remote start/stop and payments; developer address is in Rabat, Morocco."
asrt_bulk_899da88f29839fff,product,prod_a65525f1816d4864,description,Interactive platform presenting OnSSET-based least-cost electrification analysis for the Democratic Republic of the Congo.,src_80750634d4eb4e8f,public_source,ai_assisted_research,batch_001_release_010,kaykluz,2026-08-02,,,Human reviewed. Source locator: Congo Epela Platform subsection identifies Resource Matters and the DRC least-cost electrification application.
asrt_bulk_89a0a60744e8b61b,product,prod_90c1269fb6533050,access_model,commercial,src_3fed97da9ebf5a38,provider_claim_only,ai_assisted_research,batch_001_release_012,kaykluz,2026-08-02,,,"Human reviewed. Source locator: SteamaCo Product Suite, 'Nimbus AMI' product block."
asrt_bulk_8a135a1cd3c66f6c,organisation,org_cdc655096c67d97e,country_of_origin,ZA,src_cdecc55785a2e84f,provider_claim_only,ai_assisted_research,batch_001_release_006,kaykluz,2026-08-02,,,"Human reviewed. Source locator: Sections 'This is the actual product', 'Engineering Studio', 'Yield and simulation', 'How a deal moves' and footer legal registration details."
asrt_bulk_8a5473ced14b31dd,product,prod_f63dd1268b6e12c7,description,"Application for locating, planning and paying for EV fast-charging sessions across Morocco.",src_0aeaf7bbb4111bf3,provider_claim_only,ai_assisted_research,batch_001_release_004,kaykluz,2026-08-02,,,"Human reviewed. Source locator: Application feature bullet states it locates, organises and pays for charging; page reports more than 100 charging points in Morocco."
asrt_bulk_8a97b034e6a9f3e5,organisation,org_6d53c1b9743e7ec9,country_of_origin,ZA,src_a007594faa6d6482,provider_claim_only,ai_assisted_research,batch_001_release_004,kaykluz,2026-08-02,,,"Human reviewed. Source locator: Homepage section on the national network names ChargePocket and describes its live map, charger details, sessions and payments."
asrt_bulk_8aead69c674a73ae,product,prod_353718ec5630f5cc,description,"Forecasting software using historical data, statistical models and machine learning for demand, supply and other energy-market outcomes.",src_d129bd0549b7a8a2,provider_claim_only,ai_assisted_research,batch_001_release_007,kaykluz,2026-08-02,,,"Human reviewed. Source locator: Opening product overview, Data-driven Process and Features sections."
asrt_bulk_8af02ed1ec19513f,product,prod_99b7bcd9a368219b,description,National Infrastructure Systems Model used for integrated infrastructure planning.,src_c884b377e1fc531b,public_source,ai_assisted_research,batch_001_release_009,kaykluz,2026-08-02,,,Human reviewed. Source locator: IMPACCT Framework paragraph names NISMOD for national infrastructure planning.
asrt_bulk_8b06e0f2a7f2d73d,product,prod_dc72bea09d0725f4,organisation_id,org_ccaab0a9973b7404,src_ad5d15b92aa2776d,provider_claim_only,ai_assisted_research,batch_001_release_004,kaykluz,2026-08-02,,,"Human reviewed. Source locator: Homepage 'Now live across Egypt' and feature sections describe the wallet, map, availability and session records."
asrt_bulk_8b10383ffa11de71,organisation,org_7245d69e568dc70a,website,https://digital-energy.eu/en/projects/vittoria-technology,src_85884b03ae89ab9b,independently_evidenced,ai_assisted_research,batch_001_release_008,kaykluz,2026-08-02,,,"Human reviewed. Source locator: Project at a Glance, Solution, How It Works and Results So Far sections name the platform and describe real-world operator use across sub-Saharan Africa."
asrt_bulk_8be3338029876f3d,product,prod_acf9505b6591bcdc,access_model,open_source,src_49525542a4a0aa7a,provider_claim_only,ai_assisted_research,batch_001_release_010,kaykluz,2026-08-02,,,"Human reviewed. Source locator: Governments and Industry and Think Tanks sections list applications in Nigeria, Ethiopia, Kenya, Tanzania, Madagascar, Benin and other African contexts."
asrt_bulk_8c051f55fb6e0d72,product,prod_76e1cb9631e5da42,name,ARC Ride Mobile App,src_1fd4de155f438bff,provider_claim_only,ai_assisted_research,batch_001_release_003,kaykluz,2026-08-02,,,Human reviewed. Source locator: FAQ answer to 'Where can I swap batteries' states that cabinets are deployed across Nairobi and can be found using the mobile app.
asrt_bulk_8c327cfa7daa036f,organisation,org_e6912eb1478e941d,origin_classification,africa_built,src_419b4f8f3ed72377,independently_evidenced,ai_assisted_research,batch_001_release_009,kaykluz,2026-08-02,,,"Human reviewed. Source locator: Project description names PowerPay and describes monitoring, revenue collection, asset management and energy-use tracking; page reports current use in East Africa."
asrt_bulk_8ceb281af26549a9,organisation,org_530820839614a2eb,country_of_origin,US,src_7de3c1f07aa1a7fc,provider_claim_only,ai_assisted_research,batch_001_release_002,kaykluz,2026-08-02,,,"Human reviewed. Source locator: Solution section stating that IoT, smart-meter and RTU data is aggregated with ArcGIS GeoEvent Server to update feature layers."
asrt_bulk_8d05c34246ebf073,organisation,org_b4e978f005016067,origin_classification,public_or_open_infrastructure,src_c884b377e1fc531b,public_source,ai_assisted_research,batch_001_release_007,kaykluz,2026-08-02,,,Human reviewed. Source locator: IMPACCT Framework finance paragraph names MINFin for developing national climate-finance strategies.
asrt_bulk_8d3cfd026cbdd4ca,organisation,org_14ddaae613b81fe5,headquarters_country,MA,src_4acfd42725b98b4e,provider_claim_only,ai_assisted_research,batch_001_release_004,kaykluz,2026-08-02,,,"Human reviewed. Source locator: About this app section describes live charging discovery, availability, remote start/stop and payments; developer address is in Rabat, Morocco."
asrt_bulk_8d595eec29de9d6f,product,prod_642f0da0b4e417a3,website,https://fekra-egy.com/ev-charging/,src_de00f697c22cfe83,provider_claim_only,ai_assisted_research,batch_001_release_004,kaykluz,2026-08-02,,,"Human reviewed. Source locator: Featured Product and All-in-one EV Charging Software Management sections name Pika EV Drive and list station, session and smart-energy controls; page gives Cairo headquarters."
asrt_bulk_8d6b289b91b2f71e,product,prod_83e8647b12c0f40a,organisation_id,org_7e4e5bedaec641be,src_a1861482fff6a50d,independently_evidenced,ai_assisted_research,batch_001_release_003,kaykluz,2026-08-02,,,"Human reviewed. Source locator: Sections 'Connecting Displaced Communities' and 'Powering Business', especially the introduction of SparkMeter prepaid meters and transfer of remaining connections to BECO."
asrt_bulk_8e2492a34fdd6553,organisation,org_d669749a39dbc6b6,name,Johannesburg Stock Exchange,src_c2df3e2d24c3763b,provider_claim_only,ai_assisted_research,batch_001_release_001,kaykluz,2026-08-02,,,Human reviewed. Source locator: Market overview states its South African and wider African purpose and access to a platform for buying and selling carbon credits and renewable-energy certificates.
asrt_bulk_8e303acbed331fcc,product,prod_09961473d83843e4,lifecycle_status,active,src_c884b377e1fc531b,public_source,ai_assisted_research,batch_001_release_007,kaykluz,2026-08-02,,,Human reviewed. Source locator: Model Integration / IMPACCT Framework paragraph names FlexTool for evaluating power-system flexibility from OSeMOSYS results.
asrt_bulk_8e4aac9634a58146,product,prod_3b9526941c4a04c6,description,"Real-time geospatial event-processing software that ingests sensor streams, updates map features and supports operational alerts and dashboards.",src_7de3c1f07aa1a7fc,provider_claim_only,ai_assisted_research,batch_001_release_002,kaykluz,2026-08-02,,,"Human reviewed. Source locator: Solution section stating that IoT, smart-meter and RTU data is aggregated with ArcGIS GeoEvent Server to update feature layers."
asrt_bulk_8e583d6e6004fc3c,product,prod_54cb1b174fd192ac,lifecycle_status,active,src_c884b377e1fc531b,public_source,ai_assisted_research,batch_001_release_007,kaykluz,2026-08-02,,,Human reviewed. Source locator: IMPACCT Framework finance paragraph names MINFin for developing national climate-finance strategies.
asrt_bulk_8e5f2b45a14cb675,product,prod_a4f1a4a52c37c33c,description,"A last-mile operations and PAYGo platform for leases, payments, customers, inventory, field service and device integrations.",src_36ff3d019dab7c6f,provider_claim_only,ai_assisted_research,batch_001_release_009,kaykluz,2026-08-02,,,Human reviewed. Source locator: Overview paragraphs identifying Kazang Solar as a Zambian PAYGo solar distributor and stating it adopted PaygOps in late 2022.
asrt_bulk_8e6b332ceea3ceab,deployment,dep_6c7d4295f3f84919,customer_name,Uganda Electricity Distribution Company Limited,src_1aba15c2ac9250fc,provider_claim_only,ai_assisted_research,batch_001_release_009,kaykluz,2026-08-02,,,"Human reviewed. Source locator: Solution paragraph selecting ArcGIS Enterprise and Results paragraphs stating installation in 2018, portal deployment, dashboards and spatial analysis."
asrt_bulk_8e9a4ac790a04569,deployment,dep_621d5c7586b993f8,product_id,prod_83e8647b12c0f40a,src_a1861482fff6a50d,independently_evidenced,ai_assisted_research,batch_001_release_003,kaykluz,2026-08-02,,,"Human reviewed. Source locator: Sections 'Connecting Displaced Communities' and 'Powering Business', especially the introduction of SparkMeter prepaid meters and transfer of remaining connections to BECO."
asrt_bulk_8f3b3ca07a327746,product,prod_5ace380c4742b933,primary_category_id,cat_ci_behind_meter,src_afd975f932305487,provider_claim_only,ai_assisted_research,batch_001_release_001,kaykluz,2026-08-02,,,"Human reviewed. Source locator: Introduction: the Elon Smart Water Solution includes hardware, a mobile app and a cloud services platform; About page states the IP and manufacturing are South African."
asrt_bulk_8f645f0d3cc483dd,product,prod_d6cc37a1cf2d1294,access_model,open_source,src_978f6fdd465962a6,provider_claim_only,ai_assisted_research,batch_001_release_006,kaykluz,2026-08-02,,,Human reviewed. Source locator: README introduction and cited paper identify the open model and its demonstration in Africa.
asrt_bulk_8f743397e1995f67,organisation,org_b9fc077cac046000,headquarters_country,ZA,src_2a5c99c65a3533f8,provider_claim_only,ai_assisted_research,batch_001_release_002,kaykluz,2026-08-02,,,"Human reviewed. Source locator: About Company; Who is Smart-View Technology; Analytics, Machine Learning & Reporting; Our Location."
asrt_bulk_903f71292d721187,organisation,org_a05bce318bbf4ea0,name,ARC Ride,src_1fd4de155f438bff,provider_claim_only,ai_assisted_research,batch_001_release_003,kaykluz,2026-08-02,,,Human reviewed. Source locator: FAQ answer to 'Where can I swap batteries' states that cabinets are deployed across Nairobi and can be found using the mobile app.
asrt_bulk_90c99379dbb82736,organisation,org_4ac6c37b6348829f,headquarters_country,KE,src_75449c38606a534e,independently_evidenced,ai_assisted_research,batch_001_release_008,kaykluz,2026-08-02,,,"Human reviewed. Source locator: Project description and Key milestones sections identify the Kenya-based SaaS platform, functions and pilot integrations."
asrt_bulk_9121a186a205cf98,organisation,org_d48d027ab1a1011c,name,Open Access Energy,src_8055fc93905afd67,provider_claim_only,ai_assisted_research,batch_001_release_012,kaykluz,2026-08-02,,,Human reviewed. Source locator: Our Solutions / Energypro Marketplace section describes renewable-electricity sourcing and the page identifies South African wheeling operations.
asrt_bulk_9168a3ecc272b871,product,prod_7ca64cacd469d465,website,https://solink.co.za/core/,src_c563b254a72836d5,provider_claim_only,ai_assisted_research,batch_001_release_007,kaykluz,2026-08-02,,,"Human reviewed. Source locator: Sections 'What is SOLINK Core?' and 'How SOLINK Core Works', steps 01 through 04."
asrt_bulk_9182b60362df5994,organisation,org_41b9fcad44ad911b,website,https://www.autopv.io/,src_b587f5fa42612646,public_source,ai_assisted_research,batch_001_release_005,kaykluz,2026-08-02,,,"Human reviewed. Source locator: Winner profile, paragraphs describing 7Secondsolar's Cape Town headquarters and AutoPV functions, plus Contact Data."
asrt_bulk_920427ea787a6658,organisation,org_5d4d39fbfe878d2c,origin_classification,africa_built,src_de00f697c22cfe83,provider_claim_only,ai_assisted_research,batch_001_release_004,kaykluz,2026-08-02,,,"Human reviewed. Source locator: Featured Product and All-in-one EV Charging Software Management sections name Pika EV Drive and list station, session and smart-energy controls; page gives Cairo headquarters."
asrt_bulk_93072e43fa1f8eee,product,prod_fbd4ec7d619dc446,primary_category_id,cat_engineering_design_simulation,src_b587f5fa42612646,public_source,ai_assisted_research,batch_001_release_005,kaykluz,2026-08-02,,,"Human reviewed. Source locator: Winner profile, paragraphs describing 7Secondsolar's Cape Town headquarters and AutoPV functions, plus Contact Data."
asrt_bulk_938a891c1d543992,organisation,org_41b9fcad44ad911b,country_of_origin,ZA,src_b587f5fa42612646,public_source,ai_assisted_research,batch_001_release_005,kaykluz,2026-08-02,,,"Human reviewed. Source locator: Winner profile, paragraphs describing 7Secondsolar's Cape Town headquarters and AutoPV functions, plus Contact Data."
asrt_bulk_93a1cfacacc99886,organisation,org_d48d027ab1a1011c,headquarters_country,ZA,src_8055fc93905afd67,provider_claim_only,ai_assisted_research,batch_001_release_012,kaykluz,2026-08-02,,,Human reviewed. Source locator: Our Solutions / Energypro Marketplace section describes renewable-electricity sourcing and the page identifies South African wheeling operations.
asrt_bulk_940944b807d5f810,product,prod_d5b79f9c98ecce44,access_model,commercial,src_19cbb51c9737fa08,provider_claim_only,ai_assisted_research,batch_001_release_011,kaykluz,2026-08-02,,,Human reviewed. Source locator: Launch Platform > NetVend product entry.
asrt_bulk_940de2ea03a48f70,organisation,org_e7a91741bca86f28,country_of_origin,KE,src_3fed97da9ebf5a38,provider_claim_only,ai_assisted_research,batch_001_release_012,kaykluz,2026-08-02,,,"Human reviewed. Source locator: SteamaCo Product Suite, 'Nimbus AMI' product block."
asrt_bulk_941a33f23d928d64,product,prod_dc72bea09d0725f4,name,EV Node,src_ad5d15b92aa2776d,provider_claim_only,ai_assisted_research,batch_001_release_004,kaykluz,2026-08-02,,,"Human reviewed. Source locator: Homepage 'Now live across Egypt' and feature sections describe the wallet, map, availability and session records."
asrt_bulk_94306574d4d199d0,deployment,dep_a7c8d5b7c82274d7,product_id,prod_3e36972ea2d29b21,src_02027067a2b6f47d,provider_claim_only,ai_assisted_research,batch_001_release_002,kaykluz,2026-08-02,,,"Human reviewed. Source locator: Paragraphs dated April 19, 2012 stating successful go-live, remote meter reads, MDUS integration and continuous exchange with SAP for Utilities."
asrt_bulk_943a20f29ef72858,product,prod_b91aa7029d7054cd,primary_category_id,cat_ci_behind_meter,src_2a5c99c65a3533f8,provider_claim_only,ai_assisted_research,batch_001_release_002,kaykluz,2026-08-02,,,"Human reviewed. Source locator: About Company; Who is Smart-View Technology; Analytics, Machine Learning & Reporting; Our Location."
asrt_bulk_9447307cc556ed3d,product,prod_d5b79f9c98ecce44,organisation_id,org_99b1e294a6715f25,src_19cbb51c9737fa08,provider_claim_only,ai_assisted_research,batch_001_release_011,kaykluz,2026-08-02,,,Human reviewed. Source locator: Launch Platform > NetVend product entry.
asrt_bulk_94949d2ead58aa3f,product,prod_63cceeebf437dc69,name,Plentify HEMS Cloud Platform,src_d4d68c56788ce4d7,customer_confirmed,ai_assisted_research,batch_001_release_008,kaykluz,2026-08-02,,,"Human reviewed. Source locator: Project at a Glance, Solution and How It Works sections name eThekwini, Plentify HEMS, virtual-power-plant functions and the early-pilot status."
asrt_bulk_94afdb8aa33c4aa6,product,prod_b91aa7029d7054cd,lifecycle_status,active,src_2a5c99c65a3533f8,provider_claim_only,ai_assisted_research,batch_001_release_002,kaykluz,2026-08-02,,,"Human reviewed. Source locator: About Company; Who is Smart-View Technology; Analytics, Machine Learning & Reporting; Our Location."
asrt_bulk_94b0a266e20412e2,organisation,org_99b1e294a6715f25,country_of_origin,ZA,src_19cbb51c9737fa08,provider_claim_only,ai_assisted_research,batch_001_release_010,kaykluz,2026-08-02,,,Human reviewed. Source locator: Launch Platform > NetMaps product entry.
asrt_bulk_94c3ed319e70356c,product,prod_bc70438d15454ac9,website,https://www.gevernova.com/software/products/grid-os,src_c7616caa46f7a0c2,provider_claim_only,ai_assisted_research,batch_001_release_013,kaykluz,2026-08-02,,,Human reviewed. Source locator: Opening announcement and ICC technology list naming a Wide Area Monitoring System designed for grid stability.
asrt_bulk_94d80c490d161899,product,prod_daa50f9ebedcc7b0,website,https://www.energyaccessexplorer.org/,src_c884b377e1fc531b,public_source,ai_assisted_research,batch_001_release_011,kaykluz,2026-08-02,,,Human reviewed. Source locator: EAE description and IMPACCT Framework paragraph identify the tool for priority-area and energy-access planning.
asrt_bulk_94e60d4c3abab45a,deployment,dep_c12f3d3769ac31c2,country_iso2,NG,src_4319a4161634cca0,provider_claim_only,ai_assisted_research,batch_001_release_001,kaykluz,2026-08-02,,,Human reviewed. Source locator: Section 'How Does Aspire Use SHYFT Technology?' and the 'Impact Hub & Google Launch Pad' fully deployed project block.
asrt_bulk_952ed675952f55f7,organisation,org_063aba978073ba5d,country_of_origin,ZA,src_5d32c0903dfe6e9c,provider_claim_only,ai_assisted_research,batch_001_release_011,kaykluz,2026-08-02,,,"Human reviewed. Source locator: Sections 'Download the Citiq app' and 'Manage your utilities on the go', plus the statement that the technology is locally built in South Africa."
asrt_bulk_9531a1fdfe61481a,product,prod_83e8647b12c0f40a,website,https://www.sparkmeter.io/,src_a1861482fff6a50d,independently_evidenced,ai_assisted_research,batch_001_release_003,kaykluz,2026-08-02,,,"Human reviewed. Source locator: Sections 'Connecting Displaced Communities' and 'Powering Business', especially the introduction of SparkMeter prepaid meters and transfer of remaining connections to BECO."
asrt_bulk_953ac46712543ba4,product,prod_daa50f9ebedcc7b0,lifecycle_status,active,src_c884b377e1fc531b,public_source,ai_assisted_research,batch_001_release_011,kaykluz,2026-08-02,,,Human reviewed. Source locator: EAE description and IMPACCT Framework paragraph identify the tool for priority-area and energy-access planning.
asrt_bulk_956192e9bce46d1c,product,prod_dfff8365390e2421,primary_category_id,cat_emobility_battery_networks,src_0df75f7550839b7c,provider_claim_only,ai_assisted_research,batch_001_release_004,kaykluz,2026-08-02,,,"Human reviewed. Source locator: Fleet Management feature explicitly names the Kofa Fleet Platform and describes rider access, purchases and running-cost management."
asrt_bulk_960f972eb444d2dc,product,prod_bc70438d15454ac9,primary_category_id,cat_transmission_system_operation,src_c7616caa46f7a0c2,provider_claim_only,ai_assisted_research,batch_001_release_013,kaykluz,2026-08-02,,,Human reviewed. Source locator: Opening announcement and ICC technology list naming a Wide Area Monitoring System designed for grid stability.
asrt_bulk_967e2183b93a1591,product,prod_37d006103d63d180,website,https://climatecompatiblegrowth.com/international-partnerships/data-and-tools/modelling-tools-and-frameworks/,src_c884b377e1fc531b,public_source,ai_assisted_research,batch_001_release_006,kaykluz,2026-08-02,,,Human reviewed. Source locator: IMPACCT Framework finance paragraph identifies FinTrack as the source of financing terms.
asrt_bulk_96b52d3a3e1ffaae,product,prod_5d86400ebf4fde2e,description,Toolset for generating and incorporating input data into electrification plans.,src_a6c915fb6879f499,public_source,ai_assisted_research,batch_001_release_010,kaykluz,2026-08-02,,,Human reviewed. Source locator: Paragraph beginning 'The GEP Explorer is complemented' identifies the GEP Toolbox as the input-data component.
asrt_bulk_96f13f44b7cdd75a,organisation,org_d669749a39dbc6b6,country_of_origin,ZA,src_c2df3e2d24c3763b,provider_claim_only,ai_assisted_research,batch_001_release_001,kaykluz,2026-08-02,,,Human reviewed. Source locator: Market overview states its South African and wider African purpose and access to a platform for buying and selling carbon credits and renewable-energy certificates.
asrt_bulk_970f41ad9fe6ab0b,product,prod_47d2aba604b42faf,name,GridOS Forecasting,src_c7616caa46f7a0c2,provider_claim_only,ai_assisted_research,batch_001_release_007,kaykluz,2026-08-02,,,Human reviewed. Source locator: Paragraph stating that the ICC platform was upgraded with GE Vernova's GridOS forecasting solution for VRE forecasting and ramping.
asrt_bulk_976c23d627b1dcf4,organisation,org_32b8d4d2ec475f59,country_of_origin,DE,src_02027067a2b6f47d,provider_claim_only,ai_assisted_research,batch_001_release_002,kaykluz,2026-08-02,,,"Human reviewed. Source locator: Paragraphs dated April 19, 2012 stating successful go-live, remote meter reads, MDUS integration and continuous exchange with SAP for Utilities."
asrt_bulk_97787f49fdbd3c30,organisation,org_530820839614a2eb,website,https://www.esri.com/,src_1aba15c2ac9250fc,provider_claim_only,ai_assisted_research,batch_001_release_009,kaykluz,2026-08-02,,,"Human reviewed. Source locator: Solution paragraph selecting ArcGIS Enterprise and Results paragraphs stating installation in 2018, portal deployment, dashboards and spatial analysis."
asrt_bulk_979b154b77ece151,organisation,org_ccaab0a9973b7404,headquarters_country,EG,src_ad5d15b92aa2776d,provider_claim_only,ai_assisted_research,batch_001_release_004,kaykluz,2026-08-02,,,"Human reviewed. Source locator: Homepage 'Now live across Egypt' and feature sections describe the wallet, map, availability and session records."
asrt_bulk_97acaffc9365d085,product,prod_fcaaff4768a60d65,name,MAED,src_c884b377e1fc531b,public_source,ai_assisted_research,batch_001_release_007,kaykluz,2026-08-02,,,Human reviewed. Source locator: Model Integration / IMPACCT Framework paragraph identifies MAED for energy-demand assessments.
asrt_bulk_97ec4f0c8d702f71,organisation,org_3684c370a0486cf0,origin_classification,africa_built,src_05e838c776926403,independently_evidenced,ai_assisted_research,batch_001_release_008,kaykluz,2026-08-02,,,"Human reviewed. Source locator: Project heading and summary identify SolarFlow, Burkina Faso and its monitoring, automation and optimisation functions."
asrt_bulk_97f38cd62bec300a,product,prod_76e1cb9631e5da42,description,Mobile application for locating ARC Ride battery-swapping cabinets in Nairobi.,src_1fd4de155f438bff,provider_claim_only,ai_assisted_research,batch_001_release_003,kaykluz,2026-08-02,,,Human reviewed. Source locator: FAQ answer to 'Where can I swap batteries' states that cabinets are deployed across Nairobi and can be found using the mobile app.
asrt_bulk_97fd165d35a48cef,product,prod_37d006103d63d180,sector_id,sector_markets_finance_carbon,src_c884b377e1fc531b,public_source,ai_assisted_research,batch_001_release_006,kaykluz,2026-08-02,,,Human reviewed. Source locator: IMPACCT Framework finance paragraph identifies FinTrack as the source of financing terms.
asrt_bulk_98320612c02eeedf,product,prod_27402d8bb06c6333,primary_category_id,cat_ci_behind_meter,src_4319a4161634cca0,provider_claim_only,ai_assisted_research,batch_001_release_001,kaykluz,2026-08-02,,,Human reviewed. Source locator: Section 'How Does Aspire Use SHYFT Technology?' and the 'Impact Hub & Google Launch Pad' fully deployed project block.
asrt_bulk_986e4702b79f4e9f,product,prod_f3d9dc4a77ea4cab,lifecycle_status,active,src_0b7158369b815d9f,provider_claim_only,ai_assisted_research,batch_001_release_002,kaykluz,2026-08-02,,,Human reviewed. Source locator: Presentation summary under '2022 – AVEVA PI World – Amsterdam – Power Generation'.
asrt_bulk_98a22fe16a63599e,product,prod_5ace380c4742b933,sector_id,sector_distributed_energy_access,src_afd975f932305487,provider_claim_only,ai_assisted_research,batch_001_release_001,kaykluz,2026-08-02,,,"Human reviewed. Source locator: Introduction: the Elon Smart Water Solution includes hardware, a mobile app and a cloud services platform; About page states the IP and manufacturing are South African."
asrt_bulk_9910ab13ef752c27,product,prod_7ec0014d7e86dba9,access_model,commercial,src_8ad2a6fd5ad32af1,independently_evidenced,ai_assisted_research,batch_001_release_001,kaykluz,2026-08-02,,,"Human reviewed. Source locator: Opening two paragraphs identify Growthpoint's South African e-co2 initiative, Fuel Switch partnership and blockchain REC exchange rollout."
asrt_bulk_995368b8c2ec99bc,product,prod_5a6f083895aef158,website,https://citiqprepaid.co.za/,src_5d32c0903dfe6e9c,provider_claim_only,ai_assisted_research,batch_001_release_011,kaykluz,2026-08-02,,,"Human reviewed. Source locator: Sections 'Download the Citiq app' and 'Manage your utilities on the go', plus the statement that the technology is locally built in South Africa."
asrt_bulk_99680783ce791b53,organisation,org_530820839614a2eb,name,Esri,src_1aba15c2ac9250fc,provider_claim_only,ai_assisted_research,batch_001_release_009,kaykluz,2026-08-02,,,"Human reviewed. Source locator: Solution paragraph selecting ArcGIS Enterprise and Results paragraphs stating installation in 2018, portal deployment, dashboards and spatial analysis."
asrt_bulk_998c78977695308d,organisation,org_d1bdcd4f66807716,origin_classification,public_or_open_infrastructure,src_978f6fdd465962a6,provider_claim_only,ai_assisted_research,batch_001_release_006,kaykluz,2026-08-02,,,Human reviewed. Source locator: README introduction and cited paper identify the open model and its demonstration in Africa.
asrt_bulk_99a100b5b860870f,organisation,org_b4e978f005016067,origin_classification,public_or_open_infrastructure,src_c884b377e1fc531b,public_source,ai_assisted_research,batch_001_release_001,kaykluz,2026-08-02,,,Human reviewed. Source locator: IMPACCT Framework paragraph identifies PathCalc for interactively visualising carbon emissions.
asrt_bulk_99efed86523656f3,product,prod_4c1eb1c96a6e5afa,name,OSeMOSYS Global,src_006b50f09716afd0,provider_claim_only,ai_assisted_research,batch_001_release_006,kaykluz,2026-08-02,,,"Human reviewed. Source locator: Opening description identifies the software as an open-source, open-data model generator for any geographic subset of the globe."
asrt_bulk_9a3124a80ea49fd2,organisation,org_a08b81b7f5f0b23a,website,https://www.solarmd.com/,src_8663e6ac3734b42a,provider_claim_only,ai_assisted_research,batch_001_release_008,kaykluz,2026-08-02,,,"Human reviewed. Source locator: Sections 'EMS Software | Monitoring & Control', 'Key functionalities' and FAQs; Solar MD contact page identifies Cape Town as the Africa head office."
asrt_bulk_9a9a1b4707e7bd93,deployment,dep_621d5c7586b993f8,lifecycle_status,historical,src_a1861482fff6a50d,independently_evidenced,ai_assisted_research,batch_001_release_003,kaykluz,2026-08-02,,,"Human reviewed. Source locator: Sections 'Connecting Displaced Communities' and 'Powering Business', especially the introduction of SparkMeter prepaid meters and transfer of remaining connections to BECO."
asrt_bulk_9ab24fb811c51ff5,organisation,org_6813554323495fa0,country_of_origin,ZA,src_25c2a0a72ca484b2,provider_claim_only,ai_assisted_research,batch_001_release_012,kaykluz,2026-08-02,,,"Human reviewed. Source locator: Sections 'Smart Metering & Energy Trading Solutions' and 'Smart Metering', especially the internally built meter-management ecosystem paragraph."
asrt_bulk_9ad8518a643683f5,deployment,dep_6c7d4295f3f84919,customer_disclosure,named,src_1aba15c2ac9250fc,provider_claim_only,ai_assisted_research,batch_001_release_009,kaykluz,2026-08-02,,,"Human reviewed. Source locator: Solution paragraph selecting ArcGIS Enterprise and Results paragraphs stating installation in 2018, portal deployment, dashboards and spatial analysis."
asrt_bulk_9b54d10fd1e32298,product,prod_7ca64cacd469d465,sector_id,sector_commercial_industrial,src_c563b254a72836d5,provider_claim_only,ai_assisted_research,batch_001_release_007,kaykluz,2026-08-02,,,"Human reviewed. Source locator: Sections 'What is SOLINK Core?' and 'How SOLINK Core Works', steps 01 through 04."
asrt_bulk_9c13ba279c647d05,organisation,org_e7a91741bca86f28,origin_classification,africa_founded_global_hq,src_d20623b62099ccd7,provider_claim_only,ai_assisted_research,batch_001_release_003,kaykluz,2026-08-02,,,Human reviewed. Source locator: Sections 'ATC&C Loss Detection & Resolution' and 'How it works'.
asrt_bulk_9c47a1adbf6ebd83,deployment,dep_5dafb03405e9b7a4,customer_disclosure,named,src_36ff3d019dab7c6f,provider_claim_only,ai_assisted_research,batch_001_release_009,kaykluz,2026-08-02,,,Human reviewed. Source locator: Overview paragraphs identifying Kazang Solar as a Zambian PAYGo solar distributor and stating it adopted PaygOps in late 2022.
asrt_bulk_9c8597d20dd27b8a,product,prod_63cceeebf437dc69,organisation_id,org_c60ee59766bb7296,src_d4d68c56788ce4d7,customer_confirmed,ai_assisted_research,batch_001_release_008,kaykluz,2026-08-02,,,"Human reviewed. Source locator: Project at a Glance, Solution and How It Works sections name eThekwini, Plentify HEMS, virtual-power-plant functions and the early-pilot status."
asrt_bulk_9c8d410ccd700aee,product,prod_4862d10385138cf5,name,D-REC Platform,src_4b7adae0776349b3,provider_claim_only,ai_assisted_research,batch_001_release_001,kaykluz,2026-08-02,,,"Human reviewed. Source locator: Key Features sections describe generation validation, device management, certificate tokens and eligible mini-grid and solar-home-system devices."
asrt_bulk_9d2f5eeb51904fe2,product,prod_31c98189497128c4,description,Web application for locating battery-swap stations with battery availability and dynamic routing.,src_0b2d11046a03402c,provider_claim_only,ai_assisted_research,batch_001_release_005,kaykluz,2026-08-02,,,"Human reviewed. Source locator: How It Works and Key Features sections name the web app, station location, IoT health monitoring and dynamic routing; contact section identifies Nairobi."
asrt_bulk_9d3c5f24fdf32799,product,prod_2cb981c2e4d76c28,sector_id,sector_power_utilities,src_0e2b17c179cb2014,provider_claim_only,ai_assisted_research,batch_001_release_012,kaykluz,2026-08-02,,,Human reviewed. Source locator: Data Centre > Meter Data Manager and Vending Gateway sections.
asrt_bulk_9d5bbffd3946951f,product,prod_8d5f9abcd9decdc8,organisation_id,org_cdc655096c67d97e,src_cdecc55785a2e84f,provider_claim_only,ai_assisted_research,batch_001_release_006,kaykluz,2026-08-02,,,"Human reviewed. Source locator: Sections 'This is the actual product', 'Engineering Studio', 'Yield and simulation', 'How a deal moves' and footer legal registration details."
asrt_bulk_9dd1ff86eeeb70c1,product,prod_f63dd1268b6e12c7,primary_category_id,cat_emobility_battery_networks,src_0aeaf7bbb4111bf3,provider_claim_only,ai_assisted_research,batch_001_release_004,kaykluz,2026-08-02,,,"Human reviewed. Source locator: Application feature bullet states it locates, organises and pays for charging; page reports more than 100 charging points in Morocco."
asrt_bulk_9dfb3a7e133e3a45,product,prod_596ed16f715fb870,sector_id,sector_power_utilities,src_25c2a0a72ca484b2,provider_claim_only,ai_assisted_research,batch_001_release_012,kaykluz,2026-08-02,,,"Human reviewed. Source locator: Sections 'Smart Metering & Energy Trading Solutions' and 'Smart Metering', especially the internally built meter-management ecosystem paragraph."
asrt_bulk_9e06cdb6c58b6c62,deployment,dep_91df12effd6080a3,lifecycle_status,active,src_d151cbedc6c4759e,provider_claim_only,ai_assisted_research,batch_001_release_008,kaykluz,2026-08-02,,,"Human reviewed. Source locator: Daystar Power case block: Nigeria, Ghana, Togo and Senegal; 200+ sites; customer quotation describing AMMP as an operations tool."
asrt_bulk_9e0d0fea43e8b27c,product,prod_14d47cbe194106c4,access_model,commercial,src_2f4a7e763bb7e671,provider_claim_only,ai_assisted_research,batch_001_release_009,kaykluz,2026-08-02,,,Human reviewed. Source locator: Country profile opening paragraphs: operations launched as Bboxx in 2023 and use Bboxx Pulse in Mali.
asrt_bulk_9e54a5ef39509b41,organisation,org_530820839614a2eb,origin_classification,global_deployed_in_africa,src_7de3c1f07aa1a7fc,provider_claim_only,ai_assisted_research,batch_001_release_002,kaykluz,2026-08-02,,,"Human reviewed. Source locator: Solution section stating that IoT, smart-meter and RTU data is aggregated with ArcGIS GeoEvent Server to update feature layers."
asrt_bulk_9e9ed0854fc86259,product,prod_bc70438d15454ac9,name,GridOS Wide Area Monitoring System,src_c7616caa46f7a0c2,provider_claim_only,ai_assisted_research,batch_001_release_013,kaykluz,2026-08-02,,,Human reviewed. Source locator: Opening announcement and ICC technology list naming a Wide Area Monitoring System designed for grid stability.
asrt_bulk_9ee739921368a2e3,organisation,org_cbf8bcdb4fb4587b,website,https://resourcematters.org/,src_80750634d4eb4e8f,public_source,ai_assisted_research,batch_001_release_010,kaykluz,2026-08-02,,,Human reviewed. Source locator: Congo Epela Platform subsection identifies Resource Matters and the DRC least-cost electrification application.
asrt_bulk_9f14cb89b68c22bf,product,prod_dfff8365390e2421,description,"Fleet-management platform for rider swap access, fleet purchases and battery-network running costs.",src_0df75f7550839b7c,provider_claim_only,ai_assisted_research,batch_001_release_004,kaykluz,2026-08-02,,,"Human reviewed. Source locator: Fleet Management feature explicitly names the Kofa Fleet Platform and describes rider access, purchases and running-cost management."
asrt_bulk_9f531ae6c0b5eb15,product,prod_af06988b7962e214,description,"EV-charging application for live charger discovery, session management and payments on the South African network.",src_a007594faa6d6482,provider_claim_only,ai_assisted_research,batch_001_release_004,kaykluz,2026-08-02,,,"Human reviewed. Source locator: Homepage section on the national network names ChargePocket and describes its live map, charger details, sessions and payments."
asrt_bulk_9f7dd258489c321f,product,prod_d5b79f9c98ecce44,lifecycle_status,active,src_19cbb51c9737fa08,provider_claim_only,ai_assisted_research,batch_001_release_011,kaykluz,2026-08-02,,,Human reviewed. Source locator: Launch Platform > NetVend product entry.
asrt_bulk_9fb16e9ace3c357a,organisation,org_6d53c1b9743e7ec9,origin_classification,africa_built,src_a007594faa6d6482,provider_claim_only,ai_assisted_research,batch_001_release_004,kaykluz,2026-08-02,,,"Human reviewed. Source locator: Homepage section on the national network names ChargePocket and describes its live map, charger details, sessions and payments."
asrt_bulk_9fdce63036f1332a,product,prod_90c1269fb6533050,primary_category_id,cat_retail_metering_billing_payments,src_3fed97da9ebf5a38,provider_claim_only,ai_assisted_research,batch_001_release_012,kaykluz,2026-08-02,,,"Human reviewed. Source locator: SteamaCo Product Suite, 'Nimbus AMI' product block."
asrt_bulk_a020df251a1daef4,product,prod_acf9505b6591bcdc,name,OnSSET,src_49525542a4a0aa7a,provider_claim_only,ai_assisted_research,batch_001_release_010,kaykluz,2026-08-02,,,"Human reviewed. Source locator: Governments and Industry and Think Tanks sections list applications in Nigeria, Ethiopia, Kenya, Tanzania, Madagascar, Benin and other African contexts."
asrt_bulk_a03e8d47e2ea2d39,product,prod_00904b9e2148c62a,organisation_id,org_fc7c0c72d1969875,src_f533c88c1d12d756,provider_claim_only,ai_assisted_research,batch_001_release_002,kaykluz,2026-08-02,,,"Human reviewed. Source locator: Opening product description, 'Adroit IoT Platform', 'Security', 'Services Orientated' and vertical-application paragraph naming Energy."
asrt_bulk_a0a25810f4367836,organisation,org_5d4d39fbfe878d2c,website,https://fekra-egy.com/,src_de00f697c22cfe83,provider_claim_only,ai_assisted_research,batch_001_release_004,kaykluz,2026-08-02,,,"Human reviewed. Source locator: Featured Product and All-in-one EV Charging Software Management sections name Pika EV Drive and list station, session and smart-energy controls; page gives Cairo headquarters."
asrt_bulk_a0d0665a0131dbbc,organisation,org_b4e978f005016067,website,https://climatecompatiblegrowth.com/,src_c884b377e1fc531b,public_source,ai_assisted_research,batch_001_release_001,kaykluz,2026-08-02,,,Human reviewed. Source locator: IMPACCT Framework paragraph identifies PathCalc for interactively visualising carbon emissions.
asrt_bulk_a0ee05d18e95df1d,organisation,org_406033f114a69ab6,headquarters_country,EG,src_c70678946460cecc,provider_claim_only,ai_assisted_research,batch_001_release_003,kaykluz,2026-08-02,,,"Human reviewed. Source locator: Products section, 'Utility Management Platform'; Contacts section gives the Giza, Egypt address."
asrt_bulk_a128179997494fb8,organisation,org_930efc4050b16d68,headquarters_country,SE,src_7c0c0c942fa173cd,provider_claim_only,ai_assisted_research,batch_001_release_013,kaykluz,2026-08-02,,,Human reviewed. Source locator: Main project paragraph describes continent-wide African country and transmission-link coverage and states that the model is open source.
asrt_bulk_a1fbd29c302fac3c,product,prod_7dc0a9bb41944d44,name,Ampersand Driver App,src_0a4fa31247a1d3c3,provider_claim_only,ai_assisted_research,batch_001_release_003,kaykluz,2026-08-02,,,Human reviewed. Source locator: Technology page section on the Driver App describes checking battery level and finding a swap station.
asrt_bulk_a23a67663a023a64,product,prod_27402d8bb06c6333,description,"A web and mobile platform for real-time monitoring, metering, control and automation of grid, solar, battery and generator assets.",src_4319a4161634cca0,provider_claim_only,ai_assisted_research,batch_001_release_001,kaykluz,2026-08-02,,,Human reviewed. Source locator: Section 'How Does Aspire Use SHYFT Technology?' and the 'Impact Hub & Google Launch Pad' fully deployed project block.
asrt_bulk_a261b73cf5089549,deployment,dep_0fd414076188d885,lifecycle_status,active,src_c7616caa46f7a0c2,provider_claim_only,ai_assisted_research,batch_001_release_007,kaykluz,2026-08-02,,,Human reviewed. Source locator: Paragraph stating that the ICC platform was upgraded with GE Vernova's GridOS forecasting solution for VRE forecasting and ramping.
asrt_bulk_a282ee40e00a29d2,organisation,org_b4e978f005016067,origin_classification,public_or_open_infrastructure,src_c884b377e1fc531b,public_source,ai_assisted_research,batch_001_release_009,kaykluz,2026-08-02,,,Human reviewed. Source locator: IMPACCT Framework paragraph names NISMOD for national infrastructure planning.
asrt_bulk_a29a459b5c073279,product,prod_4e6bb096113f7a45,website,https://cloud.netelek.co.za/,src_19cbb51c9737fa08,provider_claim_only,ai_assisted_research,batch_001_release_010,kaykluz,2026-08-02,,,Human reviewed. Source locator: Launch Platform > NetMaps product entry.
asrt_bulk_a2a74b324b6875c6,product,prod_acf9505b6591bcdc,lifecycle_status,active,src_49525542a4a0aa7a,provider_claim_only,ai_assisted_research,batch_001_release_010,kaykluz,2026-08-02,,,"Human reviewed. Source locator: Governments and Industry and Think Tanks sections list applications in Nigeria, Ethiopia, Kenya, Tanzania, Madagascar, Benin and other African contexts."
asrt_bulk_a2aa16a61669564d,organisation,org_e7a91741bca86f28,name,SteamaCo,src_3fed97da9ebf5a38,provider_claim_only,ai_assisted_research,batch_001_release_003,kaykluz,2026-08-02,,,"Human reviewed. Source locator: SteamaCo Product Suite, 'ThunderBolt' field-force app product block."
asrt_bulk_a2c9223c17d249aa,deployment,dep_9f93d6392cac38f3,lifecycle_status,active,src_c7616caa46f7a0c2,provider_claim_only,ai_assisted_research,batch_001_release_013,kaykluz,2026-08-02,,,Human reviewed. Source locator: Opening announcement and ICC technology list naming a Wide Area Monitoring System designed for grid stability.
asrt_bulk_a2dc8b81b77a9116,product,prod_3cdf76665621519b,sector_id,sector_markets_finance_carbon,src_8055fc93905afd67,provider_claim_only,ai_assisted_research,batch_001_release_012,kaykluz,2026-08-02,,,Human reviewed. Source locator: Our Solutions / Energypro Marketplace section describes renewable-electricity sourcing and the page identifies South African wheeling operations.
asrt_bulk_a2de673aff9a2c84,product,prod_835fa410d7e3dba0,primary_category_id,cat_emobility_battery_networks,src_4acfd42725b98b4e,provider_claim_only,ai_assisted_research,batch_001_release_004,kaykluz,2026-08-02,,,"Human reviewed. Source locator: About this app section describes live charging discovery, availability, remote start/stop and payments; developer address is in Rabat, Morocco."
asrt_bulk_a36d2f52b054e45b,product,prod_4801ed63e28a4c98,website,https://openaccess.energy/,src_8055fc93905afd67,provider_claim_only,ai_assisted_research,batch_001_release_013,kaykluz,2026-08-02,,,Human reviewed. Source locator: Our Solutions / Energypro Transactions section names the product and describes contract and transaction automation.
asrt_bulk_a36db9732567c234,product,prod_84787f6a75dff4dd,lifecycle_status,active,src_d151cbedc6c4759e,provider_claim_only,ai_assisted_research,batch_001_release_008,kaykluz,2026-08-02,,,"Human reviewed. Source locator: Daystar Power case block: Nigeria, Ghana, Togo and Senegal; 200+ sites; customer quotation describing AMMP as an operations tool."
asrt_bulk_a39ca4da371e9e40,product,prod_3cdf76665621519b,organisation_id,org_d48d027ab1a1011c,src_8055fc93905afd67,provider_claim_only,ai_assisted_research,batch_001_release_012,kaykluz,2026-08-02,,,Human reviewed. Source locator: Our Solutions / Energypro Marketplace section describes renewable-electricity sourcing and the page identifies South African wheeling operations.
asrt_bulk_a41cbad53774c2b0,product,prod_3e36972ea2d29b21,access_model,commercial,src_02027067a2b6f47d,provider_claim_only,ai_assisted_research,batch_001_release_002,kaykluz,2026-08-02,,,"Human reviewed. Source locator: Paragraphs dated April 19, 2012 stating successful go-live, remote meter reads, MDUS integration and continuous exchange with SAP for Utilities."
asrt_bulk_a4216e1dda0a017f,product,prod_c88c7983f9fcb410,name,Universal Electrification Access,src_80750634d4eb4e8f,provider_claim_only,ai_assisted_research,batch_001_release_010,kaykluz,2026-08-02,,,Human reviewed. Source locator: United Nations app subsection describes the interface and results for 54 developing countries in sub-Saharan Africa and Latin America.
asrt_bulk_a462e1949b07681c,organisation,org_c538d1eb164e6e41,website,https://www.ammp.io/,src_d151cbedc6c4759e,provider_claim_only,ai_assisted_research,batch_001_release_008,kaykluz,2026-08-02,,,"Human reviewed. Source locator: Daystar Power case block: Nigeria, Ghana, Togo and Senegal; 200+ sites; customer quotation describing AMMP as an operations tool."
asrt_bulk_a4bd0e2a8989a7d0,product,prod_04226a46eb948cbc,lifecycle_status,active,src_09a3d01a3a3a8b9a,provider_claim_only,ai_assisted_research,batch_001_release_004,kaykluz,2026-08-02,,,Human reviewed. Source locator: Homepage headings 'The Complete EV Charging Software Platform' and location section identifying Egypt.
asrt_bulk_a4fe6f827ab556ed,product,prod_f3d9dc4a77ea4cab,sector_id,sector_generation_storage,src_0b7158369b815d9f,provider_claim_only,ai_assisted_research,batch_001_release_002,kaykluz,2026-08-02,,,Human reviewed. Source locator: Presentation summary under '2022 – AVEVA PI World – Amsterdam – Power Generation'.
asrt_bulk_a51536df0c5a181f,product,prod_4801ed63e28a4c98,sector_id,sector_markets_finance_carbon,src_8055fc93905afd67,provider_claim_only,ai_assisted_research,batch_001_release_013,kaykluz,2026-08-02,,,Human reviewed. Source locator: Our Solutions / Energypro Transactions section names the product and describes contract and transaction automation.
asrt_bulk_a518a6e915843aa4,organisation,org_99b1e294a6715f25,name,Netelek,src_19cbb51c9737fa08,provider_claim_only,ai_assisted_research,batch_001_release_011,kaykluz,2026-08-02,,,Human reviewed. Source locator: Launch Platform > NetFin product entry.
asrt_bulk_a5cb72b3b107df86,deployment,dep_5dafb03405e9b7a4,started_year,2022,src_36ff3d019dab7c6f,provider_claim_only,ai_assisted_research,batch_001_release_009,kaykluz,2026-08-02,,,Human reviewed. Source locator: Overview paragraphs identifying Kazang Solar as a Zambian PAYGo solar distributor and stating it adopted PaygOps in late 2022.
asrt_bulk_a5def5229191ef97,deployment,dep_5dafb03405e9b7a4,customer_name,Kazang Solar,src_36ff3d019dab7c6f,provider_claim_only,ai_assisted_research,batch_001_release_009,kaykluz,2026-08-02,,,Human reviewed. Source locator: Overview paragraphs identifying Kazang Solar as a Zambian PAYGo solar distributor and stating it adopted PaygOps in late 2022.
asrt_bulk_a5ef5634cede0b3a,product,prod_c65e8228650434e7,description,Model for financial analysis of electricity-sector expansion plans and project viability.,src_c884b377e1fc531b,public_source,ai_assisted_research,batch_001_release_007,kaykluz,2026-08-02,,,Human reviewed. Source locator: IMPACCT Framework finance paragraph names FINPLAN for evaluating financial viability of utility-scale projects.
asrt_bulk_a5f3c474e8563e36,product,prod_8d5f9abcd9decdc8,access_model,commercial,src_cdecc55785a2e84f,provider_claim_only,ai_assisted_research,batch_001_release_006,kaykluz,2026-08-02,,,"Human reviewed. Source locator: Sections 'This is the actual product', 'Engineering Studio', 'Yield and simulation', 'How a deal moves' and footer legal registration details."
asrt_bulk_a6c6742f7ac2486e,product,prod_76e1cb9631e5da42,organisation_id,org_a05bce318bbf4ea0,src_1fd4de155f438bff,provider_claim_only,ai_assisted_research,batch_001_release_003,kaykluz,2026-08-02,,,Human reviewed. Source locator: FAQ answer to 'Where can I swap batteries' states that cabinets are deployed across Nairobi and can be found using the mobile app.
asrt_bulk_a6efaaf83ab21b96,deployment,dep_c4d486068f0ae346,product_id,prod_7ec0014d7e86dba9,src_8ad2a6fd5ad32af1,independently_evidenced,ai_assisted_research,batch_001_release_001,kaykluz,2026-08-02,,,"Human reviewed. Source locator: Opening two paragraphs identify Growthpoint's South African e-co2 initiative, Fuel Switch partnership and blockchain REC exchange rollout."
asrt_bulk_a6f4131e59892b1b,product,prod_31c98189497128c4,website,https://mazimobility.com/product.html,src_0b2d11046a03402c,provider_claim_only,ai_assisted_research,batch_001_release_005,kaykluz,2026-08-02,,,"Human reviewed. Source locator: How It Works and Key Features sections name the web app, station location, IoT health monitoring and dynamic routing; contact section identifies Nairobi."
asrt_bulk_a73b9026da84b96d,product,prod_4801ed63e28a4c98,name,Energypro Transactions,src_8055fc93905afd67,provider_claim_only,ai_assisted_research,batch_001_release_013,kaykluz,2026-08-02,,,Human reviewed. Source locator: Our Solutions / Energypro Transactions section names the product and describes contract and transaction automation.
asrt_bulk_a7780287ac0425ed,product,prod_09961473d83843e4,primary_category_id,cat_forecasting_flexibility_der,src_c884b377e1fc531b,public_source,ai_assisted_research,batch_001_release_007,kaykluz,2026-08-02,,,Human reviewed. Source locator: Model Integration / IMPACCT Framework paragraph names FlexTool for evaluating power-system flexibility from OSeMOSYS results.
asrt_bulk_a782fc0dd8f00161,product,prod_642f0da0b4e417a3,name,Pika EV Drive,src_de00f697c22cfe83,provider_claim_only,ai_assisted_research,batch_001_release_004,kaykluz,2026-08-02,,,"Human reviewed. Source locator: Featured Product and All-in-one EV Charging Software Management sections name Pika EV Drive and list station, session and smart-energy controls; page gives Cairo headquarters."
asrt_bulk_a7a60897a08e0242,product,prod_8c028e7d3c878e74,name,TEMBA,src_7c0c0c942fa173cd,provider_claim_only,ai_assisted_research,batch_001_release_013,kaykluz,2026-08-02,,,Human reviewed. Source locator: Main project paragraph describes continent-wide African country and transmission-link coverage and states that the model is open source.
asrt_bulk_a7cdb6aa91a2643b,organisation,org_406033f114a69ab6,origin_classification,africa_built,src_c70678946460cecc,provider_claim_only,ai_assisted_research,batch_001_release_003,kaykluz,2026-08-02,,,"Human reviewed. Source locator: Products section, 'Utility Management Platform'; Contacts section gives the Giza, Egypt address."
asrt_bulk_a7cf443b5acf3d07,product,prod_a99b94237c7e13fa,lifecycle_status,active,src_419b4f8f3ed72377,independently_evidenced,ai_assisted_research,batch_001_release_009,kaykluz,2026-08-02,,,"Human reviewed. Source locator: Project description names PowerPay and describes monitoring, revenue collection, asset management and energy-use tracking; page reports current use in East Africa."
asrt_bulk_a804e36716ed42fb,product,prod_4862d10385138cf5,sector_id,sector_markets_finance_carbon,src_4b7adae0776349b3,provider_claim_only,ai_assisted_research,batch_001_release_001,kaykluz,2026-08-02,,,"Human reviewed. Source locator: Key Features sections describe generation validation, device management, certificate tokens and eligible mini-grid and solar-home-system devices."
asrt_bulk_a885ad00b0c2a379,product,prod_4a59c1c6110c4219,website,https://www.myvoltage.co.za/what-we-do/,src_e1397f8d9f1aec2c,provider_claim_only,ai_assisted_research,batch_001_release_011,kaykluz,2026-08-02,,,"Human reviewed. Source locator: Opening product description, Key product features and Value-added service offering."
asrt_bulk_a89b35170d022254,deployment,dep_8ba702b9e523b312,started_year,2023,src_2f4a7e763bb7e671,provider_claim_only,ai_assisted_research,batch_001_release_009,kaykluz,2026-08-02,,,Human reviewed. Source locator: Country profile opening paragraphs: operations launched as Bboxx in 2023 and use Bboxx Pulse in Mali.
asrt_bulk_a8a5460aa05378e8,organisation,org_d26348409ac6de26,name,Mazi Mobility,src_0b2d11046a03402c,provider_claim_only,ai_assisted_research,batch_001_release_005,kaykluz,2026-08-02,,,"Human reviewed. Source locator: How It Works and Key Features sections name the web app, station location, IoT health monitoring and dynamic routing; contact section identifies Nairobi."
asrt_bulk_a8ca1ffefd7247e7,organisation,org_b5a699ab229742b6,headquarters_country,ZA,src_d129bd0549b7a8a2,provider_claim_only,ai_assisted_research,batch_001_release_007,kaykluz,2026-08-02,,,"Human reviewed. Source locator: Opening product overview, Data-driven Process and Features sections."
asrt_bulk_a8cf2f489184c9aa,organisation,org_7245d69e568dc70a,country_of_origin,ZA,src_85884b03ae89ab9b,independently_evidenced,ai_assisted_research,batch_001_release_008,kaykluz,2026-08-02,,,"Human reviewed. Source locator: Project at a Glance, Solution, How It Works and Results So Far sections name the platform and describe real-world operator use across sub-Saharan Africa."
asrt_bulk_a8f7d2f863e4f482,organisation,org_c196bc963028ee6e,name,Climate Compatible Growth and IRENA,src_c884b377e1fc531b,public_source,ai_assisted_research,batch_001_release_007,kaykluz,2026-08-02,,,Human reviewed. Source locator: Model Integration / IMPACCT Framework paragraph names FlexTool for evaluating power-system flexibility from OSeMOSYS results.
asrt_bulk_a903cbfcd5370069,organisation,org_d48d027ab1a1011c,country_of_origin,ZA,src_728b5d57ef518817,provider_claim_only,ai_assisted_research,batch_001_release_012,kaykluz,2026-08-02,,,Human reviewed. Source locator: Opening product description and 'Key Capabilities' list; call-to-action names George Municipality as a user.
asrt_bulk_a96f73d116bf8cdb,organisation,org_2744e404ad22d210,website,https://www.esmap.org/,src_a6c915fb6879f499,public_source,ai_assisted_research,batch_001_release_010,kaykluz,2026-08-02,,,Human reviewed. Source locator: Paragraph beginning 'The GEP Explorer is complemented' names the GEP Generator and describes custom scenario generation.
asrt_bulk_a97390e83028fd99,product,prod_31c98189497128c4,lifecycle_status,active,src_0b2d11046a03402c,provider_claim_only,ai_assisted_research,batch_001_release_005,kaykluz,2026-08-02,,,"Human reviewed. Source locator: How It Works and Key Features sections name the web app, station location, IoT health monitoring and dynamic routing; contact section identifies Nairobi."
asrt_bulk_a9be45eff25174f3,product,prod_5ace380c4742b933,organisation_id,org_d8a52b70cf175966,src_afd975f932305487,provider_claim_only,ai_assisted_research,batch_001_release_001,kaykluz,2026-08-02,,,"Human reviewed. Source locator: Introduction: the Elon Smart Water Solution includes hardware, a mobile app and a cloud services platform; About page states the IP and manufacturing are South African."
asrt_bulk_a9c96c278409f866,product,prod_870e878724216eb1,description,"Storage-as-a-service platform combining battery sizing, financing, remote monitoring and lifecycle management for mini-grids.",src_85884b03ae89ab9b,independently_evidenced,ai_assisted_research,batch_001_release_008,kaykluz,2026-08-02,,,"Human reviewed. Source locator: Project at a Glance, Solution, How It Works and Results So Far sections name the platform and describe real-world operator use across sub-Saharan Africa."
asrt_bulk_a9ff0793f81da95e,product,prod_4c1eb1c96a6e5afa,lifecycle_status,active,src_006b50f09716afd0,provider_claim_only,ai_assisted_research,batch_001_release_006,kaykluz,2026-08-02,,,"Human reviewed. Source locator: Opening description identifies the software as an open-source, open-data model generator for any geographic subset of the globe."
asrt_bulk_aa1fb19f141f59f2,product,prod_2cb981c2e4d76c28,lifecycle_status,active,src_0e2b17c179cb2014,provider_claim_only,ai_assisted_research,batch_001_release_012,kaykluz,2026-08-02,,,Human reviewed. Source locator: Data Centre > Meter Data Manager and Vending Gateway sections.
asrt_bulk_aa38b2ce0aefbc7e,product,prod_a4f1a4a52c37c33c,sector_id,sector_distributed_energy_access,src_36ff3d019dab7c6f,provider_claim_only,ai_assisted_research,batch_001_release_009,kaykluz,2026-08-02,,,Human reviewed. Source locator: Overview paragraphs identifying Kazang Solar as a Zambian PAYGo solar distributor and stating it adopted PaygOps in late 2022.
asrt_bulk_aad1b7306708d86b,product,prod_88eab8436b1e03d8,access_model,open_source,src_e5c412f183848e7c,provider_claim_only,ai_assisted_research,batch_001_release_006,kaykluz,2026-08-02,,,"Human reviewed. Source locator: README opening and Features sections describe optimisation, dispatch, power-flow and planning functions; linked African models establish regional use."
asrt_bulk_aaf66994d3d39066,product,prod_353718ec5630f5cc,website,https://www.enerweb.co.za/index.php/products/mf,src_d129bd0549b7a8a2,provider_claim_only,ai_assisted_research,batch_001_release_007,kaykluz,2026-08-02,,,"Human reviewed. Source locator: Opening product overview, Data-driven Process and Features sections."
asrt_bulk_ab012dcb7fa49a3c,organisation,org_530820839614a2eb,origin_classification,global_deployed_in_africa,src_1aba15c2ac9250fc,provider_claim_only,ai_assisted_research,batch_001_release_009,kaykluz,2026-08-02,,,"Human reviewed. Source locator: Solution paragraph selecting ArcGIS Enterprise and Results paragraphs stating installation in 2018, portal deployment, dashboards and spatial analysis."
asrt_bulk_ab10dff4853e84b9,organisation,org_d669749a39dbc6b6,headquarters_country,ZA,src_c2df3e2d24c3763b,provider_claim_only,ai_assisted_research,batch_001_release_001,kaykluz,2026-08-02,,,Human reviewed. Source locator: Market overview states its South African and wider African purpose and access to a platform for buying and selling carbon credits and renewable-energy certificates.
asrt_bulk_ab24684b83364092,product,prod_4a59c1c6110c4219,sector_id,sector_commercial_industrial,src_e1397f8d9f1aec2c,provider_claim_only,ai_assisted_research,batch_001_release_011,kaykluz,2026-08-02,,,"Human reviewed. Source locator: Opening product description, Key product features and Value-added service offering."
asrt_bulk_ab2b03725cc3b31e,organisation,org_d8a52b70cf175966,origin_classification,africa_built,src_afd975f932305487,provider_claim_only,ai_assisted_research,batch_001_release_001,kaykluz,2026-08-02,,,"Human reviewed. Source locator: Introduction: the Elon Smart Water Solution includes hardware, a mobile app and a cloud services platform; About page states the IP and manufacturing are South African."
asrt_bulk_ab76fbb9640fd366,product,prod_7ca64cacd469d465,primary_category_id,cat_finance_procurement_underwriting,src_c563b254a72836d5,provider_claim_only,ai_assisted_research,batch_001_release_007,kaykluz,2026-08-02,,,"Human reviewed. Source locator: Sections 'What is SOLINK Core?' and 'How SOLINK Core Works', steps 01 through 04."
asrt_bulk_ab7fba5fc37d9fdf,product,prod_3f8147ec1b685701,description,"An AI platform that analyses meter and vending data to detect loss anomalies, meter bypass, tampering and illegal connections.",src_d20623b62099ccd7,provider_claim_only,ai_assisted_research,batch_001_release_003,kaykluz,2026-08-02,,,Human reviewed. Source locator: Sections 'ATC&C Loss Detection & Resolution' and 'How it works'.
asrt_bulk_abb5843c99622b60,product,prod_50515a6186c6f41d,name,mypower24,src_8663e6ac3734b42a,provider_claim_only,ai_assisted_research,batch_001_release_008,kaykluz,2026-08-02,,,"Human reviewed. Source locator: Sections 'EMS Software | Monitoring & Control', 'Key functionalities' and FAQs; Solar MD contact page identifies Cape Town as the Africa head office."
asrt_bulk_abca801059a90034,product,prod_01e0b6c0d126d66c,description,Digital market providing access to carbon credits and renewable-energy certificates for African buyers and sellers.,src_c2df3e2d24c3763b,provider_claim_only,ai_assisted_research,batch_001_release_001,kaykluz,2026-08-02,,,Human reviewed. Source locator: Market overview states its South African and wider African purpose and access to a platform for buying and selling carbon credits and renewable-energy certificates.
asrt_bulk_ac78cdc10a5bcb9e,product,prod_04226a46eb948cbc,organisation_id,org_6894f264f4bd16ed,src_09a3d01a3a3a8b9a,provider_claim_only,ai_assisted_research,batch_001_release_004,kaykluz,2026-08-02,,,Human reviewed. Source locator: Homepage headings 'The Complete EV Charging Software Platform' and location section identifying Egypt.
asrt_bulk_acda3f87d618a6d0,product,prod_88eab8436b1e03d8,sector_id,sector_power_utilities,src_e5c412f183848e7c,provider_claim_only,ai_assisted_research,batch_001_release_006,kaykluz,2026-08-02,,,"Human reviewed. Source locator: README opening and Features sections describe optimisation, dispatch, power-flow and planning functions; linked African models establish regional use."
asrt_bulk_ace710c3cac96f32,organisation,org_4ac6c37b6348829f,website,https://digital-energy.eu/en/projects/stima-care,src_75449c38606a534e,independently_evidenced,ai_assisted_research,batch_001_release_008,kaykluz,2026-08-02,,,"Human reviewed. Source locator: Project description and Key milestones sections identify the Kenya-based SaaS platform, functions and pilot integrations."
asrt_bulk_acecd05e24ecddc0,deployment,dep_ef40e913768f8074,lifecycle_status,active,src_2036ee97788b09bc,provider_claim_only,ai_assisted_research,batch_001_release_005,kaykluz,2026-08-02,,,Human reviewed. Source locator: FAQ questions 3 and 9 list Kenya among operating countries and instruct riders to locate swap stations with the Spiro app.
asrt_bulk_acffef1193f74bc2,product,prod_d123b1e7b49b439e,primary_category_id,cat_engineering_design_simulation,src_c884b377e1fc531b,public_source,ai_assisted_research,batch_001_release_005,kaykluz,2026-08-02,,,Human reviewed. Source locator: IMPACCT Framework paragraph names CLEWs for studying energy linkages with land and water.
asrt_bulk_ad5cb95357c7480f,organisation,org_58b430c887a693da,headquarters_country,ZA,src_8ad2a6fd5ad32af1,independently_evidenced,ai_assisted_research,batch_001_release_001,kaykluz,2026-08-02,,,"Human reviewed. Source locator: Opening two paragraphs identify Growthpoint's South African e-co2 initiative, Fuel Switch partnership and blockchain REC exchange rollout."
asrt_bulk_ad929417660ca48a,deployment,dep_4d45ed97e1038e6d,country_iso2,NG,src_fdebbdff203ee17c,provider_claim_only,ai_assisted_research,batch_001_release_009,kaykluz,2026-08-02,,,"Human reviewed. Source locator: Solution section describing 20 field crews using ArcGIS Survey123 to collect customer, property, meter and equipment information."
asrt_bulk_ae1c097b20c0e7cb,product,prod_90c1269fb6533050,name,Nimbus AMI,src_3fed97da9ebf5a38,provider_claim_only,ai_assisted_research,batch_001_release_012,kaykluz,2026-08-02,,,"Human reviewed. Source locator: SteamaCo Product Suite, 'Nimbus AMI' product block."
asrt_bulk_ae1ccee9d9b4b89d,organisation,org_930efc4050b16d68,website,https://www.kth.se/,src_7c0c0c942fa173cd,provider_claim_only,ai_assisted_research,batch_001_release_013,kaykluz,2026-08-02,,,Human reviewed. Source locator: Main project paragraph describes continent-wide African country and transmission-link coverage and states that the model is open source.
asrt_bulk_ae351b6025d4389d,product,prod_d5b79f9c98ecce44,description,"Standard Transfer Specification prepaid vending platform for electricity, water and gas utilities.",src_19cbb51c9737fa08,provider_claim_only,ai_assisted_research,batch_001_release_011,kaykluz,2026-08-02,,,Human reviewed. Source locator: Launch Platform > NetVend product entry.
asrt_bulk_ae8809f95dde7e24,deployment,dep_44d402bf3aac6e76,started_year,2024,src_d4d68c56788ce4d7,customer_confirmed,ai_assisted_research,batch_001_release_008,kaykluz,2026-08-02,,,"Human reviewed. Source locator: Project at a Glance, Solution and How It Works sections name eThekwini, Plentify HEMS, virtual-power-plant functions and the early-pilot status."
asrt_bulk_aee211db60b7ce7c,organisation,org_d48d027ab1a1011c,name,Open Access Energy,src_8055fc93905afd67,provider_claim_only,ai_assisted_research,batch_001_release_013,kaykluz,2026-08-02,,,Human reviewed. Source locator: Our Solutions / Energypro Transactions section names the product and describes contract and transaction automation.
asrt_bulk_af051516f358dda6,deployment,dep_cc875ff369c6e798,product_id,prod_3b9526941c4a04c6,src_7de3c1f07aa1a7fc,provider_claim_only,ai_assisted_research,batch_001_release_002,kaykluz,2026-08-02,,,"Human reviewed. Source locator: Solution section stating that IoT, smart-meter and RTU data is aggregated with ArcGIS GeoEvent Server to update feature layers."
asrt_bulk_af20fc44f51e8858,organisation,org_df0fd10412aadaab,origin_classification,africa_built,src_0df75f7550839b7c,provider_claim_only,ai_assisted_research,batch_001_release_005,kaykluz,2026-08-02,,,"Human reviewed. Source locator: Kofa app technology and Swap & Go sections describe app-based access, station availability and Ghana/Kenya network operations."
asrt_bulk_af28d3a20c6b15de,deployment,dep_44d402bf3aac6e76,country_iso2,ZA,src_d4d68c56788ce4d7,customer_confirmed,ai_assisted_research,batch_001_release_008,kaykluz,2026-08-02,,,"Human reviewed. Source locator: Project at a Glance, Solution and How It Works sections name eThekwini, Plentify HEMS, virtual-power-plant functions and the early-pilot status."
asrt_bulk_af477b040c2e9d93,product,prod_00904b9e2148c62a,lifecycle_status,active,src_f533c88c1d12d756,provider_claim_only,ai_assisted_research,batch_001_release_002,kaykluz,2026-08-02,,,"Human reviewed. Source locator: Opening product description, 'Adroit IoT Platform', 'Security', 'Services Orientated' and vertical-application paragraph naming Energy."
asrt_bulk_af53ba7f6db1f6c5,product,prod_28e66e28e429e98a,name,Kofa Swap & Go,src_0df75f7550839b7c,provider_claim_only,ai_assisted_research,batch_001_release_005,kaykluz,2026-08-02,,,"Human reviewed. Source locator: Kofa app technology and Swap & Go sections describe app-based access, station availability and Ghana/Kenya network operations."
asrt_bulk_af79a5f41294fe09,product,prod_47d2aba604b42faf,organisation_id,org_907aa74533dc527b,src_c7616caa46f7a0c2,provider_claim_only,ai_assisted_research,batch_001_release_007,kaykluz,2026-08-02,,,Human reviewed. Source locator: Paragraph stating that the ICC platform was upgraded with GE Vernova's GridOS forecasting solution for VRE forecasting and ramping.
asrt_bulk_af7c10a8d64258ac,organisation,org_e7a91741bca86f28,origin_classification,africa_founded_global_hq,src_3fed97da9ebf5a38,provider_claim_only,ai_assisted_research,batch_001_release_003,kaykluz,2026-08-02,,,"Human reviewed. Source locator: SteamaCo Product Suite, 'ThunderBolt' field-force app product block."
asrt_bulk_afeeb7b7df05fd83,product,prod_a99b94237c7e13fa,description,"IoT software for monitoring off-grid solar assets, energy consumption, payments and financed appliances.",src_419b4f8f3ed72377,independently_evidenced,ai_assisted_research,batch_001_release_009,kaykluz,2026-08-02,,,"Human reviewed. Source locator: Project description names PowerPay and describes monitoring, revenue collection, asset management and energy-use tracking; page reports current use in East Africa."
asrt_bulk_b011b085740209ea,product,prod_a3b8555b0b37b5d2,website,https://www.ampersand.energy/,src_06e5f378dc49db18,provider_claim_only,ai_assisted_research,batch_001_release_003,kaykluz,2026-08-02,,,"Human reviewed. Source locator: Our Technology section names AmperOps and describes fleet-management, telemetry and predictive battery-lifespan optimisation."
asrt_bulk_b0324c08f6173fb3,product,prod_7a974ed97072233c,description,Utility billing platform for metered services with additional and recurring billing and municipal general-ledger export support.,src_19cbb51c9737fa08,provider_claim_only,ai_assisted_research,batch_001_release_011,kaykluz,2026-08-02,,,Human reviewed. Source locator: Launch Platform > NetFin product entry.
asrt_bulk_b032fe1b6285c1e8,product,prod_84da79537e9d2e53,description,"Energy-data integration product using APIs, secure file transfer and workflow orchestration to consolidate internal and external data sources.",src_33e8d065011165de,provider_claim_only,ai_assisted_research,batch_001_release_002,kaykluz,2026-08-02,,,"Human reviewed. Source locator: Opening overview, Details and Features sections; Output Examples include grid GIS outputs."
asrt_bulk_b0b69f283d5795bc,organisation,org_99b1e294a6715f25,website,https://www.netelek.co.za/,src_19cbb51c9737fa08,provider_claim_only,ai_assisted_research,batch_001_release_011,kaykluz,2026-08-02,,,Human reviewed. Source locator: Launch Platform > NetVend product entry.
asrt_bulk_b1321fb789c6f685,organisation,org_6894f264f4bd16ed,name,ENERGIC,src_09a3d01a3a3a8b9a,provider_claim_only,ai_assisted_research,batch_001_release_004,kaykluz,2026-08-02,,,Human reviewed. Source locator: Homepage headings 'The Complete EV Charging Software Platform' and location section identifying Egypt.
asrt_bulk_b148ca7c3c77f270,organisation,org_a2926a5df5cdd48c,website,https://www.iea.org/,src_6fa288b6cac304e9,provider_claim_only,ai_assisted_research,batch_001_release_010,kaykluz,2026-08-02,,,"Human reviewed. Source locator: Opening product description names the IEA-MIT collaboration, open-source status and sub-Saharan Africa coverage."
asrt_bulk_b14b30ced31a44b6,organisation,org_907aa74533dc527b,country_of_origin,US,src_c7616caa46f7a0c2,provider_claim_only,ai_assisted_research,batch_001_release_013,kaykluz,2026-08-02,,,Human reviewed. Source locator: Opening announcement and ICC technology list naming an Energy Management System engineered for dispatching.
asrt_bulk_b18049036f39021d,product,prod_5c44515448aa55ab,sector_id,sector_power_utilities,src_3fed97da9ebf5a38,provider_claim_only,ai_assisted_research,batch_001_release_003,kaykluz,2026-08-02,,,"Human reviewed. Source locator: SteamaCo Product Suite, 'ThunderBolt' field-force app product block."
asrt_bulk_b1c336332b474bc1,product,prod_b57d9407040b6d6d,organisation_id,org_7951c70ccd95064f,src_31fdc6b36c19f321,provider_claim_only,ai_assisted_research,batch_001_release_011,kaykluz,2026-08-02,,,Human reviewed. Source locator: Opening platform summary; 'The platform'; 'What we meter'; 'How it works'; FAQ; footer address.
asrt_bulk_b2446f5d7e1627f7,product,prod_fbd4ec7d619dc446,description,"Cloud engineering software that automates utility-scale photovoltaic layout, cable routing, equipment placement, loss analysis and technical-document generation.",src_b587f5fa42612646,public_source,ai_assisted_research,batch_001_release_005,kaykluz,2026-08-02,,,"Human reviewed. Source locator: Winner profile, paragraphs describing 7Secondsolar's Cape Town headquarters and AutoPV functions, plus Contact Data."
asrt_bulk_b3e4a9e06e18320b,deployment,dep_4d45ed97e1038e6d,lifecycle_status,active,src_fdebbdff203ee17c,provider_claim_only,ai_assisted_research,batch_001_release_009,kaykluz,2026-08-02,,,"Human reviewed. Source locator: Solution section describing 20 field crews using ArcGIS Survey123 to collect customer, property, meter and equipment information."
asrt_bulk_b3eec2bf399ddf6a,product,prod_870e878724216eb1,primary_category_id,cat_generation_storage_operations,src_85884b03ae89ab9b,independently_evidenced,ai_assisted_research,batch_001_release_008,kaykluz,2026-08-02,,,"Human reviewed. Source locator: Project at a Glance, Solution, How It Works and Results So Far sections name the platform and describe real-world operator use across sub-Saharan Africa."
asrt_bulk_b4240b4b9e8aba1d,product,prod_d123b1e7b49b439e,organisation_id,org_b4e978f005016067,src_c884b377e1fc531b,public_source,ai_assisted_research,batch_001_release_005,kaykluz,2026-08-02,,,Human reviewed. Source locator: IMPACCT Framework paragraph names CLEWs for studying energy linkages with land and water.
asrt_bulk_b456293a12cba9fa,product,prod_84787f6a75dff4dd,access_model,commercial,src_d151cbedc6c4759e,provider_claim_only,ai_assisted_research,batch_001_release_008,kaykluz,2026-08-02,,,"Human reviewed. Source locator: Daystar Power case block: Nigeria, Ghana, Togo and Senegal; 200+ sites; customer quotation describing AMMP as an operations tool."
asrt_bulk_b47f8c0332c7febe,organisation,org_b4e978f005016067,name,Climate Compatible Growth,src_c884b377e1fc531b,public_source,ai_assisted_research,batch_001_release_001,kaykluz,2026-08-02,,,Human reviewed. Source locator: IMPACCT Framework paragraph identifies PathCalc for interactively visualising carbon emissions.
asrt_bulk_b4be2e3cc5bf053e,organisation,org_930efc4050b16d68,name,KTH Royal Institute of Technology,src_7c0c0c942fa173cd,provider_claim_only,ai_assisted_research,batch_001_release_013,kaykluz,2026-08-02,,,Human reviewed. Source locator: Main project paragraph describes continent-wide African country and transmission-link coverage and states that the model is open source.
asrt_bulk_b500fada9c6dd029,product,prod_7a974ed97072233c,primary_category_id,cat_retail_metering_billing_payments,src_19cbb51c9737fa08,provider_claim_only,ai_assisted_research,batch_001_release_011,kaykluz,2026-08-02,,,Human reviewed. Source locator: Launch Platform > NetFin product entry.
asrt_bulk_b52570a11faff41a,organisation,org_99b1e294a6715f25,website,https://www.netelek.co.za/,src_19cbb51c9737fa08,provider_claim_only,ai_assisted_research,batch_001_release_010,kaykluz,2026-08-02,,,Human reviewed. Source locator: Launch Platform > NetMaps product entry.
asrt_bulk_b58a3f4455025a32,organisation,org_36577bb3608ee5a3,website,https://www.ampersand.energy/,src_0a4fa31247a1d3c3,provider_claim_only,ai_assisted_research,batch_001_release_003,kaykluz,2026-08-02,,,Human reviewed. Source locator: Technology page section on the Driver App describes checking battery level and finding a swap station.
asrt_bulk_b5cb0642f0d44ad8,organisation,org_a8add2f3b4fe90af,origin_classification,public_or_open_infrastructure,src_a9aeffadb63a1fef,provider_claim_only,ai_assisted_research,batch_001_release_006,kaykluz,2026-08-02,,,"Human reviewed. Source locator: Opening paragraph states that OSeMOSYS has been used for African Power Pools and other continental, country and village models."
asrt_bulk_b5ddb06b9c9c89f5,product,prod_dfff8365390e2421,name,Kofa Fleet Platform,src_0df75f7550839b7c,provider_claim_only,ai_assisted_research,batch_001_release_004,kaykluz,2026-08-02,,,"Human reviewed. Source locator: Fleet Management feature explicitly names the Kofa Fleet Platform and describes rider access, purchases and running-cost management."
asrt_bulk_b620ae363558aaad,product,prod_ad4f1a22ff85d12b,description,"A platform for PPA administration, portfolio planning, generation-load matching, energy aggregation, allocations, optimisation and forecasting.",src_705592f873593725,provider_claim_only,ai_assisted_research,batch_001_release_013,kaykluz,2026-08-02,,,Human reviewed. Source locator: Opening paragraph and complete energy trading platform feature list; contact block gives the Cape Town address.
asrt_bulk_b6392b0cbce306fc,product,prod_d6cc37a1cf2d1294,lifecycle_status,active,src_978f6fdd465962a6,provider_claim_only,ai_assisted_research,batch_001_release_006,kaykluz,2026-08-02,,,Human reviewed. Source locator: README introduction and cited paper identify the open model and its demonstration in Africa.
asrt_bulk_b69a15a84f8b9e70,product,prod_4862d10385138cf5,organisation_id,org_e33da6f90fe33e3b,src_4b7adae0776349b3,provider_claim_only,ai_assisted_research,batch_001_release_001,kaykluz,2026-08-02,,,"Human reviewed. Source locator: Key Features sections describe generation validation, device management, certificate tokens and eligible mini-grid and solar-home-system devices."
asrt_bulk_b6cce9d4c78e560b,organisation,org_6813554323495fa0,origin_classification,africa_built,src_705592f873593725,provider_claim_only,ai_assisted_research,batch_001_release_013,kaykluz,2026-08-02,,,Human reviewed. Source locator: Opening paragraph and complete energy trading platform feature list; contact block gives the Cape Town address.
asrt_bulk_b6ef26a2f8b143cb,organisation,org_7245d69e568dc70a,origin_classification,africa_built,src_85884b03ae89ab9b,independently_evidenced,ai_assisted_research,batch_001_release_008,kaykluz,2026-08-02,,,"Human reviewed. Source locator: Project at a Glance, Solution, How It Works and Results So Far sections name the platform and describe real-world operator use across sub-Saharan Africa."
asrt_bulk_b6f16283800e260f,organisation,org_2e848005aab6ebe8,website,https://www.energyaccessexplorer.org/,src_c884b377e1fc531b,public_source,ai_assisted_research,batch_001_release_011,kaykluz,2026-08-02,,,Human reviewed. Source locator: EAE description and IMPACCT Framework paragraph identify the tool for priority-area and energy-access planning.
asrt_bulk_b712e47c37fcc034,product,prod_642f0da0b4e417a3,access_model,commercial,src_de00f697c22cfe83,provider_claim_only,ai_assisted_research,batch_001_release_004,kaykluz,2026-08-02,,,"Human reviewed. Source locator: Featured Product and All-in-one EV Charging Software Management sections name Pika EV Drive and list station, session and smart-energy controls; page gives Cairo headquarters."
asrt_bulk_b7866117df9d14e6,product,prod_8cc55e7483a66134,access_model,commercial,src_daca46ab58257600,provider_claim_only,ai_assisted_research,batch_001_release_012,kaykluz,2026-08-02,,,Human reviewed. Source locator: Sections 'Our solutions' and 'ELDO's Energy App'.
asrt_bulk_b7993cfa67182bae,product,prod_4a59c1c6110c4219,access_model,commercial,src_e1397f8d9f1aec2c,provider_claim_only,ai_assisted_research,batch_001_release_011,kaykluz,2026-08-02,,,"Human reviewed. Source locator: Opening product description, Key product features and Value-added service offering."
asrt_bulk_b7b8a051a37671be,product,prod_a3b8555b0b37b5d2,primary_category_id,cat_emobility_battery_networks,src_06e5f378dc49db18,provider_claim_only,ai_assisted_research,batch_001_release_003,kaykluz,2026-08-02,,,"Human reviewed. Source locator: Our Technology section names AmperOps and describes fleet-management, telemetry and predictive battery-lifespan optimisation."
asrt_bulk_b7dbc67a013f8e18,product,prod_54cb1b174fd192ac,name,MINFin,src_c884b377e1fc531b,public_source,ai_assisted_research,batch_001_release_007,kaykluz,2026-08-02,,,Human reviewed. Source locator: IMPACCT Framework finance paragraph names MINFin for developing national climate-finance strategies.
asrt_bulk_b7f2d1939573a0f6,product,prod_d123b1e7b49b439e,access_model,open_source,src_c884b377e1fc531b,public_source,ai_assisted_research,batch_001_release_005,kaykluz,2026-08-02,,,Human reviewed. Source locator: IMPACCT Framework paragraph names CLEWs for studying energy linkages with land and water.
asrt_bulk_b7fc08428d02b887,product,prod_a3b8555b0b37b5d2,lifecycle_status,active,src_06e5f378dc49db18,provider_claim_only,ai_assisted_research,batch_001_release_003,kaykluz,2026-08-02,,,"Human reviewed. Source locator: Our Technology section names AmperOps and describes fleet-management, telemetry and predictive battery-lifespan optimisation."
asrt_bulk_b84a7e1a0e0c0883,product,prod_4add1d20552ca8e8,lifecycle_status,active,src_c70678946460cecc,provider_claim_only,ai_assisted_research,batch_001_release_001,kaykluz,2026-08-02,,,"Human reviewed. Source locator: Products section, 'Energy Management System'; Contacts section gives the Giza, Egypt address."
asrt_bulk_b8e9805ef0452699,product,prod_4add1d20552ca8e8,description,An energy-management tool for operational efficiency and emissions reduction in industrial and telecom infrastructure.,src_c70678946460cecc,provider_claim_only,ai_assisted_research,batch_001_release_001,kaykluz,2026-08-02,,,"Human reviewed. Source locator: Products section, 'Energy Management System'; Contacts section gives the Giza, Egypt address."
asrt_bulk_b8f1c95bf3274cc2,deployment,dep_cc875ff369c6e798,country_iso2,NG,src_7de3c1f07aa1a7fc,provider_claim_only,ai_assisted_research,batch_001_release_002,kaykluz,2026-08-02,,,"Human reviewed. Source locator: Solution section stating that IoT, smart-meter and RTU data is aggregated with ArcGIS GeoEvent Server to update feature layers."
asrt_bulk_b93b3285533d84d6,product,prod_14d47cbe194106c4,website,https://nigeria.bboxx.com/technology/,src_2f4a7e763bb7e671,provider_claim_only,ai_assisted_research,batch_001_release_009,kaykluz,2026-08-02,,,Human reviewed. Source locator: Country profile opening paragraphs: operations launched as Bboxx in 2023 and use Bboxx Pulse in Mali.
asrt_bulk_b94e52de33f2cef7,organisation,org_063aba978073ba5d,origin_classification,africa_built,src_5d32c0903dfe6e9c,provider_claim_only,ai_assisted_research,batch_001_release_011,kaykluz,2026-08-02,,,"Human reviewed. Source locator: Sections 'Download the Citiq app' and 'Manage your utilities on the go', plus the statement that the technology is locally built in South Africa."
asrt_bulk_ba300a28a97c2413,product,prod_99b7bcd9a368219b,access_model,open_source,src_c884b377e1fc531b,public_source,ai_assisted_research,batch_001_release_009,kaykluz,2026-08-02,,,Human reviewed. Source locator: IMPACCT Framework paragraph names NISMOD for national infrastructure planning.
asrt_bulk_bacfb246b5c36bbf,product,prod_fcaaff4768a60d65,website,https://climatecompatiblegrowth.com/international-partnerships/data-and-tools/modelling-tools-and-frameworks/,src_c884b377e1fc531b,public_source,ai_assisted_research,batch_001_release_007,kaykluz,2026-08-02,,,Human reviewed. Source locator: Model Integration / IMPACCT Framework paragraph identifies MAED for energy-demand assessments.
asrt_bulk_baff1d8ac2532e13,organisation,org_5d4d39fbfe878d2c,country_of_origin,EG,src_de00f697c22cfe83,provider_claim_only,ai_assisted_research,batch_001_release_004,kaykluz,2026-08-02,,,"Human reviewed. Source locator: Featured Product and All-in-one EV Charging Software Management sections name Pika EV Drive and list station, session and smart-energy controls; page gives Cairo headquarters."
asrt_bulk_bb90fd630cc42ad2,product,prod_3464ecbd2a2298cc,organisation_id,org_530820839614a2eb,src_1aba15c2ac9250fc,provider_claim_only,ai_assisted_research,batch_001_release_009,kaykluz,2026-08-02,,,"Human reviewed. Source locator: Solution paragraph selecting ArcGIS Enterprise and Results paragraphs stating installation in 2018, portal deployment, dashboards and spatial analysis."
asrt_bulk_bb9a8f6c82561b06,organisation,org_c60ee59766bb7296,country_of_origin,ZA,src_d4d68c56788ce4d7,customer_confirmed,ai_assisted_research,batch_001_release_008,kaykluz,2026-08-02,,,"Human reviewed. Source locator: Project at a Glance, Solution and How It Works sections name eThekwini, Plentify HEMS, virtual-power-plant functions and the early-pilot status."
asrt_bulk_bbd77f3fe6e04350,product,prod_3e36972ea2d29b21,website,https://www.prnewswire.com/news-releases/newsbyte-city-of-cape-town-empowers-commercial-and-industrial-customers-with-sap-ami-integration-for-utilities-software-148054465.html,src_02027067a2b6f47d,provider_claim_only,ai_assisted_research,batch_001_release_002,kaykluz,2026-08-02,,,"Human reviewed. Source locator: Paragraphs dated April 19, 2012 stating successful go-live, remote meter reads, MDUS integration and continuous exchange with SAP for Utilities."
asrt_bulk_bbd8a120625cfd0b,organisation,org_6813554323495fa0,headquarters_country,ZA,src_705592f873593725,provider_claim_only,ai_assisted_research,batch_001_release_013,kaykluz,2026-08-02,,,Human reviewed. Source locator: Opening paragraph and complete energy trading platform feature list; contact block gives the Cape Town address.
asrt_bulk_bbf1795500904009,organisation,org_907aa74533dc527b,country_of_origin,US,src_c7616caa46f7a0c2,provider_claim_only,ai_assisted_research,batch_001_release_007,kaykluz,2026-08-02,,,Human reviewed. Source locator: Paragraph stating that the ICC platform was upgraded with GE Vernova's GridOS forecasting solution for VRE forecasting and ramping.
asrt_bulk_bbf7607823193962,deployment,dep_44d402bf3aac6e76,customer_disclosure,named,src_d4d68c56788ce4d7,customer_confirmed,ai_assisted_research,batch_001_release_008,kaykluz,2026-08-02,,,"Human reviewed. Source locator: Project at a Glance, Solution and How It Works sections name eThekwini, Plentify HEMS, virtual-power-plant functions and the early-pilot status."
asrt_bulk_bc12cd6861844edb,product,prod_5ace380c4742b933,website,https://poweroptimal.com/,src_afd975f932305487,provider_claim_only,ai_assisted_research,batch_001_release_001,kaykluz,2026-08-02,,,"Human reviewed. Source locator: Introduction: the Elon Smart Water Solution includes hardware, a mobile app and a cloud services platform; About page states the IP and manufacturing are South African."
asrt_bulk_bc3be0f498d28d04,organisation,org_99b1e294a6715f25,name,Netelek,src_19cbb51c9737fa08,provider_claim_only,ai_assisted_research,batch_001_release_011,kaykluz,2026-08-02,,,Human reviewed. Source locator: Launch Platform > NetVend product entry.
asrt_bulk_bca5db848f68da61,product,prod_99b7bcd9a368219b,name,NISMOD,src_c884b377e1fc531b,public_source,ai_assisted_research,batch_001_release_009,kaykluz,2026-08-02,,,Human reviewed. Source locator: IMPACCT Framework paragraph names NISMOD for national infrastructure planning.
asrt_bulk_bccf5fa389de6b94,product,prod_1b711e547ec33e4e,lifecycle_status,active,src_49525542a4a0aa7a,public_source,ai_assisted_research,batch_001_release_010,kaykluz,2026-08-02,,,Human reviewed. Source locator: Industry and Think Tanks section names the IRENA West Africa Electrification Platform and its investment-scenario coverage.
asrt_bulk_bd34968783baa792,product,prod_3b9526941c4a04c6,website,https://www.esri.com/en-us/arcgis/products/arcgis-geoevent-server/overview,src_7de3c1f07aa1a7fc,provider_claim_only,ai_assisted_research,batch_001_release_002,kaykluz,2026-08-02,,,"Human reviewed. Source locator: Solution section stating that IoT, smart-meter and RTU data is aggregated with ArcGIS GeoEvent Server to update feature layers."
asrt_bulk_bd7978d41eb93532,product,prod_fbd4ec7d619dc446,access_model,commercial,src_b587f5fa42612646,public_source,ai_assisted_research,batch_001_release_005,kaykluz,2026-08-02,,,"Human reviewed. Source locator: Winner profile, paragraphs describing 7Secondsolar's Cape Town headquarters and AutoPV functions, plus Contact Data."
asrt_bulk_bd9e56386782cb53,organisation,org_36577bb3608ee5a3,origin_classification,africa_built,src_06e5f378dc49db18,provider_claim_only,ai_assisted_research,batch_001_release_003,kaykluz,2026-08-02,,,"Human reviewed. Source locator: Our Technology section names AmperOps and describes fleet-management, telemetry and predictive battery-lifespan optimisation."
asrt_bulk_be1b52d4ad0c69df,organisation,org_ccaab0a9973b7404,name,EV Node,src_ad5d15b92aa2776d,provider_claim_only,ai_assisted_research,batch_001_release_004,kaykluz,2026-08-02,,,"Human reviewed. Source locator: Homepage 'Now live across Egypt' and feature sections describe the wallet, map, availability and session records."
asrt_bulk_be3693d2032f4698,organisation,org_39703db4e82ec396,headquarters_country,ZA,src_966853451e9815ad,provider_claim_only,ai_assisted_research,batch_001_release_005,kaykluz,2026-08-02,,,Human reviewed. Source locator: Locate & Control Your Charge Sessions and Seamless Payments sections; introduction states the app is for drivers in South Africa.
asrt_bulk_be7edd49166902e1,organisation,org_d48d027ab1a1011c,website,https://openaccess.energy/,src_728b5d57ef518817,provider_claim_only,ai_assisted_research,batch_001_release_012,kaykluz,2026-08-02,,,Human reviewed. Source locator: Opening product description and 'Key Capabilities' list; call-to-action names George Municipality as a user.
asrt_bulk_bedad9bf25407d1d,product,prod_1b711e547ec33e4e,organisation_id,org_1f5127f2c1cec727,src_49525542a4a0aa7a,public_source,ai_assisted_research,batch_001_release_010,kaykluz,2026-08-02,,,Human reviewed. Source locator: Industry and Think Tanks section names the IRENA West Africa Electrification Platform and its investment-scenario coverage.
asrt_bulk_bef6adaa1c20fcca,product,prod_faed4459e7d6ab27,website,https://www.esri.com/en-us/arcgis/products/arcgis-survey123/overview,src_fdebbdff203ee17c,provider_claim_only,ai_assisted_research,batch_001_release_009,kaykluz,2026-08-02,,,"Human reviewed. Source locator: Solution section describing 20 field crews using ArcGIS Survey123 to collect customer, property, meter and equipment information."
asrt_bulk_befe373bb928a1c7,product,prod_76e1cb9631e5da42,website,https://arcrideglobal.com/bidii-boda,src_1fd4de155f438bff,provider_claim_only,ai_assisted_research,batch_001_release_003,kaykluz,2026-08-02,,,Human reviewed. Source locator: FAQ answer to 'Where can I swap batteries' states that cabinets are deployed across Nairobi and can be found using the mobile app.
asrt_bulk_beff1714ec3f5452,product,prod_dc72bea09d0725f4,access_model,commercial,src_ad5d15b92aa2776d,provider_claim_only,ai_assisted_research,batch_001_release_004,kaykluz,2026-08-02,,,"Human reviewed. Source locator: Homepage 'Now live across Egypt' and feature sections describe the wallet, map, availability and session records."
asrt_bulk_bf31d330a01400b1,organisation,org_b9fc077cac046000,country_of_origin,ZA,src_2a5c99c65a3533f8,provider_claim_only,ai_assisted_research,batch_001_release_002,kaykluz,2026-08-02,,,"Human reviewed. Source locator: About Company; Who is Smart-View Technology; Analytics, Machine Learning & Reporting; Our Location."
asrt_bulk_bfde6fced7607ffd,organisation,org_d48d027ab1a1011c,country_of_origin,ZA,src_8055fc93905afd67,provider_claim_only,ai_assisted_research,batch_001_release_012,kaykluz,2026-08-02,,,Human reviewed. Source locator: Our Solutions / Energypro Marketplace section describes renewable-electricity sourcing and the page identifies South African wheeling operations.
asrt_bulk_bff3288ca0809636,product,prod_b91aa7029d7054cd,description,"Software-as-a-service platform for real-time utility monitoring, anomaly detection, bill creation and verification, analytics and sustainability reporting.",src_2a5c99c65a3533f8,provider_claim_only,ai_assisted_research,batch_001_release_002,kaykluz,2026-08-02,,,"Human reviewed. Source locator: About Company; Who is Smart-View Technology; Analytics, Machine Learning & Reporting; Our Location."
asrt_bulk_bff5e2d75a068a6c,product,prod_4c1eb1c96a6e5afa,description,Open-source model generator for interconnected global or regional energy-system models.,src_006b50f09716afd0,provider_claim_only,ai_assisted_research,batch_001_release_006,kaykluz,2026-08-02,,,"Human reviewed. Source locator: Opening description identifies the software as an open-source, open-data model generator for any geographic subset of the globe."
asrt_bulk_c040b1708b19e778,product,prod_7ca64cacd469d465,description,"Guided renewable-project platform covering site-data intake, feasibility analysis, design specification, installer procurement and delivery oversight.",src_c563b254a72836d5,provider_claim_only,ai_assisted_research,batch_001_release_007,kaykluz,2026-08-02,,,"Human reviewed. Source locator: Sections 'What is SOLINK Core?' and 'How SOLINK Core Works', steps 01 through 04."
asrt_bulk_c04d868e1e0bd2fa,deployment,dep_621d5c7586b993f8,country_iso2,SO,src_a1861482fff6a50d,independently_evidenced,ai_assisted_research,batch_001_release_003,kaykluz,2026-08-02,,,"Human reviewed. Source locator: Sections 'Connecting Displaced Communities' and 'Powering Business', especially the introduction of SparkMeter prepaid meters and transfer of remaining connections to BECO."
asrt_bulk_c0d90bc56fe59a1d,product,prod_d6cc37a1cf2d1294,description,Open-source multi-energy optimisation model with global data workflows and African demonstrations.,src_978f6fdd465962a6,provider_claim_only,ai_assisted_research,batch_001_release_006,kaykluz,2026-08-02,,,Human reviewed. Source locator: README introduction and cited paper identify the open model and its demonstration in Africa.
asrt_bulk_c114667097dec913,product,prod_4c1eb1c96a6e5afa,open_source_url,https://github.com/OSeMOSYS/osemosys_global,src_006b50f09716afd0,provider_claim_only,ai_assisted_research,batch_001_release_006,kaykluz,2026-08-02,,,"Human reviewed. Source locator: Opening description identifies the software as an open-source, open-data model generator for any geographic subset of the globe."
asrt_bulk_c128e56f518496b1,product,prod_dafd91d42f6636f9,organisation_id,org_d48d027ab1a1011c,src_728b5d57ef518817,provider_claim_only,ai_assisted_research,batch_001_release_012,kaykluz,2026-08-02,,,Human reviewed. Source locator: Opening product description and 'Key Capabilities' list; call-to-action names George Municipality as a user.
asrt_bulk_c146f81be7871535,product,prod_5cabfd347277fd43,sector_id,sector_distributed_energy_access,src_6fa288b6cac304e9,provider_claim_only,ai_assisted_research,batch_001_release_010,kaykluz,2026-08-02,,,"Human reviewed. Source locator: Opening product description names the IEA-MIT collaboration, open-source status and sub-Saharan Africa coverage."
asrt_bulk_c1672e42c3bbed34,deployment,dep_3bf37cad1e299f2e,customer_name,West African Power Pool,src_c7616caa46f7a0c2,provider_claim_only,ai_assisted_research,batch_001_release_013,kaykluz,2026-08-02,,,Human reviewed. Source locator: Opening announcement and ICC technology list naming an Energy Management System engineered for dispatching.
asrt_bulk_c1be957bd9eacda6,product,prod_c0f44036c2631600,description,Model for estimating foregone revenue from early retirement of fossil-fuel power plants.,src_c884b377e1fc531b,public_source,ai_assisted_research,batch_001_release_006,kaykluz,2026-08-02,,,Human reviewed. Source locator: IMPACCT Framework paragraph names FFRM for analysing foregone revenue from early fossil-plant shutdowns.
asrt_bulk_c1f434f938bdcbf2,organisation,org_14ddaae613b81fe5,website,https://play.google.com/store/apps/details?id=com.estations.ma,src_4acfd42725b98b4e,provider_claim_only,ai_assisted_research,batch_001_release_004,kaykluz,2026-08-02,,,"Human reviewed. Source locator: About this app section describes live charging discovery, availability, remote start/stop and payments; developer address is in Rabat, Morocco."
asrt_bulk_c21ce88d48c71cd1,organisation,org_b4e978f005016067,website,https://climatecompatiblegrowth.com/,src_c884b377e1fc531b,public_source,ai_assisted_research,batch_001_release_007,kaykluz,2026-08-02,,,Human reviewed. Source locator: IMPACCT Framework finance paragraph names MINFin for developing national climate-finance strategies.
asrt_bulk_c25a982153bf6872,product,prod_50515a6186c6f41d,lifecycle_status,active,src_8663e6ac3734b42a,provider_claim_only,ai_assisted_research,batch_001_release_008,kaykluz,2026-08-02,,,"Human reviewed. Source locator: Sections 'EMS Software | Monitoring & Control', 'Key functionalities' and FAQs; Solar MD contact page identifies Cape Town as the Africa head office."
asrt_bulk_c25b5dd0e8f2b530,product,prod_fbd4ec7d619dc446,sector_id,sector_generation_storage,src_b587f5fa42612646,public_source,ai_assisted_research,batch_001_release_005,kaykluz,2026-08-02,,,"Human reviewed. Source locator: Winner profile, paragraphs describing 7Secondsolar's Cape Town headquarters and AutoPV functions, plus Contact Data."
asrt_bulk_c25b72fc57bfa8a8,deployment,dep_621d5c7586b993f8,customer_disclosure,named,src_a1861482fff6a50d,independently_evidenced,ai_assisted_research,batch_001_release_003,kaykluz,2026-08-02,,,"Human reviewed. Source locator: Sections 'Connecting Displaced Communities' and 'Powering Business', especially the introduction of SparkMeter prepaid meters and transfer of remaining connections to BECO."
asrt_bulk_c2a667a3678d5404,organisation,org_b5a699ab229742b6,name,Enerweb,src_33e8d065011165de,provider_claim_only,ai_assisted_research,batch_001_release_002,kaykluz,2026-08-02,,,"Human reviewed. Source locator: Opening overview, Details and Features sections; Output Examples include grid GIS outputs."
asrt_bulk_c2e63eed4a3752df,product,prod_6105cb20d5181a16,description,Open-source interface for generating custom electrification outlooks in real time.,src_a6c915fb6879f499,public_source,ai_assisted_research,batch_001_release_010,kaykluz,2026-08-02,,,Human reviewed. Source locator: Paragraph beginning 'The GEP Explorer is complemented' names the GEP Generator and describes custom scenario generation.
asrt_bulk_c3d7ece12b542a71,organisation,org_d48d027ab1a1011c,name,Open Access Energy,src_728b5d57ef518817,provider_claim_only,ai_assisted_research,batch_001_release_012,kaykluz,2026-08-02,,,Human reviewed. Source locator: Opening product description and 'Key Capabilities' list; call-to-action names George Municipality as a user.
asrt_bulk_c49d78aad36796bf,organisation,org_df0fd10412aadaab,headquarters_country,GH,src_0df75f7550839b7c,provider_claim_only,ai_assisted_research,batch_001_release_004,kaykluz,2026-08-02,,,"Human reviewed. Source locator: Fleet Management feature explicitly names the Kofa Fleet Platform and describes rider access, purchases and running-cost management."
asrt_bulk_c4a02fc9b9660e55,deployment,dep_9f93d6392cac38f3,country_iso2,BJ,src_c7616caa46f7a0c2,provider_claim_only,ai_assisted_research,batch_001_release_013,kaykluz,2026-08-02,,,Human reviewed. Source locator: Opening announcement and ICC technology list naming a Wide Area Monitoring System designed for grid stability.
asrt_bulk_c4aa18507b8a57ed,organisation,org_530820839614a2eb,origin_classification,global_deployed_in_africa,src_fdebbdff203ee17c,provider_claim_only,ai_assisted_research,batch_001_release_009,kaykluz,2026-08-02,,,"Human reviewed. Source locator: Solution section describing 20 field crews using ArcGIS Survey123 to collect customer, property, meter and equipment information."
asrt_bulk_c4ff672c9cf509ff,organisation,org_32b8d4d2ec475f59,headquarters_country,DE,src_02027067a2b6f47d,provider_claim_only,ai_assisted_research,batch_001_release_002,kaykluz,2026-08-02,,,"Human reviewed. Source locator: Paragraphs dated April 19, 2012 stating successful go-live, remote meter reads, MDUS integration and continuous exchange with SAP for Utilities."
asrt_bulk_c550eefff2720dd7,product,prod_09961473d83843e4,access_model,open_source,src_c884b377e1fc531b,public_source,ai_assisted_research,batch_001_release_007,kaykluz,2026-08-02,,,Human reviewed. Source locator: Model Integration / IMPACCT Framework paragraph names FlexTool for evaluating power-system flexibility from OSeMOSYS results.
asrt_bulk_c57a50ebb4655220,product,prod_a3b8555b0b37b5d2,name,AmperOps,src_06e5f378dc49db18,provider_claim_only,ai_assisted_research,batch_001_release_003,kaykluz,2026-08-02,,,"Human reviewed. Source locator: Our Technology section names AmperOps and describes fleet-management, telemetry and predictive battery-lifespan optimisation."
asrt_bulk_c5ffeab3555c08f2,product,prod_353718ec5630f5cc,sector_id,sector_power_utilities,src_d129bd0549b7a8a2,provider_claim_only,ai_assisted_research,batch_001_release_007,kaykluz,2026-08-02,,,"Human reviewed. Source locator: Opening product overview, Data-driven Process and Features sections."
asrt_bulk_c628cb35e84f529a,organisation,org_60c02033635240b1,origin_classification,public_or_open_infrastructure,src_c884b377e1fc531b,public_source,ai_assisted_research,batch_001_release_007,kaykluz,2026-08-02,,,Human reviewed. Source locator: IMPACCT Framework finance paragraph names FINPLAN for evaluating financial viability of utility-scale projects.
asrt_bulk_c64f2c1609bf8fc4,product,prod_99b7bcd9a368219b,primary_category_id,cat_planning_geospatial,src_c884b377e1fc531b,public_source,ai_assisted_research,batch_001_release_009,kaykluz,2026-08-02,,,Human reviewed. Source locator: IMPACCT Framework paragraph names NISMOD for national infrastructure planning.
asrt_bulk_c6642b772592769e,product,prod_786ef0a3b218061b,sector_id,sector_generation_storage,src_75449c38606a534e,independently_evidenced,ai_assisted_research,batch_001_release_008,kaykluz,2026-08-02,,,"Human reviewed. Source locator: Project description and Key milestones sections identify the Kenya-based SaaS platform, functions and pilot integrations."
asrt_bulk_c67724a73f0eb1ed,product,prod_3c464ba494208cc0,access_model,open_source,src_c884b377e1fc531b,public_source,ai_assisted_research,batch_001_release_001,kaykluz,2026-08-02,,,Human reviewed. Source locator: IMPACCT Framework paragraph identifies PathCalc for interactively visualising carbon emissions.
asrt_bulk_c6968df5ab9f175a,product,prod_b91aa7029d7054cd,access_model,commercial,src_2a5c99c65a3533f8,provider_claim_only,ai_assisted_research,batch_001_release_002,kaykluz,2026-08-02,,,"Human reviewed. Source locator: About Company; Who is Smart-View Technology; Analytics, Machine Learning & Reporting; Our Location."
asrt_bulk_c6daea2248d7fc4e,organisation,org_515b5b14c4e13ea8,headquarters_country,ZA,src_daca46ab58257600,provider_claim_only,ai_assisted_research,batch_001_release_012,kaykluz,2026-08-02,,,Human reviewed. Source locator: Sections 'Our solutions' and 'ELDO's Energy App'.
asrt_bulk_c6f25bf35dc15bea,product,prod_4add1d20552ca8e8,sector_id,sector_commercial_industrial,src_c70678946460cecc,provider_claim_only,ai_assisted_research,batch_001_release_001,kaykluz,2026-08-02,,,"Human reviewed. Source locator: Products section, 'Energy Management System'; Contacts section gives the Giza, Egypt address."
asrt_bulk_c72f9cbc37156c57,product,prod_a65525f1816d4864,sector_id,sector_distributed_energy_access,src_80750634d4eb4e8f,public_source,ai_assisted_research,batch_001_release_010,kaykluz,2026-08-02,,,Human reviewed. Source locator: Congo Epela Platform subsection identifies Resource Matters and the DRC least-cost electrification application.
asrt_bulk_c777e02724f0e0f6,product,prod_bc70438d15454ac9,description,Synchrophasor-based wide-area grid monitoring software for near-real-time visibility and transmission-system stability analysis.,src_c7616caa46f7a0c2,provider_claim_only,ai_assisted_research,batch_001_release_013,kaykluz,2026-08-02,,,Human reviewed. Source locator: Opening announcement and ICC technology list naming a Wide Area Monitoring System designed for grid stability.
asrt_bulk_c791cdff4132cd1b,product,prod_7dc0a9bb41944d44,description,Driver application for monitoring battery state and navigating to battery-swap stations.,src_0a4fa31247a1d3c3,provider_claim_only,ai_assisted_research,batch_001_release_003,kaykluz,2026-08-02,,,Human reviewed. Source locator: Technology page section on the Driver App describes checking battery level and finding a swap station.
asrt_bulk_c7e98929e0a48708,product,prod_af06988b7962e214,organisation_id,org_6d53c1b9743e7ec9,src_a007594faa6d6482,provider_claim_only,ai_assisted_research,batch_001_release_004,kaykluz,2026-08-02,,,"Human reviewed. Source locator: Homepage section on the national network names ChargePocket and describes its live map, charger details, sessions and payments."
asrt_bulk_c821fd4a3666a6cc,product,prod_5ace380c4742b933,lifecycle_status,active,src_afd975f932305487,provider_claim_only,ai_assisted_research,batch_001_release_001,kaykluz,2026-08-02,,,"Human reviewed. Source locator: Introduction: the Elon Smart Water Solution includes hardware, a mobile app and a cloud services platform; About page states the IP and manufacturing are South African."
asrt_bulk_c84bc46982f95398,product,prod_39480c97b0739c3c,description,An integrated platform for real-time monitoring and optimisation of electricity and water distribution networks.,src_c70678946460cecc,provider_claim_only,ai_assisted_research,batch_001_release_003,kaykluz,2026-08-02,,,"Human reviewed. Source locator: Products section, 'Utility Management Platform'; Contacts section gives the Giza, Egypt address."
asrt_bulk_c8fd2845e97515ea,organisation,org_14ddaae613b81fe5,origin_classification,africa_built,src_4acfd42725b98b4e,provider_claim_only,ai_assisted_research,batch_001_release_004,kaykluz,2026-08-02,,,"Human reviewed. Source locator: About this app section describes live charging discovery, availability, remote start/stop and payments; developer address is in Rabat, Morocco."
asrt_bulk_c9014461b55fa0b5,product,prod_835fa410d7e3dba0,lifecycle_status,active,src_4acfd42725b98b4e,provider_claim_only,ai_assisted_research,batch_001_release_004,kaykluz,2026-08-02,,,"Human reviewed. Source locator: About this app section describes live charging discovery, availability, remote start/stop and payments; developer address is in Rabat, Morocco."
asrt_bulk_c98e54f2d313116d,product,prod_353718ec5630f5cc,organisation_id,org_b5a699ab229742b6,src_d129bd0549b7a8a2,provider_claim_only,ai_assisted_research,batch_001_release_007,kaykluz,2026-08-02,,,"Human reviewed. Source locator: Opening product overview, Data-driven Process and Features sections."
asrt_bulk_c9b3c02a1d09e362,product,prod_3c464ba494208cc0,primary_category_id,cat_carbon_mrv_reporting,src_c884b377e1fc531b,public_source,ai_assisted_research,batch_001_release_001,kaykluz,2026-08-02,,,Human reviewed. Source locator: IMPACCT Framework paragraph identifies PathCalc for interactively visualising carbon emissions.
asrt_bulk_c9c9d41ea93d7bc0,product,prod_acf9505b6591bcdc,sector_id,sector_distributed_energy_access,src_49525542a4a0aa7a,provider_claim_only,ai_assisted_research,batch_001_release_010,kaykluz,2026-08-02,,,"Human reviewed. Source locator: Governments and Industry and Think Tanks sections list applications in Nigeria, Ethiopia, Kenya, Tanzania, Madagascar, Benin and other African contexts."
asrt_bulk_c9ce0304136985c9,product,prod_596ed16f715fb870,primary_category_id,cat_retail_metering_billing_payments,src_25c2a0a72ca484b2,provider_claim_only,ai_assisted_research,batch_001_release_012,kaykluz,2026-08-02,,,"Human reviewed. Source locator: Sections 'Smart Metering & Energy Trading Solutions' and 'Smart Metering', especially the internally built meter-management ecosystem paragraph."
asrt_bulk_cab5a146a266a335,product,prod_5c44515448aa55ab,name,ThunderBolt,src_3fed97da9ebf5a38,provider_claim_only,ai_assisted_research,batch_001_release_003,kaykluz,2026-08-02,,,"Human reviewed. Source locator: SteamaCo Product Suite, 'ThunderBolt' field-force app product block."
asrt_bulk_cabcec250707278e,product,prod_a65525f1816d4864,primary_category_id,cat_planning_geospatial,src_80750634d4eb4e8f,public_source,ai_assisted_research,batch_001_release_010,kaykluz,2026-08-02,,,Human reviewed. Source locator: Congo Epela Platform subsection identifies Resource Matters and the DRC least-cost electrification application.
asrt_bulk_cac541c90d522c83,product,prod_870e878724216eb1,website,https://digital-energy.eu/en/projects/vittoria-technology,src_85884b03ae89ab9b,independently_evidenced,ai_assisted_research,batch_001_release_008,kaykluz,2026-08-02,,,"Human reviewed. Source locator: Project at a Glance, Solution, How It Works and Results So Far sections name the platform and describe real-world operator use across sub-Saharan Africa."
asrt_bulk_cb420f06c2c51d6d,organisation,org_d48d027ab1a1011c,headquarters_country,ZA,src_8055fc93905afd67,provider_claim_only,ai_assisted_research,batch_001_release_013,kaykluz,2026-08-02,,,Human reviewed. Source locator: Our Solutions / Energypro Transactions section names the product and describes contract and transaction automation.
asrt_bulk_cb79b7ca8e76a0e8,product,prod_39480c97b0739c3c,name,Utility Management Platform,src_c70678946460cecc,provider_claim_only,ai_assisted_research,batch_001_release_003,kaykluz,2026-08-02,,,"Human reviewed. Source locator: Products section, 'Utility Management Platform'; Contacts section gives the Giza, Egypt address."
asrt_bulk_cb7dc1c3bdfd3f1f,product,prod_3e36972ea2d29b21,sector_id,sector_power_utilities,src_02027067a2b6f47d,provider_claim_only,ai_assisted_research,batch_001_release_002,kaykluz,2026-08-02,,,"Human reviewed. Source locator: Paragraphs dated April 19, 2012 stating successful go-live, remote meter reads, MDUS integration and continuous exchange with SAP for Utilities."
asrt_bulk_cb94f2a0a17deddc,organisation,org_8dbd3ffeca6e1efd,website,https://www.paygops.com/about-us,src_36ff3d019dab7c6f,provider_claim_only,ai_assisted_research,batch_001_release_009,kaykluz,2026-08-02,,,Human reviewed. Source locator: Overview paragraphs identifying Kazang Solar as a Zambian PAYGo solar distributor and stating it adopted PaygOps in late 2022.
asrt_bulk_cbeea02ffcb05db4,product,prod_5a6f083895aef158,organisation_id,org_063aba978073ba5d,src_5d32c0903dfe6e9c,provider_claim_only,ai_assisted_research,batch_001_release_011,kaykluz,2026-08-02,,,"Human reviewed. Source locator: Sections 'Download the Citiq app' and 'Manage your utilities on the go', plus the statement that the technology is locally built in South Africa."
asrt_bulk_cc301957ae842d0a,organisation,org_60c02033635240b1,website,https://climatecompatiblegrowth.com/,src_c884b377e1fc531b,public_source,ai_assisted_research,batch_001_release_007,kaykluz,2026-08-02,,,Human reviewed. Source locator: IMPACCT Framework finance paragraph names FINPLAN for evaluating financial viability of utility-scale projects.
asrt_bulk_ccc7f0fbbf5a07be,product,prod_6105cb20d5181a16,primary_category_id,cat_planning_geospatial,src_a6c915fb6879f499,public_source,ai_assisted_research,batch_001_release_010,kaykluz,2026-08-02,,,Human reviewed. Source locator: Paragraph beginning 'The GEP Explorer is complemented' names the GEP Generator and describes custom scenario generation.
asrt_bulk_ccf90b8caaf9d784,deployment,dep_ef40e913768f8074,customer_disclosure,undisclosed,src_2036ee97788b09bc,provider_claim_only,ai_assisted_research,batch_001_release_005,kaykluz,2026-08-02,,,Human reviewed. Source locator: FAQ questions 3 and 9 list Kenya among operating countries and instruct riders to locate swap stations with the Spiro app.
asrt_bulk_cd659259f868b2e1,product,prod_99c67cf93bb73c5f,access_model,commercial,src_966853451e9815ad,provider_claim_only,ai_assisted_research,batch_001_release_005,kaykluz,2026-08-02,,,Human reviewed. Source locator: Locate & Control Your Charge Sessions and Seamless Payments sections; introduction states the app is for drivers in South Africa.
asrt_bulk_cd872549ee9d61c8,product,prod_596ed16f715fb870,name,Switch Smart Metering Platform,src_25c2a0a72ca484b2,provider_claim_only,ai_assisted_research,batch_001_release_012,kaykluz,2026-08-02,,,"Human reviewed. Source locator: Sections 'Smart Metering & Energy Trading Solutions' and 'Smart Metering', especially the internally built meter-management ecosystem paragraph."
asrt_bulk_ce00826608aafec5,organisation,org_e7a91741bca86f28,name,SteamaCo,src_e0428ec7ccfcfd99,provider_claim_only,ai_assisted_research,batch_001_release_012,kaykluz,2026-08-02,,,Human reviewed. Source locator: Opening 'Empower your customers' section and 'Better informed' notification list.
asrt_bulk_ce0eceea8fcea37f,product,prod_faed4459e7d6ab27,organisation_id,org_530820839614a2eb,src_fdebbdff203ee17c,provider_claim_only,ai_assisted_research,batch_001_release_009,kaykluz,2026-08-02,,,"Human reviewed. Source locator: Solution section describing 20 field crews using ArcGIS Survey123 to collect customer, property, meter and equipment information."
asrt_bulk_ce706181fc09d4dc,product,prod_7f669470202474a2,website,https://climatecompatiblegrowth.com/clicsand-for-osemosys-a-user-friendly-interface-using-open-source-optimisation-software-for-energy-system-modelling-analysis/,src_b0d8da97968bb795,provider_claim_only,ai_assisted_research,batch_001_release_005,kaykluz,2026-08-02,,,"Human reviewed. Source locator: Article summary and South African case-study paragraph describe the interface, functions and EMP-A 2021 application."
asrt_bulk_cec869a1f52b70da,organisation,org_99b1e294a6715f25,headquarters_country,ZA,src_19cbb51c9737fa08,provider_claim_only,ai_assisted_research,batch_001_release_010,kaykluz,2026-08-02,,,Human reviewed. Source locator: Launch Platform > NetMaps product entry.
asrt_bulk_cf0423ff2062230e,organisation,org_7951c70ccd95064f,website,https://meterx.co.za/,src_31fdc6b36c19f321,provider_claim_only,ai_assisted_research,batch_001_release_011,kaykluz,2026-08-02,,,Human reviewed. Source locator: Opening platform summary; 'The platform'; 'What we meter'; 'How it works'; FAQ; footer address.
asrt_bulk_cf35910e150f4527,product,prod_5cabfd347277fd43,primary_category_id,cat_planning_geospatial,src_6fa288b6cac304e9,provider_claim_only,ai_assisted_research,batch_001_release_010,kaykluz,2026-08-02,,,"Human reviewed. Source locator: Opening product description names the IEA-MIT collaboration, open-source status and sub-Saharan Africa coverage."
asrt_bulk_cf6d3799dab98e27,organisation,org_b4e978f005016067,name,Climate Compatible Growth,src_c884b377e1fc531b,public_source,ai_assisted_research,batch_001_release_006,kaykluz,2026-08-02,,,Human reviewed. Source locator: IMPACCT Framework finance paragraph identifies FinCoRE as the source of projected capital costs.
asrt_bulk_cf7d5c9aaca87f29,product,prod_5cabfd347277fd43,name,Building-level Electricity Access and Demand Model,src_6fa288b6cac304e9,provider_claim_only,ai_assisted_research,batch_001_release_010,kaykluz,2026-08-02,,,"Human reviewed. Source locator: Opening product description names the IEA-MIT collaboration, open-source status and sub-Saharan Africa coverage."
asrt_bulk_cfa982d5ccf01825,organisation,org_b4e978f005016067,website,https://climatecompatiblegrowth.com/,src_c884b377e1fc531b,public_source,ai_assisted_research,batch_001_release_009,kaykluz,2026-08-02,,,Human reviewed. Source locator: IMPACCT Framework paragraph names NISMOD for national infrastructure planning.
asrt_bulk_d00a74e8f69c122f,product,prod_04226a46eb948cbc,website,https://www.energiccharge.com/,src_09a3d01a3a3a8b9a,provider_claim_only,ai_assisted_research,batch_001_release_004,kaykluz,2026-08-02,,,Human reviewed. Source locator: Homepage headings 'The Complete EV Charging Software Platform' and location section identifying Egypt.
asrt_bulk_d024a07a5b873c77,deployment,dep_8ba702b9e523b312,lifecycle_status,active,src_2f4a7e763bb7e671,provider_claim_only,ai_assisted_research,batch_001_release_009,kaykluz,2026-08-02,,,Human reviewed. Source locator: Country profile opening paragraphs: operations launched as Bboxx in 2023 and use Bboxx Pulse in Mali.
asrt_bulk_d034817caf4939b2,organisation,org_b4e978f005016067,website,https://climatecompatiblegrowth.com/,src_c884b377e1fc531b,public_source,ai_assisted_research,batch_001_release_006,kaykluz,2026-08-02,,,Human reviewed. Source locator: IMPACCT Framework finance paragraph identifies FinCoRE as the source of projected capital costs.
asrt_bulk_d0f7ecb08775fc37,organisation,org_d8a52b70cf175966,country_of_origin,ZA,src_afd975f932305487,provider_claim_only,ai_assisted_research,batch_001_release_001,kaykluz,2026-08-02,,,"Human reviewed. Source locator: Introduction: the Elon Smart Water Solution includes hardware, a mobile app and a cloud services platform; About page states the IP and manufacturing are South African."
asrt_bulk_d15929009d09dd98,product,prod_daa50f9ebedcc7b0,organisation_id,org_2e848005aab6ebe8,src_c884b377e1fc531b,public_source,ai_assisted_research,batch_001_release_011,kaykluz,2026-08-02,,,Human reviewed. Source locator: EAE description and IMPACCT Framework paragraph identify the tool for priority-area and energy-access planning.
asrt_bulk_d1e696554baabc7e,product,prod_65cb59d227c4267f,lifecycle_status,active,src_c7616caa46f7a0c2,provider_claim_only,ai_assisted_research,batch_001_release_013,kaykluz,2026-08-02,,,Human reviewed. Source locator: Opening announcement and ICC technology list naming an Energy Management System engineered for dispatching.
asrt_bulk_d21cf89d0a7222ea,product,prod_88eab8436b1e03d8,lifecycle_status,active,src_e5c412f183848e7c,provider_claim_only,ai_assisted_research,batch_001_release_006,kaykluz,2026-08-02,,,"Human reviewed. Source locator: README opening and Features sections describe optimisation, dispatch, power-flow and planning functions; linked African models establish regional use."
asrt_bulk_d2467a41bc276f0d,product,prod_6105cb20d5181a16,lifecycle_status,active,src_a6c915fb6879f499,public_source,ai_assisted_research,batch_001_release_010,kaykluz,2026-08-02,,,Human reviewed. Source locator: Paragraph beginning 'The GEP Explorer is complemented' names the GEP Generator and describes custom scenario generation.
asrt_bulk_d26c824b6bbca62b,product,prod_dafd91d42f6636f9,sector_id,sector_power_utilities,src_728b5d57ef518817,provider_claim_only,ai_assisted_research,batch_001_release_012,kaykluz,2026-08-02,,,Human reviewed. Source locator: Opening product description and 'Key Capabilities' list; call-to-action names George Municipality as a user.
asrt_bulk_d29710b7f25d22d3,organisation,org_e7a91741bca86f28,website,https://steama.co/,src_3fed97da9ebf5a38,provider_claim_only,ai_assisted_research,batch_001_release_003,kaykluz,2026-08-02,,,"Human reviewed. Source locator: SteamaCo Product Suite, 'ThunderBolt' field-force app product block."
asrt_bulk_d31d12f7ec6b6eae,deployment,dep_cc875ff369c6e798,customer_disclosure,named,src_7de3c1f07aa1a7fc,provider_claim_only,ai_assisted_research,batch_001_release_002,kaykluz,2026-08-02,,,"Human reviewed. Source locator: Solution section stating that IoT, smart-meter and RTU data is aggregated with ArcGIS GeoEvent Server to update feature layers."
asrt_bulk_d34081cb3cbf8780,organisation,org_e7a91741bca86f28,country_of_origin,KE,src_d20623b62099ccd7,provider_claim_only,ai_assisted_research,batch_001_release_003,kaykluz,2026-08-02,,,Human reviewed. Source locator: Sections 'ATC&C Loss Detection & Resolution' and 'How it works'.
asrt_bulk_d374a02b6d94c83c,deployment,dep_6c7d4295f3f84919,product_id,prod_3464ecbd2a2298cc,src_1aba15c2ac9250fc,provider_claim_only,ai_assisted_research,batch_001_release_009,kaykluz,2026-08-02,,,"Human reviewed. Source locator: Solution paragraph selecting ArcGIS Enterprise and Results paragraphs stating installation in 2018, portal deployment, dashboards and spatial analysis."
asrt_bulk_d3a08fc411b5a679,product,prod_4801ed63e28a4c98,access_model,commercial,src_8055fc93905afd67,provider_claim_only,ai_assisted_research,batch_001_release_013,kaykluz,2026-08-02,,,Human reviewed. Source locator: Our Solutions / Energypro Transactions section names the product and describes contract and transaction automation.
asrt_bulk_d3ac4f41d48e03ab,organisation,org_cbf8bcdb4fb4587b,origin_classification,public_or_open_infrastructure,src_80750634d4eb4e8f,public_source,ai_assisted_research,batch_001_release_010,kaykluz,2026-08-02,,,Human reviewed. Source locator: Congo Epela Platform subsection identifies Resource Matters and the DRC least-cost electrification application.
asrt_bulk_d3dc5cf7291caa13,product,prod_bb8d9737e621ddbf,access_model,commercial,src_05e838c776926403,independently_evidenced,ai_assisted_research,batch_001_release_008,kaykluz,2026-08-02,,,"Human reviewed. Source locator: Project heading and summary identify SolarFlow, Burkina Faso and its monitoring, automation and optimisation functions."
asrt_bulk_d436178761a06762,product,prod_b91aa7029d7054cd,organisation_id,org_b9fc077cac046000,src_2a5c99c65a3533f8,provider_claim_only,ai_assisted_research,batch_001_release_002,kaykluz,2026-08-02,,,"Human reviewed. Source locator: About Company; Who is Smart-View Technology; Analytics, Machine Learning & Reporting; Our Location."
asrt_bulk_d59ed61a45cec311,organisation,org_8f37967e82047776,website,https://onsset.readthedocs.io/,src_80750634d4eb4e8f,provider_claim_only,ai_assisted_research,batch_001_release_010,kaykluz,2026-08-02,,,Human reviewed. Source locator: United Nations app subsection describes the interface and results for 54 developing countries in sub-Saharan Africa and Latin America.
asrt_bulk_d5c9a64f9e57b199,product,prod_d52c504a42c601a3,name,OSeMOSYS,src_a9aeffadb63a1fef,provider_claim_only,ai_assisted_research,batch_001_release_006,kaykluz,2026-08-02,,,"Human reviewed. Source locator: Opening paragraph states that OSeMOSYS has been used for African Power Pools and other continental, country and village models."
asrt_bulk_d5cb9cdf25675ee6,organisation,org_39703db4e82ec396,origin_classification,africa_built,src_966853451e9815ad,provider_claim_only,ai_assisted_research,batch_001_release_005,kaykluz,2026-08-02,,,Human reviewed. Source locator: Locate & Control Your Charge Sessions and Seamless Payments sections; introduction states the app is for drivers in South Africa.
asrt_bulk_d5ce6d1b867ca0ae,organisation,org_e33da6f90fe33e3b,name,D-REC Organization,src_4b7adae0776349b3,provider_claim_only,ai_assisted_research,batch_001_release_001,kaykluz,2026-08-02,,,"Human reviewed. Source locator: Key Features sections describe generation validation, device management, certificate tokens and eligible mini-grid and solar-home-system devices."
asrt_bulk_d61bbae567734189,product,prod_8d5f9abcd9decdc8,sector_id,sector_generation_storage,src_cdecc55785a2e84f,provider_claim_only,ai_assisted_research,batch_001_release_006,kaykluz,2026-08-02,,,"Human reviewed. Source locator: Sections 'This is the actual product', 'Engineering Studio', 'Yield and simulation', 'How a deal moves' and footer legal registration details."
asrt_bulk_d654f0491afe7f9e,organisation,org_686ef9b185a5a75d,origin_classification,africa_built,src_0aeaf7bbb4111bf3,provider_claim_only,ai_assisted_research,batch_001_release_004,kaykluz,2026-08-02,,,"Human reviewed. Source locator: Application feature bullet states it locates, organises and pays for charging; page reports more than 100 charging points in Morocco."
asrt_bulk_d66b3a0a6a8f23cb,product,prod_3f8147ec1b685701,organisation_id,org_e7a91741bca86f28,src_d20623b62099ccd7,provider_claim_only,ai_assisted_research,batch_001_release_003,kaykluz,2026-08-02,,,Human reviewed. Source locator: Sections 'ATC&C Loss Detection & Resolution' and 'How it works'.
asrt_bulk_d6841a18644e84d6,deployment,dep_3bf37cad1e299f2e,started_year,2024,src_c7616caa46f7a0c2,provider_claim_only,ai_assisted_research,batch_001_release_013,kaykluz,2026-08-02,,,Human reviewed. Source locator: Opening announcement and ICC technology list naming an Energy Management System engineered for dispatching.
asrt_bulk_d71ef81abb8b6f36,product,prod_f3d9dc4a77ea4cab,access_model,commercial,src_0b7158369b815d9f,provider_claim_only,ai_assisted_research,batch_001_release_002,kaykluz,2026-08-02,,,Human reviewed. Source locator: Presentation summary under '2022 – AVEVA PI World – Amsterdam – Power Generation'.
asrt_bulk_d73073facd04b588,organisation,org_36577bb3608ee5a3,country_of_origin,RW,src_0a4fa31247a1d3c3,provider_claim_only,ai_assisted_research,batch_001_release_003,kaykluz,2026-08-02,,,Human reviewed. Source locator: Technology page section on the Driver App describes checking battery level and finding a swap station.
asrt_bulk_d75aa3185274a2d2,organisation,org_b4e978f005016067,website,https://climatecompatiblegrowth.com/,src_c884b377e1fc531b,public_source,ai_assisted_research,batch_001_release_006,kaykluz,2026-08-02,,,Human reviewed. Source locator: IMPACCT Framework paragraph names FFRM for analysing foregone revenue from early fossil-plant shutdowns.
asrt_bulk_d7b1820b214da5c7,product,prod_a99b94237c7e13fa,organisation_id,org_e6912eb1478e941d,src_419b4f8f3ed72377,independently_evidenced,ai_assisted_research,batch_001_release_009,kaykluz,2026-08-02,,,"Human reviewed. Source locator: Project description names PowerPay and describes monitoring, revenue collection, asset management and energy-use tracking; page reports current use in East Africa."
asrt_bulk_d7c1eb2f41eda060,deployment,dep_4d45ed97e1038e6d,customer_disclosure,named,src_fdebbdff203ee17c,provider_claim_only,ai_assisted_research,batch_001_release_009,kaykluz,2026-08-02,,,"Human reviewed. Source locator: Solution section describing 20 field crews using ArcGIS Survey123 to collect customer, property, meter and equipment information."
asrt_bulk_d7d0863eee57a034,deployment,dep_5dafb03405e9b7a4,lifecycle_status,active,src_36ff3d019dab7c6f,provider_claim_only,ai_assisted_research,batch_001_release_009,kaykluz,2026-08-02,,,Human reviewed. Source locator: Overview paragraphs identifying Kazang Solar as a Zambian PAYGo solar distributor and stating it adopted PaygOps in late 2022.
asrt_bulk_d86fcbaf81d0564d,product,prod_4801ed63e28a4c98,organisation_id,org_d48d027ab1a1011c,src_8055fc93905afd67,provider_claim_only,ai_assisted_research,batch_001_release_013,kaykluz,2026-08-02,,,Human reviewed. Source locator: Our Solutions / Energypro Transactions section names the product and describes contract and transaction automation.
asrt_bulk_d8b1a2ab396af14f,product,prod_fcaaff4768a60d65,primary_category_id,cat_forecasting_flexibility_der,src_c884b377e1fc531b,public_source,ai_assisted_research,batch_001_release_007,kaykluz,2026-08-02,,,Human reviewed. Source locator: Model Integration / IMPACCT Framework paragraph identifies MAED for energy-demand assessments.
asrt_bulk_d8b5c503f0cd20ce,organisation,org_6813554323495fa0,name,Switch Energy,src_705592f873593725,provider_claim_only,ai_assisted_research,batch_001_release_013,kaykluz,2026-08-02,,,Human reviewed. Source locator: Opening paragraph and complete energy trading platform feature list; contact block gives the Cape Town address.
asrt_bulk_d8bedf434689a513,product,prod_14d47cbe194106c4,lifecycle_status,active,src_2f4a7e763bb7e671,provider_claim_only,ai_assisted_research,batch_001_release_009,kaykluz,2026-08-02,,,Human reviewed. Source locator: Country profile opening paragraphs: operations launched as Bboxx in 2023 and use Bboxx Pulse in Mali.
asrt_bulk_d936407a727831b4,product,prod_033fbcf0e9b1c951,website,https://electrifynow.energydata.info/,src_a6c915fb6879f499,public_source,ai_assisted_research,batch_001_release_011,kaykluz,2026-08-02,,,Human reviewed. Source locator: Paragraph beginning 'The GEP provides' describes the GEP Explorer and its adjustable least-cost planning parameters.
asrt_bulk_d963692cf516c839,product,prod_5c44515448aa55ab,description,A field-force application for utility investigation and operational workflows.,src_3fed97da9ebf5a38,provider_claim_only,ai_assisted_research,batch_001_release_003,kaykluz,2026-08-02,,,"Human reviewed. Source locator: SteamaCo Product Suite, 'ThunderBolt' field-force app product block."
asrt_bulk_d98ead6f494e83e2,product,prod_14d47cbe194106c4,sector_id,sector_distributed_energy_access,src_2f4a7e763bb7e671,provider_claim_only,ai_assisted_research,batch_001_release_009,kaykluz,2026-08-02,,,Human reviewed. Source locator: Country profile opening paragraphs: operations launched as Bboxx in 2023 and use Bboxx Pulse in Mali.
asrt_bulk_d9a50efc6abc8497,product,prod_04226a46eb948cbc,access_model,commercial,src_09a3d01a3a3a8b9a,provider_claim_only,ai_assisted_research,batch_001_release_004,kaykluz,2026-08-02,,,Human reviewed. Source locator: Homepage headings 'The Complete EV Charging Software Platform' and location section identifying Egypt.
asrt_bulk_d9b3436558c8d463,product,prod_37d006103d63d180,access_model,open_source,src_c884b377e1fc531b,public_source,ai_assisted_research,batch_001_release_006,kaykluz,2026-08-02,,,Human reviewed. Source locator: IMPACCT Framework finance paragraph identifies FinTrack as the source of financing terms.
asrt_bulk_d9bfa327ae1424e8,organisation,org_d26348409ac6de26,origin_classification,africa_built,src_0b2d11046a03402c,provider_claim_only,ai_assisted_research,batch_001_release_005,kaykluz,2026-08-02,,,"Human reviewed. Source locator: How It Works and Key Features sections name the web app, station location, IoT health monitoring and dynamic routing; contact section identifies Nairobi."
asrt_bulk_d9c9bc2a77921fd5,product,prod_4a59c1c6110c4219,description,"Cloud utility-management platform for electricity, water and gas monitoring, billing, payments, accounting reconciliation and network balancing.",src_e1397f8d9f1aec2c,provider_claim_only,ai_assisted_research,batch_001_release_011,kaykluz,2026-08-02,,,"Human reviewed. Source locator: Opening product description, Key product features and Value-added service offering."
asrt_bulk_d9efb39ef3722a30,product,prod_4a59c1c6110c4219,lifecycle_status,active,src_e1397f8d9f1aec2c,provider_claim_only,ai_assisted_research,batch_001_release_011,kaykluz,2026-08-02,,,"Human reviewed. Source locator: Opening product description, Key product features and Value-added service offering."
asrt_bulk_d9f0a5f8a8a471cd,organisation,org_9df3ccd43710a1e4,name,AVEVA Group Limited,src_0b7158369b815d9f,provider_claim_only,ai_assisted_research,batch_001_release_002,kaykluz,2026-08-02,,,Human reviewed. Source locator: Presentation summary under '2022 – AVEVA PI World – Amsterdam – Power Generation'.
asrt_bulk_d9fd74dee516343d,organisation,org_32b8d4d2ec475f59,website,https://www.sap.com/,src_02027067a2b6f47d,provider_claim_only,ai_assisted_research,batch_001_release_002,kaykluz,2026-08-02,,,"Human reviewed. Source locator: Paragraphs dated April 19, 2012 stating successful go-live, remote meter reads, MDUS integration and continuous exchange with SAP for Utilities."
asrt_bulk_da27ad3fbfd01179,product,prod_5d86400ebf4fde2e,name,GEP Toolbox,src_a6c915fb6879f499,public_source,ai_assisted_research,batch_001_release_010,kaykluz,2026-08-02,,,Human reviewed. Source locator: Paragraph beginning 'The GEP Explorer is complemented' identifies the GEP Toolbox as the input-data component.
asrt_bulk_da3353ddc2435817,product,prod_65cb59d227c4267f,sector_id,sector_power_utilities,src_c7616caa46f7a0c2,provider_claim_only,ai_assisted_research,batch_001_release_013,kaykluz,2026-08-02,,,Human reviewed. Source locator: Opening announcement and ICC technology list naming an Energy Management System engineered for dispatching.
asrt_bulk_da49fc7588025290,product,prod_faed4459e7d6ab27,description,"Field data-collection application for georeferenced inspections, surveys, asset records and customer-enumeration workflows.",src_fdebbdff203ee17c,provider_claim_only,ai_assisted_research,batch_001_release_009,kaykluz,2026-08-02,,,"Human reviewed. Source locator: Solution section describing 20 field crews using ArcGIS Survey123 to collect customer, property, meter and equipment information."
asrt_bulk_da896f6e0bf47c20,organisation,org_530820839614a2eb,country_of_origin,US,src_1aba15c2ac9250fc,provider_claim_only,ai_assisted_research,batch_001_release_009,kaykluz,2026-08-02,,,"Human reviewed. Source locator: Solution paragraph selecting ArcGIS Enterprise and Results paragraphs stating installation in 2018, portal deployment, dashboards and spatial analysis."
asrt_bulk_da8eaed3bb652e9b,organisation,org_515b5b14c4e13ea8,origin_classification,africa_built,src_daca46ab58257600,provider_claim_only,ai_assisted_research,batch_001_release_012,kaykluz,2026-08-02,,,Human reviewed. Source locator: Sections 'Our solutions' and 'ELDO's Energy App'.
asrt_bulk_dab81cdccadc77a7,product,prod_28e66e28e429e98a,sector_id,sector_emobility_batteries,src_0df75f7550839b7c,provider_claim_only,ai_assisted_research,batch_001_release_005,kaykluz,2026-08-02,,,"Human reviewed. Source locator: Kofa app technology and Swap & Go sections describe app-based access, station availability and Ghana/Kenya network operations."
asrt_bulk_dabe07aaa6ab4cea,product,prod_84787f6a75dff4dd,website,https://www.ammp.io/product,src_d151cbedc6c4759e,provider_claim_only,ai_assisted_research,batch_001_release_008,kaykluz,2026-08-02,,,"Human reviewed. Source locator: Daystar Power case block: Nigeria, Ghana, Togo and Senegal; 200+ sites; customer quotation describing AMMP as an operations tool."
asrt_bulk_dad10be4a1c3d3dc,product,prod_8c028e7d3c878e74,description,Open-source electricity-supply model representing African countries and cross-border transmission links.,src_7c0c0c942fa173cd,provider_claim_only,ai_assisted_research,batch_001_release_013,kaykluz,2026-08-02,,,Human reviewed. Source locator: Main project paragraph describes continent-wide African country and transmission-link coverage and states that the model is open source.
asrt_bulk_dae9fdc848812093,product,prod_3cdf76665621519b,name,Energypro Marketplace,src_8055fc93905afd67,provider_claim_only,ai_assisted_research,batch_001_release_012,kaykluz,2026-08-02,,,Human reviewed. Source locator: Our Solutions / Energypro Marketplace section describes renewable-electricity sourcing and the page identifies South African wheeling operations.
asrt_bulk_db248078d85ebb1c,organisation,org_d48d027ab1a1011c,website,https://openaccess.energy/,src_8055fc93905afd67,provider_claim_only,ai_assisted_research,batch_001_release_012,kaykluz,2026-08-02,,,Human reviewed. Source locator: Our Solutions / Energypro Marketplace section describes renewable-electricity sourcing and the page identifies South African wheeling operations.
asrt_bulk_db2f1d1a7c6384c4,product,prod_47d2aba604b42faf,description,"Grid forecasting software providing variable-renewable-energy forecasts, ramping tools and near-real-time operational inputs.",src_c7616caa46f7a0c2,provider_claim_only,ai_assisted_research,batch_001_release_007,kaykluz,2026-08-02,,,Human reviewed. Source locator: Paragraph stating that the ICC platform was upgraded with GE Vernova's GridOS forecasting solution for VRE forecasting and ramping.
asrt_bulk_db543f227b091325,product,prod_dafd91d42f6636f9,name,Amptera,src_728b5d57ef518817,provider_claim_only,ai_assisted_research,batch_001_release_012,kaykluz,2026-08-02,,,Human reviewed. Source locator: Opening product description and 'Key Capabilities' list; call-to-action names George Municipality as a user.
asrt_bulk_db7398caabbfb125,organisation,org_e7a91741bca86f28,website,https://steama.co/,src_d20623b62099ccd7,provider_claim_only,ai_assisted_research,batch_001_release_003,kaykluz,2026-08-02,,,Human reviewed. Source locator: Sections 'ATC&C Loss Detection & Resolution' and 'How it works'.
asrt_bulk_db9f6836114c6fbd,organisation,org_6fa8233b4c6f7e60,headquarters_country,ZA,src_e1397f8d9f1aec2c,provider_claim_only,ai_assisted_research,batch_001_release_011,kaykluz,2026-08-02,,,"Human reviewed. Source locator: Opening product description, Key product features and Value-added service offering."
asrt_bulk_dbb953913b84476a,product,prod_14d47cbe194106c4,description,"An operating and management platform for PAYGo utility businesses covering products, customers, financing and field operations.",src_2f4a7e763bb7e671,provider_claim_only,ai_assisted_research,batch_001_release_009,kaykluz,2026-08-02,,,Human reviewed. Source locator: Country profile opening paragraphs: operations launched as Bboxx in 2023 and use Bboxx Pulse in Mali.
asrt_bulk_dbf9743bbd449089,product,prod_d123b1e7b49b439e,description,"Open modelling framework linking climate, land-use, energy and water systems.",src_c884b377e1fc531b,public_source,ai_assisted_research,batch_001_release_005,kaykluz,2026-08-02,,,Human reviewed. Source locator: IMPACCT Framework paragraph names CLEWs for studying energy linkages with land and water.
asrt_bulk_dc190b610f88c6aa,organisation,org_a2926a5df5cdd48c,name,International Energy Agency and MIT,src_6fa288b6cac304e9,provider_claim_only,ai_assisted_research,batch_001_release_010,kaykluz,2026-08-02,,,"Human reviewed. Source locator: Opening product description names the IEA-MIT collaboration, open-source status and sub-Saharan Africa coverage."
asrt_bulk_dc3a9ee17576b4ed,organisation,org_99b1e294a6715f25,country_of_origin,ZA,src_19cbb51c9737fa08,provider_claim_only,ai_assisted_research,batch_001_release_011,kaykluz,2026-08-02,,,Human reviewed. Source locator: Launch Platform > NetView product entry.
asrt_bulk_dc805bd69b1b4d24,product,prod_3f8147ec1b685701,name,Aurora AI,src_d20623b62099ccd7,provider_claim_only,ai_assisted_research,batch_001_release_003,kaykluz,2026-08-02,,,Human reviewed. Source locator: Sections 'ATC&C Loss Detection & Resolution' and 'How it works'.
asrt_bulk_dc98efd70abc5ad6,product,prod_bc70438d15454ac9,organisation_id,org_907aa74533dc527b,src_c7616caa46f7a0c2,provider_claim_only,ai_assisted_research,batch_001_release_013,kaykluz,2026-08-02,,,Human reviewed. Source locator: Opening announcement and ICC technology list naming a Wide Area Monitoring System designed for grid stability.
asrt_bulk_dca16e4503c05990,product,prod_21c1794343050d9f,website,https://steama.co/sunbeam,src_e0428ec7ccfcfd99,provider_claim_only,ai_assisted_research,batch_001_release_012,kaykluz,2026-08-02,,,Human reviewed. Source locator: Opening 'Empower your customers' section and 'Better informed' notification list.
asrt_bulk_dcb99bdbbaa86263,deployment,dep_a7c8d5b7c82274d7,lifecycle_status,historical,src_02027067a2b6f47d,provider_claim_only,ai_assisted_research,batch_001_release_002,kaykluz,2026-08-02,,,"Human reviewed. Source locator: Paragraphs dated April 19, 2012 stating successful go-live, remote meter reads, MDUS integration and continuous exchange with SAP for Utilities."
asrt_bulk_dcf0a1edbaa481c3,product,prod_54cb1b174fd192ac,sector_id,sector_markets_finance_carbon,src_c884b377e1fc531b,public_source,ai_assisted_research,batch_001_release_007,kaykluz,2026-08-02,,,Human reviewed. Source locator: IMPACCT Framework finance paragraph names MINFin for developing national climate-finance strategies.
asrt_bulk_dd466cf570e9fdb6,product,prod_dfff8365390e2421,sector_id,sector_emobility_batteries,src_0df75f7550839b7c,provider_claim_only,ai_assisted_research,batch_001_release_004,kaykluz,2026-08-02,,,"Human reviewed. Source locator: Fleet Management feature explicitly names the Kofa Fleet Platform and describes rider access, purchases and running-cost management."
asrt_bulk_dd52860a35e9c167,product,prod_8cc55e7483a66134,lifecycle_status,active,src_daca46ab58257600,provider_claim_only,ai_assisted_research,batch_001_release_012,kaykluz,2026-08-02,,,Human reviewed. Source locator: Sections 'Our solutions' and 'ELDO's Energy App'.
asrt_bulk_dd8efd4bdea009c0,product,prod_54cb1b174fd192ac,website,https://climatecompatiblegrowth.com/international-partnerships/data-and-tools/modelling-tools-and-frameworks/,src_c884b377e1fc531b,public_source,ai_assisted_research,batch_001_release_007,kaykluz,2026-08-02,,,Human reviewed. Source locator: IMPACCT Framework finance paragraph names MINFin for developing national climate-finance strategies.
asrt_bulk_ddc69f1aecdc932c,product,prod_4add1d20552ca8e8,organisation_id,org_406033f114a69ab6,src_c70678946460cecc,provider_claim_only,ai_assisted_research,batch_001_release_001,kaykluz,2026-08-02,,,"Human reviewed. Source locator: Products section, 'Energy Management System'; Contacts section gives the Giza, Egypt address."
asrt_bulk_dddd80c7d007c1a7,organisation,org_a8add2f3b4fe90af,website,https://osemosys.github.io/,src_a9aeffadb63a1fef,provider_claim_only,ai_assisted_research,batch_001_release_006,kaykluz,2026-08-02,,,"Human reviewed. Source locator: Opening paragraph states that OSeMOSYS has been used for African Power Pools and other continental, country and village models."
asrt_bulk_de34a1ed0e65aaed,organisation,org_d48d027ab1a1011c,origin_classification,africa_built,src_8055fc93905afd67,provider_claim_only,ai_assisted_research,batch_001_release_013,kaykluz,2026-08-02,,,Human reviewed. Source locator: Our Solutions / Energypro Transactions section names the product and describes contract and transaction automation.
asrt_bulk_de72ddbe0d944e0b,organisation,org_a4f72ab71d53535a,origin_classification,global_deployed_in_africa,src_4319a4161634cca0,provider_claim_only,ai_assisted_research,batch_001_release_001,kaykluz,2026-08-02,,,Human reviewed. Source locator: Section 'How Does Aspire Use SHYFT Technology?' and the 'Impact Hub & Google Launch Pad' fully deployed project block.
asrt_bulk_de935247b60c8308,product,prod_27402d8bb06c6333,sector_id,sector_commercial_industrial,src_4319a4161634cca0,provider_claim_only,ai_assisted_research,batch_001_release_001,kaykluz,2026-08-02,,,Human reviewed. Source locator: Section 'How Does Aspire Use SHYFT Technology?' and the 'Impact Hub & Google Launch Pad' fully deployed project block.
asrt_bulk_de938decc96c8d03,product,prod_870e878724216eb1,sector_id,sector_distributed_energy_access,src_85884b03ae89ab9b,independently_evidenced,ai_assisted_research,batch_001_release_008,kaykluz,2026-08-02,,,"Human reviewed. Source locator: Project at a Glance, Solution, How It Works and Results So Far sections name the platform and describe real-world operator use across sub-Saharan Africa."
asrt_bulk_de9c1e7dfa0d15e0,product,prod_a4f1a4a52c37c33c,lifecycle_status,active,src_36ff3d019dab7c6f,provider_claim_only,ai_assisted_research,batch_001_release_009,kaykluz,2026-08-02,,,Human reviewed. Source locator: Overview paragraphs identifying Kazang Solar as a Zambian PAYGo solar distributor and stating it adopted PaygOps in late 2022.
asrt_bulk_debce15cbbbe4494,product,prod_d52c504a42c601a3,access_model,open_source,src_a9aeffadb63a1fef,provider_claim_only,ai_assisted_research,batch_001_release_006,kaykluz,2026-08-02,,,"Human reviewed. Source locator: Opening paragraph states that OSeMOSYS has been used for African Power Pools and other continental, country and village models."
asrt_bulk_df0e5d7d442d50f6,product,prod_39480c97b0739c3c,primary_category_id,cat_distribution_utility_operations,src_c70678946460cecc,provider_claim_only,ai_assisted_research,batch_001_release_003,kaykluz,2026-08-02,,,"Human reviewed. Source locator: Products section, 'Utility Management Platform'; Contacts section gives the Giza, Egypt address."
asrt_bulk_df11474ff6a9b24d,product,prod_7dc0a9bb41944d44,lifecycle_status,active,src_0a4fa31247a1d3c3,provider_claim_only,ai_assisted_research,batch_001_release_003,kaykluz,2026-08-02,,,Human reviewed. Source locator: Technology page section on the Driver App describes checking battery level and finding a swap station.
asrt_bulk_df37d7f14b832750,product,prod_04226a46eb948cbc,description,End-to-end EV-charging software for network operations and driver charging applications.,src_09a3d01a3a3a8b9a,provider_claim_only,ai_assisted_research,batch_001_release_004,kaykluz,2026-08-02,,,Human reviewed. Source locator: Homepage headings 'The Complete EV Charging Software Platform' and location section identifying Egypt.
asrt_bulk_df3a9a5ea6147d18,organisation,org_ccaab0a9973b7404,country_of_origin,EG,src_ad5d15b92aa2776d,provider_claim_only,ai_assisted_research,batch_001_release_004,kaykluz,2026-08-02,,,"Human reviewed. Source locator: Homepage 'Now live across Egypt' and feature sections describe the wallet, map, availability and session records."
asrt_bulk_df5bad4df2a7e8eb,product,prod_b91aa7029d7054cd,sector_id,sector_commercial_industrial,src_2a5c99c65a3533f8,provider_claim_only,ai_assisted_research,batch_001_release_002,kaykluz,2026-08-02,,,"Human reviewed. Source locator: About Company; Who is Smart-View Technology; Analytics, Machine Learning & Reporting; Our Location."
asrt_bulk_dfaad6ecfd707c97,product,prod_2cb981c2e4d76c28,website,https://ontec.co.za/technology/,src_0e2b17c179cb2014,provider_claim_only,ai_assisted_research,batch_001_release_012,kaykluz,2026-08-02,,,Human reviewed. Source locator: Data Centre > Meter Data Manager and Vending Gateway sections.
asrt_bulk_dfbe2637846e0486,deployment,dep_4d45ed97e1038e6d,product_id,prod_faed4459e7d6ab27,src_fdebbdff203ee17c,provider_claim_only,ai_assisted_research,batch_001_release_009,kaykluz,2026-08-02,,,"Human reviewed. Source locator: Solution section describing 20 field crews using ArcGIS Survey123 to collect customer, property, meter and equipment information."
asrt_bulk_dfd8430b50d37caa,product,prod_88eab8436b1e03d8,primary_category_id,cat_engineering_design_simulation,src_e5c412f183848e7c,provider_claim_only,ai_assisted_research,batch_001_release_006,kaykluz,2026-08-02,,,"Human reviewed. Source locator: README opening and Features sections describe optimisation, dispatch, power-flow and planning functions; linked African models establish regional use."
asrt_bulk_dfd886f46db2409e,product,prod_d123b1e7b49b439e,lifecycle_status,active,src_c884b377e1fc531b,public_source,ai_assisted_research,batch_001_release_005,kaykluz,2026-08-02,,,Human reviewed. Source locator: IMPACCT Framework paragraph names CLEWs for studying energy linkages with land and water.
asrt_bulk_dff82b0d0f865484,organisation,org_9df3ccd43710a1e4,country_of_origin,GB,src_0b7158369b815d9f,provider_claim_only,ai_assisted_research,batch_001_release_002,kaykluz,2026-08-02,,,Human reviewed. Source locator: Presentation summary under '2022 – AVEVA PI World – Amsterdam – Power Generation'.
asrt_bulk_e014dc336086b1b8,product,prod_01e0b6c0d126d66c,organisation_id,org_d669749a39dbc6b6,src_c2df3e2d24c3763b,provider_claim_only,ai_assisted_research,batch_001_release_001,kaykluz,2026-08-02,,,Human reviewed. Source locator: Market overview states its South African and wider African purpose and access to a platform for buying and selling carbon credits and renewable-energy certificates.
asrt_bulk_e0240f919ad15642,product,prod_f63dd1268b6e12c7,name,FastVolt App,src_0aeaf7bbb4111bf3,provider_claim_only,ai_assisted_research,batch_001_release_004,kaykluz,2026-08-02,,,"Human reviewed. Source locator: Application feature bullet states it locates, organises and pays for charging; page reports more than 100 charging points in Morocco."
asrt_bulk_e04cbfd6a79798d7,product,prod_46feee3513c5f4a9,organisation_id,org_99b1e294a6715f25,src_19cbb51c9737fa08,provider_claim_only,ai_assisted_research,batch_001_release_011,kaykluz,2026-08-02,,,Human reviewed. Source locator: Launch Platform > NetView product entry.
asrt_bulk_e05bfce229270f1d,product,prod_01e0b6c0d126d66c,access_model,commercial,src_c2df3e2d24c3763b,provider_claim_only,ai_assisted_research,batch_001_release_001,kaykluz,2026-08-02,,,Human reviewed. Source locator: Market overview states its South African and wider African purpose and access to a platform for buying and selling carbon credits and renewable-energy certificates.
asrt_bulk_e08017d6005ea163,organisation,org_df0fd10412aadaab,headquarters_country,GH,src_0df75f7550839b7c,provider_claim_only,ai_assisted_research,batch_001_release_005,kaykluz,2026-08-02,,,"Human reviewed. Source locator: Kofa app technology and Swap & Go sections describe app-based access, station availability and Ghana/Kenya network operations."
asrt_bulk_e08107a7c301df41,product,prod_47d2aba604b42faf,access_model,commercial,src_c7616caa46f7a0c2,provider_claim_only,ai_assisted_research,batch_001_release_007,kaykluz,2026-08-02,,,Human reviewed. Source locator: Paragraph stating that the ICC platform was upgraded with GE Vernova's GridOS forecasting solution for VRE forecasting and ramping.
asrt_bulk_e09bd42e9f2c3455,product,prod_21c1794343050d9f,lifecycle_status,active,src_e0428ec7ccfcfd99,provider_claim_only,ai_assisted_research,batch_001_release_012,kaykluz,2026-08-02,,,Human reviewed. Source locator: Opening 'Empower your customers' section and 'Better informed' notification list.
asrt_bulk_e182a10cc60aca5f,product,prod_4801ed63e28a4c98,description,"Private-energy transaction software for contract automation, power sales and wheeling management.",src_8055fc93905afd67,provider_claim_only,ai_assisted_research,batch_001_release_013,kaykluz,2026-08-02,,,Human reviewed. Source locator: Our Solutions / Energypro Transactions section names the product and describes contract and transaction automation.
asrt_bulk_e1a12022175850ad,product,prod_7b787a3f1eec1e39,website,https://www.spironet.com/faq,src_2036ee97788b09bc,provider_claim_only,ai_assisted_research,batch_001_release_005,kaykluz,2026-08-02,,,Human reviewed. Source locator: FAQ questions 3 and 9 list Kenya among operating countries and instruct riders to locate swap stations with the Spiro app.
asrt_bulk_e1f0c6cef9d55ba4,organisation,org_9fb06d7319bc6e76,origin_classification,global_deployed_in_africa,src_2036ee97788b09bc,provider_claim_only,ai_assisted_research,batch_001_release_005,kaykluz,2026-08-02,,,Human reviewed. Source locator: FAQ questions 3 and 9 list Kenya among operating countries and instruct riders to locate swap stations with the Spiro app.
asrt_bulk_e2050d4548980cab,product,prod_8d5f9abcd9decdc8,website,https://arkflow.co.za/,src_cdecc55785a2e84f,provider_claim_only,ai_assisted_research,batch_001_release_006,kaykluz,2026-08-02,,,"Human reviewed. Source locator: Sections 'This is the actual product', 'Engineering Studio', 'Yield and simulation', 'How a deal moves' and footer legal registration details."
asrt_bulk_e2157b570c0359af,organisation,org_b5a699ab229742b6,country_of_origin,ZA,src_33e8d065011165de,provider_claim_only,ai_assisted_research,batch_001_release_002,kaykluz,2026-08-02,,,"Human reviewed. Source locator: Opening overview, Details and Features sections; Output Examples include grid GIS outputs."
asrt_bulk_e285778c16cbd662,product,prod_a99b94237c7e13fa,name,PowerPay,src_419b4f8f3ed72377,independently_evidenced,ai_assisted_research,batch_001_release_009,kaykluz,2026-08-02,,,"Human reviewed. Source locator: Project description names PowerPay and describes monitoring, revenue collection, asset management and energy-use tracking; page reports current use in East Africa."
asrt_bulk_e285bf12c00ff58e,product,prod_2cb981c2e4d76c28,description,"Web-based meter-administration and prepaid vending software for electricity, water and gas, with a high-volume transaction gateway.",src_0e2b17c179cb2014,provider_claim_only,ai_assisted_research,batch_001_release_012,kaykluz,2026-08-02,,,Human reviewed. Source locator: Data Centre > Meter Data Manager and Vending Gateway sections.
asrt_bulk_e2ba427b30ed109e,product,prod_daa50f9ebedcc7b0,access_model,public,src_c884b377e1fc531b,public_source,ai_assisted_research,batch_001_release_011,kaykluz,2026-08-02,,,Human reviewed. Source locator: EAE description and IMPACCT Framework paragraph identify the tool for priority-area and energy-access planning.
asrt_bulk_e2d2e80f24b3ef05,organisation,org_3684c370a0486cf0,name,Metavolt Énergie and Nghezo,src_05e838c776926403,independently_evidenced,ai_assisted_research,batch_001_release_008,kaykluz,2026-08-02,,,"Human reviewed. Source locator: Project heading and summary identify SolarFlow, Burkina Faso and its monitoring, automation and optimisation functions."
asrt_bulk_e31c10dd47cd214b,product,prod_54cb1b174fd192ac,primary_category_id,cat_finance_procurement_underwriting,src_c884b377e1fc531b,public_source,ai_assisted_research,batch_001_release_007,kaykluz,2026-08-02,,,Human reviewed. Source locator: IMPACCT Framework finance paragraph names MINFin for developing national climate-finance strategies.
asrt_bulk_e32de68e9b7d372c,product,prod_65cb59d227c4267f,organisation_id,org_907aa74533dc527b,src_c7616caa46f7a0c2,provider_claim_only,ai_assisted_research,batch_001_release_013,kaykluz,2026-08-02,,,Human reviewed. Source locator: Opening announcement and ICC technology list naming an Energy Management System engineered for dispatching.
asrt_bulk_e3944036926ccc33,deployment,dep_3962898e06c0b969,lifecycle_status,historical,src_0b7158369b815d9f,provider_claim_only,ai_assisted_research,batch_001_release_002,kaykluz,2026-08-02,,,Human reviewed. Source locator: Presentation summary under '2022 – AVEVA PI World – Amsterdam – Power Generation'.
asrt_bulk_e3c7603d766e448c,product,prod_642f0da0b4e417a3,description,"EV charge-station management platform for infrastructure monitoring, sessions, connectors and load balancing.",src_de00f697c22cfe83,provider_claim_only,ai_assisted_research,batch_001_release_004,kaykluz,2026-08-02,,,"Human reviewed. Source locator: Featured Product and All-in-one EV Charging Software Management sections name Pika EV Drive and list station, session and smart-energy controls; page gives Cairo headquarters."
asrt_bulk_e40716c7539ad83c,product,prod_37d006103d63d180,name,FinTrack,src_c884b377e1fc531b,public_source,ai_assisted_research,batch_001_release_006,kaykluz,2026-08-02,,,Human reviewed. Source locator: IMPACCT Framework finance paragraph identifies FinTrack as the source of financing terms.
asrt_bulk_e4246c7097088c47,organisation,org_907aa74533dc527b,origin_classification,global_deployed_in_africa,src_c7616caa46f7a0c2,provider_claim_only,ai_assisted_research,batch_001_release_013,kaykluz,2026-08-02,,,Human reviewed. Source locator: Opening announcement and ICC technology list naming an Energy Management System engineered for dispatching.
asrt_bulk_e4ca47ce1e3a789c,product,prod_63cceeebf437dc69,sector_id,sector_power_utilities,src_d4d68c56788ce4d7,customer_confirmed,ai_assisted_research,batch_001_release_008,kaykluz,2026-08-02,,,"Human reviewed. Source locator: Project at a Glance, Solution and How It Works sections name eThekwini, Plentify HEMS, virtual-power-plant functions and the early-pilot status."
asrt_bulk_e51c2b4174cbf9b8,product,prod_7ec0014d7e86dba9,organisation_id,org_58b430c887a693da,src_8ad2a6fd5ad32af1,independently_evidenced,ai_assisted_research,batch_001_release_001,kaykluz,2026-08-02,,,"Human reviewed. Source locator: Opening two paragraphs identify Growthpoint's South African e-co2 initiative, Fuel Switch partnership and blockchain REC exchange rollout."
asrt_bulk_e57f93f3598fb9a8,organisation,org_41b9fcad44ad911b,name,7Secondsolar (Pty) Ltd,src_b587f5fa42612646,public_source,ai_assisted_research,batch_001_release_005,kaykluz,2026-08-02,,,"Human reviewed. Source locator: Winner profile, paragraphs describing 7Secondsolar's Cape Town headquarters and AutoPV functions, plus Contact Data."
asrt_bulk_e586afd9cb5c06f8,product,prod_84787f6a75dff4dd,primary_category_id,cat_generation_storage_operations,src_d151cbedc6c4759e,provider_claim_only,ai_assisted_research,batch_001_release_008,kaykluz,2026-08-02,,,"Human reviewed. Source locator: Daystar Power case block: Nigeria, Ghana, Togo and Senegal; 200+ sites; customer quotation describing AMMP as an operations tool."
asrt_bulk_e5a4e1e5e3069f5f,product,prod_4a59c1c6110c4219,name,MyVoltage Utility Management Platform,src_e1397f8d9f1aec2c,provider_claim_only,ai_assisted_research,batch_001_release_011,kaykluz,2026-08-02,,,"Human reviewed. Source locator: Opening product description, Key product features and Value-added service offering."
asrt_bulk_e5dc8ac3c29039fb,deployment,dep_91df12effd6080a3,country_iso2,NG,src_d151cbedc6c4759e,provider_claim_only,ai_assisted_research,batch_001_release_008,kaykluz,2026-08-02,,,"Human reviewed. Source locator: Daystar Power case block: Nigeria, Ghana, Togo and Senegal; 200+ sites; customer quotation describing AMMP as an operations tool."
asrt_bulk_e62bbc7ea71c8fe4,product,prod_a4f1a4a52c37c33c,name,PaygOps,src_36ff3d019dab7c6f,provider_claim_only,ai_assisted_research,batch_001_release_009,kaykluz,2026-08-02,,,Human reviewed. Source locator: Overview paragraphs identifying Kazang Solar as a Zambian PAYGo solar distributor and stating it adopted PaygOps in late 2022.
asrt_bulk_e6425a968a1a23a6,product,prod_90c1269fb6533050,description,"A cloud AMI platform for visibility, monitoring and control of energy billing across utility metering assets.",src_3fed97da9ebf5a38,provider_claim_only,ai_assisted_research,batch_001_release_012,kaykluz,2026-08-02,,,"Human reviewed. Source locator: SteamaCo Product Suite, 'Nimbus AMI' product block."
asrt_bulk_e69308586a0e84c7,product,prod_7ec0014d7e86dba9,name,Fuel Switch,src_8ad2a6fd5ad32af1,independently_evidenced,ai_assisted_research,batch_001_release_001,kaykluz,2026-08-02,,,"Human reviewed. Source locator: Opening two paragraphs identify Growthpoint's South African e-co2 initiative, Fuel Switch partnership and blockchain REC exchange rollout."
asrt_bulk_e6bdfbbf4ce8896a,product,prod_8d5f9abcd9decdc8,primary_category_id,cat_engineering_design_simulation,src_cdecc55785a2e84f,provider_claim_only,ai_assisted_research,batch_001_release_006,kaykluz,2026-08-02,,,"Human reviewed. Source locator: Sections 'This is the actual product', 'Engineering Studio', 'Yield and simulation', 'How a deal moves' and footer legal registration details."
asrt_bulk_e6c6427a8a871941,product,prod_2cb981c2e4d76c28,organisation_id,org_0a99ba7088470e53,src_0e2b17c179cb2014,provider_claim_only,ai_assisted_research,batch_001_release_012,kaykluz,2026-08-02,,,Human reviewed. Source locator: Data Centre > Meter Data Manager and Vending Gateway sections.
asrt_bulk_e6c64eb2668a7ee5,organisation,org_c196bc963028ee6e,origin_classification,public_or_open_infrastructure,src_c884b377e1fc531b,public_source,ai_assisted_research,batch_001_release_007,kaykluz,2026-08-02,,,Human reviewed. Source locator: Model Integration / IMPACCT Framework paragraph names FlexTool for evaluating power-system flexibility from OSeMOSYS results.
asrt_bulk_e6de8837dbf91cd1,product,prod_3c464ba494208cc0,lifecycle_status,active,src_c884b377e1fc531b,public_source,ai_assisted_research,batch_001_release_001,kaykluz,2026-08-02,,,Human reviewed. Source locator: IMPACCT Framework paragraph identifies PathCalc for interactively visualising carbon emissions.
asrt_bulk_e757c3dbce6c6c2b,organisation,org_fc7c0c72d1969875,headquarters_country,ZA,src_f533c88c1d12d756,provider_claim_only,ai_assisted_research,batch_001_release_002,kaykluz,2026-08-02,,,"Human reviewed. Source locator: Opening product description, 'Adroit IoT Platform', 'Security', 'Services Orientated' and vertical-application paragraph naming Energy."
asrt_bulk_e7b4a8e7b1c03381,organisation,org_a05bce318bbf4ea0,headquarters_country,KE,src_1fd4de155f438bff,provider_claim_only,ai_assisted_research,batch_001_release_003,kaykluz,2026-08-02,,,Human reviewed. Source locator: FAQ answer to 'Where can I swap batteries' states that cabinets are deployed across Nairobi and can be found using the mobile app.
asrt_bulk_e81475e22774c156,organisation,org_c538d1eb164e6e41,name,AMMP Technologies,src_d151cbedc6c4759e,provider_claim_only,ai_assisted_research,batch_001_release_008,kaykluz,2026-08-02,,,"Human reviewed. Source locator: Daystar Power case block: Nigeria, Ghana, Togo and Senegal; 200+ sites; customer quotation describing AMMP as an operations tool."
asrt_bulk_e81c5503f5cc442d,product,prod_8c028e7d3c878e74,website,https://www.kth.se/en/2.88189/energy-systems/completed-projects/the-electricity-model-base-for-africa-temba-1.940034,src_7c0c0c942fa173cd,provider_claim_only,ai_assisted_research,batch_001_release_013,kaykluz,2026-08-02,,,Human reviewed. Source locator: Main project paragraph describes continent-wide African country and transmission-link coverage and states that the model is open source.
asrt_bulk_e82cb6743e337a17,product,prod_3464ecbd2a2298cc,primary_category_id,cat_planning_geospatial,src_1aba15c2ac9250fc,provider_claim_only,ai_assisted_research,batch_001_release_009,kaykluz,2026-08-02,,,"Human reviewed. Source locator: Solution paragraph selecting ArcGIS Enterprise and Results paragraphs stating installation in 2018, portal deployment, dashboards and spatial analysis."
asrt_bulk_e8391b5a34184a7f,product,prod_5cabfd347277fd43,description,Open-source AI and geospatial model estimating building-level electricity access and demand in sub-Saharan Africa.,src_6fa288b6cac304e9,provider_claim_only,ai_assisted_research,batch_001_release_010,kaykluz,2026-08-02,,,"Human reviewed. Source locator: Opening product description names the IEA-MIT collaboration, open-source status and sub-Saharan Africa coverage."
asrt_bulk_e873be7a6957d886,product,prod_5d86400ebf4fde2e,primary_category_id,cat_planning_geospatial,src_a6c915fb6879f499,public_source,ai_assisted_research,batch_001_release_010,kaykluz,2026-08-02,,,Human reviewed. Source locator: Paragraph beginning 'The GEP Explorer is complemented' identifies the GEP Toolbox as the input-data component.
asrt_bulk_e8ee9c0aa2e2587e,deployment,dep_9f93d6392cac38f3,customer_disclosure,named,src_c7616caa46f7a0c2,provider_claim_only,ai_assisted_research,batch_001_release_013,kaykluz,2026-08-02,,,Human reviewed. Source locator: Opening announcement and ICC technology list naming a Wide Area Monitoring System designed for grid stability.
asrt_bulk_e93d63c8b18e67a3,deployment,dep_5dafb03405e9b7a4,product_id,prod_a4f1a4a52c37c33c,src_36ff3d019dab7c6f,provider_claim_only,ai_assisted_research,batch_001_release_009,kaykluz,2026-08-02,,,Human reviewed. Source locator: Overview paragraphs identifying Kazang Solar as a Zambian PAYGo solar distributor and stating it adopted PaygOps in late 2022.
asrt_bulk_e93dc77484b109be,organisation,org_907aa74533dc527b,name,GE Vernova,src_c7616caa46f7a0c2,provider_claim_only,ai_assisted_research,batch_001_release_013,kaykluz,2026-08-02,,,Human reviewed. Source locator: Opening announcement and ICC technology list naming a Wide Area Monitoring System designed for grid stability.
asrt_bulk_e96ca3f41e17af91,product,prod_21c1794343050d9f,description,"A consumer app for checking prepaid balances, transactions and energy usage and receiving account notifications.",src_e0428ec7ccfcfd99,provider_claim_only,ai_assisted_research,batch_001_release_012,kaykluz,2026-08-02,,,Human reviewed. Source locator: Opening 'Empower your customers' section and 'Better informed' notification list.
asrt_bulk_e9da36d062a7c48c,product,prod_a4f1a4a52c37c33c,access_model,commercial,src_36ff3d019dab7c6f,provider_claim_only,ai_assisted_research,batch_001_release_009,kaykluz,2026-08-02,,,Human reviewed. Source locator: Overview paragraphs identifying Kazang Solar as a Zambian PAYGo solar distributor and stating it adopted PaygOps in late 2022.
asrt_bulk_e9dbbfdc0da5e681,product,prod_7dc0a9bb41944d44,website,https://www.ampersand.energy/technology,src_0a4fa31247a1d3c3,provider_claim_only,ai_assisted_research,batch_001_release_003,kaykluz,2026-08-02,,,Human reviewed. Source locator: Technology page section on the Driver App describes checking battery level and finding a swap station.
asrt_bulk_e9dc774935dbf38c,product,prod_99c67cf93bb73c5f,sector_id,sector_emobility_batteries,src_966853451e9815ad,provider_claim_only,ai_assisted_research,batch_001_release_005,kaykluz,2026-08-02,,,Human reviewed. Source locator: Locate & Control Your Charge Sessions and Seamless Payments sections; introduction states the app is for drivers in South Africa.
asrt_bulk_ea1a176197f7acdb,product,prod_bb8d9737e621ddbf,sector_id,sector_distributed_energy_access,src_05e838c776926403,independently_evidenced,ai_assisted_research,batch_001_release_008,kaykluz,2026-08-02,,,"Human reviewed. Source locator: Project heading and summary identify SolarFlow, Burkina Faso and its monitoring, automation and optimisation functions."
asrt_bulk_ea3235bab8285621,deployment,dep_9f93d6392cac38f3,started_year,2024,src_c7616caa46f7a0c2,provider_claim_only,ai_assisted_research,batch_001_release_013,kaykluz,2026-08-02,,,Human reviewed. Source locator: Opening announcement and ICC technology list naming a Wide Area Monitoring System designed for grid stability.
asrt_bulk_ea4f48fd75175cc9,product,prod_6105cb20d5181a16,organisation_id,org_2744e404ad22d210,src_a6c915fb6879f499,public_source,ai_assisted_research,batch_001_release_010,kaykluz,2026-08-02,,,Human reviewed. Source locator: Paragraph beginning 'The GEP Explorer is complemented' names the GEP Generator and describes custom scenario generation.
asrt_bulk_ea951585ca588cc0,product,prod_84da79537e9d2e53,organisation_id,org_b5a699ab229742b6,src_33e8d065011165de,provider_claim_only,ai_assisted_research,batch_001_release_002,kaykluz,2026-08-02,,,"Human reviewed. Source locator: Opening overview, Details and Features sections; Output Examples include grid GIS outputs."
asrt_bulk_eb5761752fc87ea5,product,prod_84da79537e9d2e53,primary_category_id,cat_data_interoperability_security,src_33e8d065011165de,provider_claim_only,ai_assisted_research,batch_001_release_002,kaykluz,2026-08-02,,,"Human reviewed. Source locator: Opening overview, Details and Features sections; Output Examples include grid GIS outputs."
asrt_bulk_ebba14a5916494eb,product,prod_3464ecbd2a2298cc,description,"Enterprise geospatial platform for utility asset registries, web maps, spatial analysis, dashboards and integration with operational systems.",src_1aba15c2ac9250fc,provider_claim_only,ai_assisted_research,batch_001_release_009,kaykluz,2026-08-02,,,"Human reviewed. Source locator: Solution paragraph selecting ArcGIS Enterprise and Results paragraphs stating installation in 2018, portal deployment, dashboards and spatial analysis."
asrt_bulk_ebf1a7ac2dddda9a,product,prod_88eab8436b1e03d8,organisation_id,org_73b14ede2c4a2ead,src_e5c412f183848e7c,provider_claim_only,ai_assisted_research,batch_001_release_006,kaykluz,2026-08-02,,,"Human reviewed. Source locator: README opening and Features sections describe optimisation, dispatch, power-flow and planning functions; linked African models establish regional use."
asrt_bulk_ebf2bf43e78285bd,deployment,dep_ef40e913768f8074,country_iso2,KE,src_2036ee97788b09bc,provider_claim_only,ai_assisted_research,batch_001_release_005,kaykluz,2026-08-02,,,Human reviewed. Source locator: FAQ questions 3 and 9 list Kenya among operating countries and instruct riders to locate swap stations with the Spiro app.
asrt_bulk_ec324b6410ac0829,product,prod_786ef0a3b218061b,organisation_id,org_4ac6c37b6348829f,src_75449c38606a534e,independently_evidenced,ai_assisted_research,batch_001_release_008,kaykluz,2026-08-02,,,"Human reviewed. Source locator: Project description and Key milestones sections identify the Kenya-based SaaS platform, functions and pilot integrations."
asrt_bulk_ec865ddb9157daa3,product,prod_3cdf76665621519b,primary_category_id,cat_trading_wheeling_settlement,src_8055fc93905afd67,provider_claim_only,ai_assisted_research,batch_001_release_012,kaykluz,2026-08-02,,,Human reviewed. Source locator: Our Solutions / Energypro Marketplace section describes renewable-electricity sourcing and the page identifies South African wheeling operations.
asrt_bulk_eca01449d0a48d33,deployment,dep_3962898e06c0b969,product_id,prod_f3d9dc4a77ea4cab,src_0b7158369b815d9f,provider_claim_only,ai_assisted_research,batch_001_release_002,kaykluz,2026-08-02,,,Human reviewed. Source locator: Presentation summary under '2022 – AVEVA PI World – Amsterdam – Power Generation'.
asrt_bulk_ed0f6eccf2be2c5c,product,prod_76e1cb9631e5da42,lifecycle_status,active,src_1fd4de155f438bff,provider_claim_only,ai_assisted_research,batch_001_release_003,kaykluz,2026-08-02,,,Human reviewed. Source locator: FAQ answer to 'Where can I swap batteries' states that cabinets are deployed across Nairobi and can be found using the mobile app.
asrt_bulk_ed25d610ea4404f6,product,prod_21c1794343050d9f,primary_category_id,cat_retail_metering_billing_payments,src_e0428ec7ccfcfd99,provider_claim_only,ai_assisted_research,batch_001_release_012,kaykluz,2026-08-02,,,Human reviewed. Source locator: Opening 'Empower your customers' section and 'Better informed' notification list.
asrt_bulk_ed2bec4ff8c2617f,product,prod_c0f44036c2631600,access_model,open_source,src_c884b377e1fc531b,public_source,ai_assisted_research,batch_001_release_006,kaykluz,2026-08-02,,,Human reviewed. Source locator: IMPACCT Framework paragraph names FFRM for analysing foregone revenue from early fossil-plant shutdowns.
asrt_bulk_ed6535217a2dd2d7,organisation,org_e6912eb1478e941d,country_of_origin,KE,src_419b4f8f3ed72377,independently_evidenced,ai_assisted_research,batch_001_release_009,kaykluz,2026-08-02,,,"Human reviewed. Source locator: Project description names PowerPay and describes monitoring, revenue collection, asset management and energy-use tracking; page reports current use in East Africa."
asrt_bulk_ed732aa34da8bfde,product,prod_63cceeebf437dc69,primary_category_id,cat_forecasting_flexibility_der,src_d4d68c56788ce4d7,customer_confirmed,ai_assisted_research,batch_001_release_008,kaykluz,2026-08-02,,,"Human reviewed. Source locator: Project at a Glance, Solution and How It Works sections name eThekwini, Plentify HEMS, virtual-power-plant functions and the early-pilot status."
asrt_bulk_ed8a448a696c933b,deployment,dep_3bf37cad1e299f2e,lifecycle_status,active,src_c7616caa46f7a0c2,provider_claim_only,ai_assisted_research,batch_001_release_013,kaykluz,2026-08-02,,,Human reviewed. Source locator: Opening announcement and ICC technology list naming an Energy Management System engineered for dispatching.
asrt_bulk_ed8dd81e14c28979,product,prod_dc72bea09d0725f4,lifecycle_status,active,src_ad5d15b92aa2776d,provider_claim_only,ai_assisted_research,batch_001_release_004,kaykluz,2026-08-02,,,"Human reviewed. Source locator: Homepage 'Now live across Egypt' and feature sections describe the wallet, map, availability and session records."
asrt_bulk_ee006d43e342444b,product,prod_88eab8436b1e03d8,description,Open-source Python framework for optimising and simulating power and energy systems.,src_e5c412f183848e7c,provider_claim_only,ai_assisted_research,batch_001_release_006,kaykluz,2026-08-02,,,"Human reviewed. Source locator: README opening and Features sections describe optimisation, dispatch, power-flow and planning functions; linked African models establish regional use."
asrt_bulk_ee0701fd6bf03047,product,prod_c65e8228650434e7,sector_id,sector_markets_finance_carbon,src_c884b377e1fc531b,public_source,ai_assisted_research,batch_001_release_007,kaykluz,2026-08-02,,,Human reviewed. Source locator: IMPACCT Framework finance paragraph names FINPLAN for evaluating financial viability of utility-scale projects.
asrt_bulk_ee43869e811c4b9c,product,prod_83e8647b12c0f40a,sector_id,sector_power_utilities,src_a1861482fff6a50d,independently_evidenced,ai_assisted_research,batch_001_release_003,kaykluz,2026-08-02,,,"Human reviewed. Source locator: Sections 'Connecting Displaced Communities' and 'Powering Business', especially the introduction of SparkMeter prepaid meters and transfer of remaining connections to BECO."
asrt_bulk_ee48ac7d0df8c57a,product,prod_99b7bcd9a368219b,lifecycle_status,active,src_c884b377e1fc531b,public_source,ai_assisted_research,batch_001_release_009,kaykluz,2026-08-02,,,Human reviewed. Source locator: IMPACCT Framework paragraph names NISMOD for national infrastructure planning.
asrt_bulk_eec577d3094f3273,organisation,org_2744e404ad22d210,website,https://www.esmap.org/,src_a6c915fb6879f499,public_source,ai_assisted_research,batch_001_release_010,kaykluz,2026-08-02,,,Human reviewed. Source locator: Paragraph beginning 'The GEP Explorer is complemented' identifies the GEP Toolbox as the input-data component.
asrt_bulk_eec6980d0a78ed5c,organisation,org_530820839614a2eb,headquarters_country,US,src_fdebbdff203ee17c,provider_claim_only,ai_assisted_research,batch_001_release_009,kaykluz,2026-08-02,,,"Human reviewed. Source locator: Solution section describing 20 field crews using ArcGIS Survey123 to collect customer, property, meter and equipment information."
asrt_bulk_eee97ca8e51f02c9,product,prod_50515a6186c6f41d,organisation_id,org_a08b81b7f5f0b23a,src_8663e6ac3734b42a,provider_claim_only,ai_assisted_research,batch_001_release_008,kaykluz,2026-08-02,,,"Human reviewed. Source locator: Sections 'EMS Software | Monitoring & Control', 'Key functionalities' and FAQs; Solar MD contact page identifies Cape Town as the Africa head office."
asrt_bulk_ef3b3a2406847e70,organisation,org_b5a699ab229742b6,name,Enerweb,src_d129bd0549b7a8a2,provider_claim_only,ai_assisted_research,batch_001_release_007,kaykluz,2026-08-02,,,"Human reviewed. Source locator: Opening product overview, Data-driven Process and Features sections."
asrt_bulk_ef49eeb6bbd407a5,product,prod_88eab8436b1e03d8,open_source_url,https://github.com/PyPSA/PyPSA,src_e5c412f183848e7c,provider_claim_only,ai_assisted_research,batch_001_release_006,kaykluz,2026-08-02,,,"Human reviewed. Source locator: README opening and Features sections describe optimisation, dispatch, power-flow and planning functions; linked African models establish regional use."
asrt_bulk_efd7cfeec603b064,organisation,org_ccaab0a9973b7404,website,https://www.ev-node.com/,src_ad5d15b92aa2776d,provider_claim_only,ai_assisted_research,batch_001_release_004,kaykluz,2026-08-02,,,"Human reviewed. Source locator: Homepage 'Now live across Egypt' and feature sections describe the wallet, map, availability and session records."
asrt_bulk_efda68aa64595a94,organisation,org_a05bce318bbf4ea0,website,https://arcrideglobal.com/,src_1fd4de155f438bff,provider_claim_only,ai_assisted_research,batch_001_release_003,kaykluz,2026-08-02,,,Human reviewed. Source locator: FAQ answer to 'Where can I swap batteries' states that cabinets are deployed across Nairobi and can be found using the mobile app.
asrt_bulk_f0027fec9e3d84f4,product,prod_3464ecbd2a2298cc,lifecycle_status,active,src_1aba15c2ac9250fc,provider_claim_only,ai_assisted_research,batch_001_release_009,kaykluz,2026-08-02,,,"Human reviewed. Source locator: Solution paragraph selecting ArcGIS Enterprise and Results paragraphs stating installation in 2018, portal deployment, dashboards and spatial analysis."
asrt_bulk_f011bd0557945dde,product,prod_7ca64cacd469d465,lifecycle_status,active,src_c563b254a72836d5,provider_claim_only,ai_assisted_research,batch_001_release_007,kaykluz,2026-08-02,,,"Human reviewed. Source locator: Sections 'What is SOLINK Core?' and 'How SOLINK Core Works', steps 01 through 04."
asrt_bulk_f034201e3f1c3f0b,product,prod_3f8147ec1b685701,website,https://steama.co/aurora-ai,src_d20623b62099ccd7,provider_claim_only,ai_assisted_research,batch_001_release_003,kaykluz,2026-08-02,,,Human reviewed. Source locator: Sections 'ATC&C Loss Detection & Resolution' and 'How it works'.
asrt_bulk_f041059fd10c44c3,product,prod_786ef0a3b218061b,lifecycle_status,pilot,src_75449c38606a534e,independently_evidenced,ai_assisted_research,batch_001_release_008,kaykluz,2026-08-02,,,"Human reviewed. Source locator: Project description and Key milestones sections identify the Kenya-based SaaS platform, functions and pilot integrations."
asrt_bulk_f052df109ac10daa,deployment,dep_0fd414076188d885,customer_name,West African Power Pool,src_c7616caa46f7a0c2,provider_claim_only,ai_assisted_research,batch_001_release_007,kaykluz,2026-08-02,,,Human reviewed. Source locator: Paragraph stating that the ICC platform was upgraded with GE Vernova's GridOS forecasting solution for VRE forecasting and ramping.
asrt_bulk_f0afcd3dcc9846aa,organisation,org_d48d027ab1a1011c,country_of_origin,ZA,src_8055fc93905afd67,provider_claim_only,ai_assisted_research,batch_001_release_013,kaykluz,2026-08-02,,,Human reviewed. Source locator: Our Solutions / Energypro Transactions section names the product and describes contract and transaction automation.
asrt_bulk_f118149490dcc50d,product,prod_d52c504a42c601a3,website,https://osemosys.readthedocs.io/en/latest/,src_a9aeffadb63a1fef,provider_claim_only,ai_assisted_research,batch_001_release_006,kaykluz,2026-08-02,,,"Human reviewed. Source locator: Opening paragraph states that OSeMOSYS has been used for African Power Pools and other continental, country and village models."
asrt_bulk_f1477b1bab3ca295,product,prod_1b711e547ec33e4e,access_model,public,src_49525542a4a0aa7a,public_source,ai_assisted_research,batch_001_release_010,kaykluz,2026-08-02,,,Human reviewed. Source locator: Industry and Think Tanks section names the IRENA West Africa Electrification Platform and its investment-scenario coverage.
asrt_bulk_f1f42cff57a7eff6,product,prod_a99b94237c7e13fa,sector_id,sector_distributed_energy_access,src_419b4f8f3ed72377,independently_evidenced,ai_assisted_research,batch_001_release_009,kaykluz,2026-08-02,,,"Human reviewed. Source locator: Project description names PowerPay and describes monitoring, revenue collection, asset management and energy-use tracking; page reports current use in East Africa."
asrt_bulk_f2060d977b5cf1ea,organisation,org_9df3ccd43710a1e4,website,https://www.aveva.com/,src_0b7158369b815d9f,provider_claim_only,ai_assisted_research,batch_001_release_002,kaykluz,2026-08-02,,,Human reviewed. Source locator: Presentation summary under '2022 – AVEVA PI World – Amsterdam – Power Generation'.
asrt_bulk_f2c00574e36ad5d9,organisation,org_e33da6f90fe33e3b,origin_classification,public_or_open_infrastructure,src_4b7adae0776349b3,provider_claim_only,ai_assisted_research,batch_001_release_001,kaykluz,2026-08-02,,,"Human reviewed. Source locator: Key Features sections describe generation validation, device management, certificate tokens and eligible mini-grid and solar-home-system devices."
asrt_bulk_f2e52f1ebacf4eb9,organisation,org_8f37967e82047776,name,KTH Royal Institute of Technology and United Nations partners,src_80750634d4eb4e8f,provider_claim_only,ai_assisted_research,batch_001_release_010,kaykluz,2026-08-02,,,Human reviewed. Source locator: United Nations app subsection describes the interface and results for 54 developing countries in sub-Saharan Africa and Latin America.
asrt_bulk_f31dd26babf0ae91,organisation,org_b4e978f005016067,name,Climate Compatible Growth,src_c884b377e1fc531b,public_source,ai_assisted_research,batch_001_release_007,kaykluz,2026-08-02,,,Human reviewed. Source locator: IMPACCT Framework finance paragraph names MINFin for developing national climate-finance strategies.
asrt_bulk_f325fa2f8cb87251,organisation,org_7951c70ccd95064f,country_of_origin,ZA,src_31fdc6b36c19f321,provider_claim_only,ai_assisted_research,batch_001_release_011,kaykluz,2026-08-02,,,Human reviewed. Source locator: Opening platform summary; 'The platform'; 'What we meter'; 'How it works'; FAQ; footer address.
asrt_bulk_f339ddc9116dac9e,organisation,org_d8a52b70cf175966,headquarters_country,ZA,src_afd975f932305487,provider_claim_only,ai_assisted_research,batch_001_release_001,kaykluz,2026-08-02,,,"Human reviewed. Source locator: Introduction: the Elon Smart Water Solution includes hardware, a mobile app and a cloud services platform; About page states the IP and manufacturing are South African."
asrt_bulk_f37ea13e087b8b08,organisation,org_63de83960ce6a966,website,https://www.bboxx.com/,src_2f4a7e763bb7e671,provider_claim_only,ai_assisted_research,batch_001_release_009,kaykluz,2026-08-02,,,Human reviewed. Source locator: Country profile opening paragraphs: operations launched as Bboxx in 2023 and use Bboxx Pulse in Mali.
asrt_bulk_f3b03f51c6761745,product,prod_af06988b7962e214,website,https://gridcars.net/,src_a007594faa6d6482,provider_claim_only,ai_assisted_research,batch_001_release_004,kaykluz,2026-08-02,,,"Human reviewed. Source locator: Homepage section on the national network names ChargePocket and describes its live map, charger details, sessions and payments."
asrt_bulk_f3df6f95de96a493,product,prod_4e6bb096113f7a45,name,NetMaps,src_19cbb51c9737fa08,provider_claim_only,ai_assisted_research,batch_001_release_010,kaykluz,2026-08-02,,,Human reviewed. Source locator: Launch Platform > NetMaps product entry.
asrt_bulk_f40b17e633ad0526,organisation,org_b4e978f005016067,origin_classification,public_or_open_infrastructure,src_c884b377e1fc531b,public_source,ai_assisted_research,batch_001_release_006,kaykluz,2026-08-02,,,Human reviewed. Source locator: IMPACCT Framework paragraph names FFRM for analysing foregone revenue from early fossil-plant shutdowns.
asrt_bulk_f43bfdb5d1b881ec,organisation,org_c60ee59766bb7296,origin_classification,africa_built,src_d4d68c56788ce4d7,customer_confirmed,ai_assisted_research,batch_001_release_008,kaykluz,2026-08-02,,,"Human reviewed. Source locator: Project at a Glance, Solution and How It Works sections name eThekwini, Plentify HEMS, virtual-power-plant functions and the early-pilot status."
asrt_bulk_f487c488dacef121,product,prod_99c67cf93bb73c5f,primary_category_id,cat_emobility_battery_networks,src_966853451e9815ad,provider_claim_only,ai_assisted_research,batch_001_release_005,kaykluz,2026-08-02,,,Human reviewed. Source locator: Locate & Control Your Charge Sessions and Seamless Payments sections; introduction states the app is for drivers in South Africa.
asrt_bulk_f493432ecf9cb2f5,product,prod_6511e9ace503cbaa,primary_category_id,cat_finance_procurement_underwriting,src_c884b377e1fc531b,public_source,ai_assisted_research,batch_001_release_006,kaykluz,2026-08-02,,,Human reviewed. Source locator: IMPACCT Framework finance paragraph identifies FinCoRE as the source of projected capital costs.
asrt_bulk_f4a8e90e20f3d1bc,product,prod_31c98189497128c4,organisation_id,org_d26348409ac6de26,src_0b2d11046a03402c,provider_claim_only,ai_assisted_research,batch_001_release_005,kaykluz,2026-08-02,,,"Human reviewed. Source locator: How It Works and Key Features sections name the web app, station location, IoT health monitoring and dynamic routing; contact section identifies Nairobi."
asrt_bulk_f4c21e087514e413,product,prod_c0f44036c2631600,organisation_id,org_b4e978f005016067,src_c884b377e1fc531b,public_source,ai_assisted_research,batch_001_release_006,kaykluz,2026-08-02,,,Human reviewed. Source locator: IMPACCT Framework paragraph names FFRM for analysing foregone revenue from early fossil-plant shutdowns.
asrt_bulk_f50c49c0cdaa5f71,product,prod_7ec0014d7e86dba9,sector_id,sector_markets_finance_carbon,src_8ad2a6fd5ad32af1,independently_evidenced,ai_assisted_research,batch_001_release_001,kaykluz,2026-08-02,,,"Human reviewed. Source locator: Opening two paragraphs identify Growthpoint's South African e-co2 initiative, Fuel Switch partnership and blockchain REC exchange rollout."
asrt_bulk_f543250ec5422280,product,prod_b57d9407040b6d6d,name,MeterX,src_31fdc6b36c19f321,provider_claim_only,ai_assisted_research,batch_001_release_011,kaykluz,2026-08-02,,,Human reviewed. Source locator: Opening platform summary; 'The platform'; 'What we meter'; 'How it works'; FAQ; footer address.
asrt_bulk_f56d0a6a30fd0355,product,prod_3f8147ec1b685701,primary_category_id,cat_distribution_utility_operations,src_d20623b62099ccd7,provider_claim_only,ai_assisted_research,batch_001_release_003,kaykluz,2026-08-02,,,Human reviewed. Source locator: Sections 'ATC&C Loss Detection & Resolution' and 'How it works'.
asrt_bulk_f619a28807ee11a4,product,prod_c65e8228650434e7,access_model,public,src_c884b377e1fc531b,public_source,ai_assisted_research,batch_001_release_007,kaykluz,2026-08-02,,,Human reviewed. Source locator: IMPACCT Framework finance paragraph names FINPLAN for evaluating financial viability of utility-scale projects.
asrt_bulk_f62c373bcab7f3e0,product,prod_353718ec5630f5cc,primary_category_id,cat_forecasting_flexibility_der,src_d129bd0549b7a8a2,provider_claim_only,ai_assisted_research,batch_001_release_007,kaykluz,2026-08-02,,,"Human reviewed. Source locator: Opening product overview, Data-driven Process and Features sections."
asrt_bulk_f6e0e6072d99ffff,organisation,org_96eebaf75520bce8,headquarters_country,ZA,src_c563b254a72836d5,provider_claim_only,ai_assisted_research,batch_001_release_007,kaykluz,2026-08-02,,,"Human reviewed. Source locator: Sections 'What is SOLINK Core?' and 'How SOLINK Core Works', steps 01 through 04."
asrt_bulk_f6e44d9107b99c0b,organisation,org_7951c70ccd95064f,headquarters_country,ZA,src_31fdc6b36c19f321,provider_claim_only,ai_assisted_research,batch_001_release_011,kaykluz,2026-08-02,,,Human reviewed. Source locator: Opening platform summary; 'The platform'; 'What we meter'; 'How it works'; FAQ; footer address.
asrt_bulk_f7163081ba98f2ca,product,prod_fbd4ec7d619dc446,lifecycle_status,active,src_b587f5fa42612646,public_source,ai_assisted_research,batch_001_release_005,kaykluz,2026-08-02,,,"Human reviewed. Source locator: Winner profile, paragraphs describing 7Secondsolar's Cape Town headquarters and AutoPV functions, plus Contact Data."
asrt_bulk_f720b888dded0fae,product,prod_b57d9407040b6d6d,description,"Utility metering and billing platform that reconciles grid, solar, battery and generator supply against tenant consumption and applies South African electricity tariffs.",src_31fdc6b36c19f321,provider_claim_only,ai_assisted_research,batch_001_release_011,kaykluz,2026-08-02,,,Human reviewed. Source locator: Opening platform summary; 'The platform'; 'What we meter'; 'How it works'; FAQ; footer address.
asrt_bulk_f785fde98e9ff94b,organisation,org_9df3ccd43710a1e4,origin_classification,global_deployed_in_africa,src_0b7158369b815d9f,provider_claim_only,ai_assisted_research,batch_001_release_002,kaykluz,2026-08-02,,,Human reviewed. Source locator: Presentation summary under '2022 – AVEVA PI World – Amsterdam – Power Generation'.
asrt_bulk_f78943379b17d86e,organisation,org_2744e404ad22d210,name,World Bank ESMAP,src_a6c915fb6879f499,public_source,ai_assisted_research,batch_001_release_010,kaykluz,2026-08-02,,,Human reviewed. Source locator: Paragraph beginning 'The GEP Explorer is complemented' identifies the GEP Toolbox as the input-data component.
asrt_bulk_f7b3fd0bc7e4d95d,product,prod_5d86400ebf4fde2e,sector_id,sector_distributed_energy_access,src_a6c915fb6879f499,public_source,ai_assisted_research,batch_001_release_010,kaykluz,2026-08-02,,,Human reviewed. Source locator: Paragraph beginning 'The GEP Explorer is complemented' identifies the GEP Toolbox as the input-data component.
asrt_bulk_f807c20303b66b45,organisation,org_a05bce318bbf4ea0,country_of_origin,KE,src_1fd4de155f438bff,provider_claim_only,ai_assisted_research,batch_001_release_003,kaykluz,2026-08-02,,,Human reviewed. Source locator: FAQ answer to 'Where can I swap batteries' states that cabinets are deployed across Nairobi and can be found using the mobile app.
asrt_bulk_f835464a8d24e893,product,prod_5cabfd347277fd43,lifecycle_status,active,src_6fa288b6cac304e9,provider_claim_only,ai_assisted_research,batch_001_release_010,kaykluz,2026-08-02,,,"Human reviewed. Source locator: Opening product description names the IEA-MIT collaboration, open-source status and sub-Saharan Africa coverage."
asrt_bulk_f89c1f02aae4f5d3,product,prod_b91aa7029d7054cd,website,https://www.smartviewtechnology.co.za/,src_2a5c99c65a3533f8,provider_claim_only,ai_assisted_research,batch_001_release_002,kaykluz,2026-08-02,,,"Human reviewed. Source locator: About Company; Who is Smart-View Technology; Analytics, Machine Learning & Reporting; Our Location."
asrt_bulk_f93731752da1b6db,product,prod_99c67cf93bb73c5f,name,Rubicon Charge,src_966853451e9815ad,provider_claim_only,ai_assisted_research,batch_001_release_005,kaykluz,2026-08-02,,,Human reviewed. Source locator: Locate & Control Your Charge Sessions and Seamless Payments sections; introduction states the app is for drivers in South Africa.
asrt_bulk_f970858aec4f0ada,product,prod_4801ed63e28a4c98,primary_category_id,cat_trading_wheeling_settlement,src_8055fc93905afd67,provider_claim_only,ai_assisted_research,batch_001_release_013,kaykluz,2026-08-02,,,Human reviewed. Source locator: Our Solutions / Energypro Transactions section names the product and describes contract and transaction automation.
asrt_bulk_f9732e8b7a990001,product,prod_dafd91d42f6636f9,primary_category_id,cat_retail_metering_billing_payments,src_728b5d57ef518817,provider_claim_only,ai_assisted_research,batch_001_release_012,kaykluz,2026-08-02,,,Human reviewed. Source locator: Opening product description and 'Key Capabilities' list; call-to-action names George Municipality as a user.
asrt_bulk_f974ef353bf41941,organisation,org_0a99ba7088470e53,country_of_origin,ZA,src_0e2b17c179cb2014,provider_claim_only,ai_assisted_research,batch_001_release_012,kaykluz,2026-08-02,,,Human reviewed. Source locator: Data Centre > Meter Data Manager and Vending Gateway sections.
asrt_bulk_f975934763d78860,product,prod_bb8d9737e621ddbf,website,https://digital-energy.eu/en/projects/metavolt-energie-nghezo,src_05e838c776926403,independently_evidenced,ai_assisted_research,batch_001_release_008,kaykluz,2026-08-02,,,"Human reviewed. Source locator: Project heading and summary identify SolarFlow, Burkina Faso and its monitoring, automation and optimisation functions."
asrt_bulk_f987bb4d5ca0c8ec,product,prod_46feee3513c5f4a9,description,"Hardware-agnostic utility metering-management platform for electricity, water and gas across multiple communications channels.",src_19cbb51c9737fa08,provider_claim_only,ai_assisted_research,batch_001_release_011,kaykluz,2026-08-02,,,Human reviewed. Source locator: Launch Platform > NetView product entry.
asrt_bulk_f9984c7e3ea319f6,product,prod_7f669470202474a2,access_model,open_source,src_b0d8da97968bb795,provider_claim_only,ai_assisted_research,batch_001_release_005,kaykluz,2026-08-02,,,"Human reviewed. Source locator: Article summary and South African case-study paragraph describe the interface, functions and EMP-A 2021 application."
asrt_bulk_f9bf1bf139aad4b8,deployment,dep_6c7d4295f3f84919,country_iso2,UG,src_1aba15c2ac9250fc,provider_claim_only,ai_assisted_research,batch_001_release_009,kaykluz,2026-08-02,,,"Human reviewed. Source locator: Solution paragraph selecting ArcGIS Enterprise and Results paragraphs stating installation in 2018, portal deployment, dashboards and spatial analysis."
asrt_bulk_fa2ef8f1bb899adb,product,prod_ad4f1a22ff85d12b,access_model,commercial,src_705592f873593725,provider_claim_only,ai_assisted_research,batch_001_release_013,kaykluz,2026-08-02,,,Human reviewed. Source locator: Opening paragraph and complete energy trading platform feature list; contact block gives the Cape Town address.
asrt_bulk_fa494b96998543f5,organisation,org_41b9fcad44ad911b,headquarters_country,ZA,src_b587f5fa42612646,public_source,ai_assisted_research,batch_001_release_005,kaykluz,2026-08-02,,,"Human reviewed. Source locator: Winner profile, paragraphs describing 7Secondsolar's Cape Town headquarters and AutoPV functions, plus Contact Data."
asrt_bulk_fa4a27368f90fc29,product,prod_d5b79f9c98ecce44,name,NetVend,src_19cbb51c9737fa08,provider_claim_only,ai_assisted_research,batch_001_release_011,kaykluz,2026-08-02,,,Human reviewed. Source locator: Launch Platform > NetVend product entry.
asrt_bulk_fa6b126de473c616,organisation,org_406033f114a69ab6,name,Pylon,src_c70678946460cecc,provider_claim_only,ai_assisted_research,batch_001_release_003,kaykluz,2026-08-02,,,"Human reviewed. Source locator: Products section, 'Utility Management Platform'; Contacts section gives the Giza, Egypt address."
asrt_bulk_fa757e218268973d,product,prod_3f8147ec1b685701,sector_id,sector_power_utilities,src_d20623b62099ccd7,provider_claim_only,ai_assisted_research,batch_001_release_003,kaykluz,2026-08-02,,,Human reviewed. Source locator: Sections 'ATC&C Loss Detection & Resolution' and 'How it works'.
asrt_bulk_fafc092298faaa4d,product,prod_84da79537e9d2e53,name,Data Integrator,src_33e8d065011165de,provider_claim_only,ai_assisted_research,batch_001_release_002,kaykluz,2026-08-02,,,"Human reviewed. Source locator: Opening overview, Details and Features sections; Output Examples include grid GIS outputs."
asrt_bulk_fb187629364da577,product,prod_d6cc37a1cf2d1294,open_source_url,https://github.com/pypsa-meets-earth/pypsa-earth,src_978f6fdd465962a6,provider_claim_only,ai_assisted_research,batch_001_release_006,kaykluz,2026-08-02,,,Human reviewed. Source locator: README introduction and cited paper identify the open model and its demonstration in Africa.
asrt_bulk_fbb0bcc4615cd2c9,organisation,org_6894f264f4bd16ed,headquarters_country,EG,src_09a3d01a3a3a8b9a,provider_claim_only,ai_assisted_research,batch_001_release_004,kaykluz,2026-08-02,,,Human reviewed. Source locator: Homepage headings 'The Complete EV Charging Software Platform' and location section identifying Egypt.
asrt_bulk_fbd5e1a6d12063f0,product,prod_4e6bb096113f7a45,primary_category_id,cat_planning_geospatial,src_19cbb51c9737fa08,provider_claim_only,ai_assisted_research,batch_001_release_010,kaykluz,2026-08-02,,,Human reviewed. Source locator: Launch Platform > NetMaps product entry.
asrt_bulk_fbe5720a7a5d03d5,deployment,dep_3962898e06c0b969,customer_disclosure,named,src_0b7158369b815d9f,provider_claim_only,ai_assisted_research,batch_001_release_002,kaykluz,2026-08-02,,,Human reviewed. Source locator: Presentation summary under '2022 – AVEVA PI World – Amsterdam – Power Generation'.
asrt_bulk_fc26662f13a33747,organisation,org_58b430c887a693da,website,https://digital-energy.eu/en/projects/fuel-switch,src_8ad2a6fd5ad32af1,independently_evidenced,ai_assisted_research,batch_001_release_001,kaykluz,2026-08-02,,,"Human reviewed. Source locator: Opening two paragraphs identify Growthpoint's South African e-co2 initiative, Fuel Switch partnership and blockchain REC exchange rollout."
asrt_bulk_fc2ded254de1a29b,product,prod_faed4459e7d6ab27,access_model,commercial,src_fdebbdff203ee17c,provider_claim_only,ai_assisted_research,batch_001_release_009,kaykluz,2026-08-02,,,"Human reviewed. Source locator: Solution section describing 20 field crews using ArcGIS Survey123 to collect customer, property, meter and equipment information."
asrt_bulk_fc2f81493d3e0390,product,prod_54cb1b174fd192ac,organisation_id,org_b4e978f005016067,src_c884b377e1fc531b,public_source,ai_assisted_research,batch_001_release_007,kaykluz,2026-08-02,,,Human reviewed. Source locator: IMPACCT Framework finance paragraph names MINFin for developing national climate-finance strategies.
asrt_bulk_fc66e4f8e64992af,product,prod_83e8647b12c0f40a,access_model,commercial,src_a1861482fff6a50d,independently_evidenced,ai_assisted_research,batch_001_release_003,kaykluz,2026-08-02,,,"Human reviewed. Source locator: Sections 'Connecting Displaced Communities' and 'Powering Business', especially the introduction of SparkMeter prepaid meters and transfer of remaining connections to BECO."
asrt_bulk_fcb59f1a29ce4e1d,product,prod_bb8d9737e621ddbf,name,SolarFlow,src_05e838c776926403,independently_evidenced,ai_assisted_research,batch_001_release_008,kaykluz,2026-08-02,,,"Human reviewed. Source locator: Project heading and summary identify SolarFlow, Burkina Faso and its monitoring, automation and optimisation functions."
asrt_bulk_fcc0f601ee2a3a19,organisation,org_41b9fcad44ad911b,origin_classification,africa_built,src_b587f5fa42612646,public_source,ai_assisted_research,batch_001_release_005,kaykluz,2026-08-02,,,"Human reviewed. Source locator: Winner profile, paragraphs describing 7Secondsolar's Cape Town headquarters and AutoPV functions, plus Contact Data."
asrt_bulk_fcdc54339ae4cb9d,product,prod_5ace380c4742b933,access_model,commercial,src_afd975f932305487,provider_claim_only,ai_assisted_research,batch_001_release_001,kaykluz,2026-08-02,,,"Human reviewed. Source locator: Introduction: the Elon Smart Water Solution includes hardware, a mobile app and a cloud services platform; About page states the IP and manufacturing are South African."
asrt_bulk_fcfff940c18066af,product,prod_28e66e28e429e98a,access_model,commercial,src_0df75f7550839b7c,provider_claim_only,ai_assisted_research,batch_001_release_005,kaykluz,2026-08-02,,,"Human reviewed. Source locator: Kofa app technology and Swap & Go sections describe app-based access, station availability and Ghana/Kenya network operations."
asrt_bulk_fd036a4f8d641bba,deployment,dep_44d402bf3aac6e76,product_id,prod_63cceeebf437dc69,src_d4d68c56788ce4d7,customer_confirmed,ai_assisted_research,batch_001_release_008,kaykluz,2026-08-02,,,"Human reviewed. Source locator: Project at a Glance, Solution and How It Works sections name eThekwini, Plentify HEMS, virtual-power-plant functions and the early-pilot status."
asrt_bulk_fd37ce8231710c8b,product,prod_4862d10385138cf5,description,Open digital platform for validating distributed renewable generation data and issuing traceable energy certificates.,src_4b7adae0776349b3,provider_claim_only,ai_assisted_research,batch_001_release_001,kaykluz,2026-08-02,,,"Human reviewed. Source locator: Key Features sections describe generation validation, device management, certificate tokens and eligible mini-grid and solar-home-system devices."
asrt_bulk_fd67b1766770ab10,organisation,org_907aa74533dc527b,headquarters_country,US,src_c7616caa46f7a0c2,provider_claim_only,ai_assisted_research,batch_001_release_013,kaykluz,2026-08-02,,,Human reviewed. Source locator: Opening announcement and ICC technology list naming a Wide Area Monitoring System designed for grid stability.
asrt_bulk_fdc346617fef2bf0,product,prod_3c464ba494208cc0,name,PathCalc,src_c884b377e1fc531b,public_source,ai_assisted_research,batch_001_release_001,kaykluz,2026-08-02,,,Human reviewed. Source locator: IMPACCT Framework paragraph identifies PathCalc for interactively visualising carbon emissions.
asrt_bulk_fdcf949d10abf92b,product,prod_870e878724216eb1,access_model,commercial,src_85884b03ae89ab9b,independently_evidenced,ai_assisted_research,batch_001_release_008,kaykluz,2026-08-02,,,"Human reviewed. Source locator: Project at a Glance, Solution, How It Works and Results So Far sections name the platform and describe real-world operator use across sub-Saharan Africa."
asrt_bulk_fdda64e84f9572cc,product,prod_a3b8555b0b37b5d2,organisation_id,org_36577bb3608ee5a3,src_06e5f378dc49db18,provider_claim_only,ai_assisted_research,batch_001_release_003,kaykluz,2026-08-02,,,"Human reviewed. Source locator: Our Technology section names AmperOps and describes fleet-management, telemetry and predictive battery-lifespan optimisation."
asrt_bulk_fe5f1f8360a870a3,product,prod_3b9526941c4a04c6,primary_category_id,cat_distribution_utility_operations,src_7de3c1f07aa1a7fc,provider_claim_only,ai_assisted_research,batch_001_release_002,kaykluz,2026-08-02,,,"Human reviewed. Source locator: Solution section stating that IoT, smart-meter and RTU data is aggregated with ArcGIS GeoEvent Server to update feature layers."
asrt_bulk_ff33a8b82e548d90,organisation,org_36577bb3608ee5a3,origin_classification,africa_built,src_0a4fa31247a1d3c3,provider_claim_only,ai_assisted_research,batch_001_release_003,kaykluz,2026-08-02,,,Human reviewed. Source locator: Technology page section on the Driver App describes checking battery level and finding a swap station.
asrt_bulk_ff365e18266897d2,product,prod_54cb1b174fd192ac,description,Model for Informed National Financing used to develop national climate-finance strategies.,src_c884b377e1fc531b,public_source,ai_assisted_research,batch_001_release_007,kaykluz,2026-08-02,,,Human reviewed. Source locator: IMPACCT Framework finance paragraph names MINFin for developing national climate-finance strategies.
asrt_bulk_ff3b6c64cd5e473b,product,prod_2cb981c2e4d76c28,primary_category_id,cat_retail_metering_billing_payments,src_0e2b17c179cb2014,provider_claim_only,ai_assisted_research,batch_001_release_012,kaykluz,2026-08-02,,,Human reviewed. Source locator: Data Centre > Meter Data Manager and Vending Gateway sections.
asrt_bulk_ff9105c839434846,organisation,org_907aa74533dc527b,headquarters_country,US,src_c7616caa46f7a0c2,provider_claim_only,ai_assisted_research,batch_001_release_007,kaykluz,2026-08-02,,,Human reviewed. Source locator: Paragraph stating that the ICC platform was upgraded with GE Vernova's GridOS forecasting solution for VRE forecasting and ramping.
asrt_c1cb51aeee357631,organisation,org_001,organisation_type,utility_software_scale_up,src_3cbec379ee14aa70,public_source,ai_assisted_research,batch_001_source_review_2026_07_30,kaykluz,2026-07-30,,,Human reviewed in Batch 001. Reviewed amendment applied. Legacy ID: ORG-001. Source locator and limits: The report identifies BPS as an African energy-technology start-up operating in Nigeria and describes its grid-management software. The single-country headquarters field remains unresolved.
asrt_c4110ced08d67824,product,prod_002,name,Adora,src_3cbec379ee14aa70,independently_evidenced,ai_assisted_research,batch_001_source_review_2026_07_30,kaykluz,2026-07-30,,,"Human reviewed in Batch 001. Legacy ID: PROD-002. Source locator and limits: Proparco names Adora as a BPS product and describes billing, outage management and predictive-maintenance functions in the Abuja deployment."
asrt_c7069468e5da4550,product,prod_005,claimed_availability,Northern and Southern Nigeria; customers unnamed,src_b0a509af628fb050,provider_claim_only,ai_assisted_research,batch_001_source_review_2026_07_30,kaykluz,2026-07-30,,,Human reviewed in Batch 001. Legacy ID: PROD-005. Source locator and limits: The article attributes this statement to the founder. It is retained as claimed availability and must not be counted as a deployment.
asrt_cd3e5efa923b5570,product,prod_003,primary_category_id,cat_retail_metering_billing_payments,src_3cbec379ee14aa70,independently_evidenced,ai_assisted_research,batch_001_source_review_2026_07_30,kaykluz,2026-07-30,,,"Human reviewed in Batch 001. Legacy ID: PROD-003. Source locator and limits: Proparco names Xepp and describes consumption tracking, transactions and renewable-energy offers."
asrt_d1c44a81414b0c28,deployment,dep_002,country_iso2,NG,src_3cbec379ee14aa70,independently_evidenced,ai_assisted_research,batch_001_source_review_2026_07_30,kaykluz,2026-07-30,,,"Human reviewed in Batch 001. Legacy ID: DEP-002. Source locator and limits: Proparco’s Abuja report names Adora, BPS and AEDC and describes the deployed product range. Includes comment from AEDC’s Director of Regulation and Efficiency."
asrt_d5fcca1e85edf1d2,deployment,dep_004,country_iso2,NG,src_91c1fac8b3e57eb7,public_source,ai_assisted_research,batch_001_source_review_2026_07_30,kaykluz,2026-07-30,,,Human reviewed in Batch 001. Reviewed amendment applied. Legacy ID: DEP-004. Source locator and limits: Digital Energy states that PAM-AI is implemented by four unnamed mini-grid developers in Nigeria. The record remains country-level and the customers remain undisclosed.
asrt_d6d03ea5ddc85b0e,deployment,dep_004,location_precision,country,src_91c1fac8b3e57eb7,public_source,ai_assisted_research,batch_001_source_review_2026_07_30,kaykluz,2026-07-30,,,Human reviewed in Batch 001. Reviewed amendment applied. Legacy ID: DEP-004. Source locator and limits: Digital Energy states that PAM-AI is implemented by four unnamed mini-grid developers in Nigeria. The record remains country-level and the customers remain undisclosed.
asrt_d866a7821f95268c,deployment,dep_003,lifecycle_status,active,src_91c1fac8b3e57eb7,public_source,ai_assisted_research,batch_001_source_review_2026_07_30,kaykluz,2026-07-30,,,"Human reviewed in Batch 001. Reviewed amendment applied. Legacy ID: DEP-003. Source locator and limits: Digital Energy states that PAM-AI created demand-side-response programmes for KEDCO in Nigeria and labels the 2025 project a scale-up with active deployments. This is programme evidence, not customer confirmation."
asrt_dc00645d1b14dafa,product,prod_003,access_model,public_access,src_b2ee9354fd0f5ade,provider_claim_only,ai_assisted_research,batch_001_source_review_2026_07_30,kaykluz,2026-07-30,,,Human reviewed in Batch 001. Legacy ID: PROD-003. Source locator and limits: Provider product page supports detailed functions and states the app is free to download and use.
asrt_e3d49ff3c958f06f,product,prod_003,organisation_id,org_001,src_3cbec379ee14aa70,independently_evidenced,ai_assisted_research,batch_001_source_review_2026_07_30,kaykluz,2026-07-30,,,"Human reviewed in Batch 001. Legacy ID: PROD-003. Source locator and limits: Proparco names Xepp and describes consumption tracking, transactions and renewable-energy offers."
asrt_efdfe99fac2d5dfc,deployment,dep_001,customer_name,Abuja Electricity Distribution Company (AEDC),src_3cbec379ee14aa70,independently_evidenced,ai_assisted_research,batch_001_source_review_2026_07_30,kaykluz,2026-07-30,,,"Human reviewed in Batch 001. Legacy ID: DEP-001. Source locator and limits: Proparco’s Abuja report names CAIMS, BPS and AEDC and describes the live field-mapping/digital-twin implementation. Includes comment from AEDC’s Director of Regulation and Efficiency."
asrt_effeed44d72ce61a,product,prod_004,access_model,not_publicly_documented,src_91c1fac8b3e57eb7,public_source,ai_assisted_research,batch_001_source_review_2026_07_30,kaykluz,2026-07-30,,,Human reviewed in Batch 001. Reviewed amendment applied. Legacy ID: PROD-004. Source locator and limits: Commercial-service classification remains an editorial interpretation of a utility-facing implementation; pricing is not published.
asrt_f0623dbb92df930b,deployment,dep_004,customer_disclosure,undisclosed,src_91c1fac8b3e57eb7,public_source,ai_assisted_research,batch_001_source_review_2026_07_30,kaykluz,2026-07-30,,,Human reviewed in Batch 001. Reviewed amendment applied. Legacy ID: DEP-004. Source locator and limits: Digital Energy states that PAM-AI is implemented by four unnamed mini-grid developers in Nigeria. The record remains country-level and the customers remain undisclosed.
asrt_f1cfb5ef55395736,product,prod_002,organisation_id,org_001,src_3cbec379ee14aa70,independently_evidenced,ai_assisted_research,batch_001_source_review_2026_07_30,kaykluz,2026-07-30,,,"Human reviewed in Batch 001. Legacy ID: PROD-002. Source locator and limits: Proparco names Adora as a BPS product and describes billing, outage management and predictive-maintenance functions in the Abuja deployment."
asrt_f2b8c24777b2382d,product,prod_004,description,"Real-time monitoring, smart tariffs, remote device control, payment integration and demand response",src_91c1fac8b3e57eb7,public_source,ai_assisted_research,batch_001_source_review_2026_07_30,kaykluz,2026-07-30,,,"Human reviewed in Batch 001. Reviewed amendment applied. Legacy ID: PROD-004. Source locator and limits: Official programme profile names PAM-AI, documents functions and labels the project a scale-up with active deployments."
asrt_f40d53ee1910124d,product,prod_002,lifecycle_status,active,src_3cbec379ee14aa70,independently_evidenced,ai_assisted_research,batch_001_source_review_2026_07_30,kaykluz,2026-07-30,,,"Human reviewed in Batch 001. Legacy ID: PROD-002. Source locator and limits: Proparco names Adora as a BPS product and describes billing, outage management and predictive-maintenance functions in the Abuja deployment."
asrt_f4f5659480dc0dd5,deployment,dep_003,customer_disclosure,named,src_91c1fac8b3e57eb7,public_source,ai_assisted_research,batch_001_source_review_2026_07_30,kaykluz,2026-07-30,,,"Human reviewed in Batch 001. Reviewed amendment applied. Legacy ID: DEP-003. Source locator and limits: Digital Energy states that PAM-AI created demand-side-response programmes for KEDCO in Nigeria and labels the 2025 project a scale-up with active deployments. This is programme evidence, not customer confirmation."
asrt_f88d97e5d33e8545,product,prod_001,primary_category_id,cat_distribution_utility_operations,src_3cbec379ee14aa70,independently_evidenced,ai_assisted_research,batch_001_source_review_2026_07_30,kaykluz,2026-07-30,,,Human reviewed in Batch 001. Legacy ID: PROD-001. Source locator and limits: Proparco names CAIMS as BPS’s field-mapping and digital-twin building block and documents its current use in Abuja.
asrt_faac90d14181c8a5,product,prod_001,organisation_id,org_001,src_3cbec379ee14aa70,independently_evidenced,ai_assisted_research,batch_001_source_review_2026_07_30,kaykluz,2026-07-30,,,Human reviewed in Batch 001. Legacy ID: PROD-001. Source locator and limits: Proparco names CAIMS as BPS’s field-mapping and digital-twin building block and documents its current use in Abuja.
asrt_fb51174ce4890ebd,deployment,dep_001,started_year,2023,src_72a68084f5f1f2f3,independently_evidenced,ai_assisted_research,batch_001_source_review_2026_07_30,kaykluz,2026-07-30,,,Human reviewed in Batch 001. Legacy ID: DEP-001. Source locator and limits: AFD states that programme support for the AEDC–BPS partnership began in 2023.
asrt_fbd934f9a67f1d7e,deployment,dep_002,customer_disclosure,named,src_3cbec379ee14aa70,independently_evidenced,ai_assisted_research,batch_001_source_review_2026_07_30,kaykluz,2026-07-30,,,"Human reviewed in Batch 001. Legacy ID: DEP-002. Source locator and limits: Proparco’s Abuja report names Adora, BPS and AEDC and describes the deployed product range. Includes comment from AEDC’s Director of Regulation and Efficiency."
